"","theloopcount","wash_6_volume_recipient","wash_7_frequence_recipient","volume_total_par_recipient","X_index","X_parent_table_name","X_parent_index","X_submission__id","X_submission__uuid","X_submission__submission_time","X_submission__validation_status","MERGED_FROM_FILE"
"1",1,20,1,20,1,"Questionnaire MSNA - HH",1,60236936,"8ac91acb-1ac9-444c-a856-2e5c3ae99bd3","2019-07-01T16:29:46",NA,"loop_bidons_test_OK_0701"
"2",2,20,1,20,2,"Questionnaire MSNA - HH",1,60236936,"8ac91acb-1ac9-444c-a856-2e5c3ae99bd3","2019-07-01T16:29:46",NA,"loop_bidons_test_OK_0701"
"3",3,20,1,20,3,"Questionnaire MSNA - HH",1,60236936,"8ac91acb-1ac9-444c-a856-2e5c3ae99bd3","2019-07-01T16:29:46",NA,"loop_bidons_test_OK_0701"
"4",4,20,1,20,4,"Questionnaire MSNA - HH",1,60236936,"8ac91acb-1ac9-444c-a856-2e5c3ae99bd3","2019-07-01T16:29:46",NA,"loop_bidons_test_OK_0701"
"5",5,20,1,20,5,"Questionnaire MSNA - HH",1,60236936,"8ac91acb-1ac9-444c-a856-2e5c3ae99bd3","2019-07-01T16:29:46",NA,"loop_bidons_test_OK_0701"
"6",6,20,1,20,6,"Questionnaire MSNA - HH",1,60236936,"8ac91acb-1ac9-444c-a856-2e5c3ae99bd3","2019-07-01T16:29:46",NA,"loop_bidons_test_OK_0701"
"7",7,20,1,20,7,"Questionnaire MSNA - HH",1,60236936,"8ac91acb-1ac9-444c-a856-2e5c3ae99bd3","2019-07-01T16:29:46",NA,"loop_bidons_test_OK_0701"
"8",1,20,1,20,8,"Questionnaire MSNA - HH",2,60237208,"f5310eb4-77b5-4deb-be47-01f6d95e0f27","2019-07-01T16:30:58",NA,"loop_bidons_test_OK_0701"
"9",2,20,1,20,9,"Questionnaire MSNA - HH",2,60237208,"f5310eb4-77b5-4deb-be47-01f6d95e0f27","2019-07-01T16:30:58",NA,"loop_bidons_test_OK_0701"
"10",3,20,1,20,10,"Questionnaire MSNA - HH",2,60237208,"f5310eb4-77b5-4deb-be47-01f6d95e0f27","2019-07-01T16:30:58",NA,"loop_bidons_test_OK_0701"
"11",4,20,1,20,11,"Questionnaire MSNA - HH",2,60237208,"f5310eb4-77b5-4deb-be47-01f6d95e0f27","2019-07-01T16:30:58",NA,"loop_bidons_test_OK_0701"
"12",1,20,20,400,12,"Questionnaire MSNA - HH",3,60242287,"35ac5841-d3cc-44d1-9143-b83af1c8dc58","2019-07-01T17:09:35",NA,"loop_bidons_test_OK_0701"
"13",2,20,20,400,13,"Questionnaire MSNA - HH",3,60242287,"35ac5841-d3cc-44d1-9143-b83af1c8dc58","2019-07-01T17:09:35",NA,"loop_bidons_test_OK_0701"
"14",3,20,20,400,14,"Questionnaire MSNA - HH",3,60242287,"35ac5841-d3cc-44d1-9143-b83af1c8dc58","2019-07-01T17:09:35",NA,"loop_bidons_test_OK_0701"
"15",4,20,20,400,15,"Questionnaire MSNA - HH",3,60242287,"35ac5841-d3cc-44d1-9143-b83af1c8dc58","2019-07-01T17:09:35",NA,"loop_bidons_test_OK_0701"
"16",5,20,30,600,16,"Questionnaire MSNA - HH",3,60242287,"35ac5841-d3cc-44d1-9143-b83af1c8dc58","2019-07-01T17:09:35",NA,"loop_bidons_test_OK_0701"
"17",6,25,20,500,17,"Questionnaire MSNA - HH",3,60242287,"35ac5841-d3cc-44d1-9143-b83af1c8dc58","2019-07-01T17:09:35",NA,"loop_bidons_test_OK_0701"
"18",7,20,15,300,18,"Questionnaire MSNA - HH",3,60242287,"35ac5841-d3cc-44d1-9143-b83af1c8dc58","2019-07-01T17:09:35",NA,"loop_bidons_test_OK_0701"
"19",1,20,23,460,19,"Questionnaire MSNA - HH",4,60242284,"3dab724d-1a91-4697-aaad-87f668b37168","2019-07-01T17:09:33",NA,"loop_bidons_test_OK_0701"
"20",2,23,23,529,20,"Questionnaire MSNA - HH",4,60242284,"3dab724d-1a91-4697-aaad-87f668b37168","2019-07-01T17:09:33",NA,"loop_bidons_test_OK_0701"
"21",3,23,23,529,21,"Questionnaire MSNA - HH",4,60242284,"3dab724d-1a91-4697-aaad-87f668b37168","2019-07-01T17:09:33",NA,"loop_bidons_test_OK_0701"
"22",4,23,23,529,22,"Questionnaire MSNA - HH",4,60242284,"3dab724d-1a91-4697-aaad-87f668b37168","2019-07-01T17:09:33",NA,"loop_bidons_test_OK_0701"
"23",5,23,23,529,23,"Questionnaire MSNA - HH",4,60242284,"3dab724d-1a91-4697-aaad-87f668b37168","2019-07-01T17:09:33",NA,"loop_bidons_test_OK_0701"
"24",6,23,23,529,24,"Questionnaire MSNA - HH",4,60242284,"3dab724d-1a91-4697-aaad-87f668b37168","2019-07-01T17:09:33",NA,"loop_bidons_test_OK_0701"
"25",7,15,15,225,25,"Questionnaire MSNA - HH",4,60242284,"3dab724d-1a91-4697-aaad-87f668b37168","2019-07-01T17:09:33",NA,"loop_bidons_test_OK_0701"
"26",8,15,10,150,26,"Questionnaire MSNA - HH",4,60242284,"3dab724d-1a91-4697-aaad-87f668b37168","2019-07-01T17:09:33",NA,"loop_bidons_test_OK_0701"
"27",1,25,1,25,27,"Questionnaire MSNA - HH",5,60242026,"882c35fb-490f-47ed-9064-1fbd4c0bb10c","2019-07-01T17:06:45",NA,"loop_bidons_test_OK_0701"
"28",2,25,1,25,28,"Questionnaire MSNA - HH",5,60242026,"882c35fb-490f-47ed-9064-1fbd4c0bb10c","2019-07-01T17:06:45",NA,"loop_bidons_test_OK_0701"
"29",3,20,1,20,29,"Questionnaire MSNA - HH",5,60242026,"882c35fb-490f-47ed-9064-1fbd4c0bb10c","2019-07-01T17:06:45",NA,"loop_bidons_test_OK_0701"
"30",4,25,1,25,30,"Questionnaire MSNA - HH",5,60242026,"882c35fb-490f-47ed-9064-1fbd4c0bb10c","2019-07-01T17:06:45",NA,"loop_bidons_test_OK_0701"
"31",5,20,1,20,31,"Questionnaire MSNA - HH",5,60242026,"882c35fb-490f-47ed-9064-1fbd4c0bb10c","2019-07-01T17:06:45",NA,"loop_bidons_test_OK_0701"
"32",6,25,1,25,32,"Questionnaire MSNA - HH",5,60242026,"882c35fb-490f-47ed-9064-1fbd4c0bb10c","2019-07-01T17:06:45",NA,"loop_bidons_test_OK_0701"
"33",7,20,1,20,33,"Questionnaire MSNA - HH",5,60242026,"882c35fb-490f-47ed-9064-1fbd4c0bb10c","2019-07-01T17:06:45",NA,"loop_bidons_test_OK_0701"
"34",8,20,1,20,34,"Questionnaire MSNA - HH",5,60242026,"882c35fb-490f-47ed-9064-1fbd4c0bb10c","2019-07-01T17:06:45",NA,"loop_bidons_test_OK_0701"
"35",9,20,1,20,35,"Questionnaire MSNA - HH",5,60242026,"882c35fb-490f-47ed-9064-1fbd4c0bb10c","2019-07-01T17:06:45",NA,"loop_bidons_test_OK_0701"
"36",10,25,1,25,36,"Questionnaire MSNA - HH",5,60242026,"882c35fb-490f-47ed-9064-1fbd4c0bb10c","2019-07-01T17:06:45",NA,"loop_bidons_test_OK_0701"
"37",11,20,1,20,37,"Questionnaire MSNA - HH",5,60242026,"882c35fb-490f-47ed-9064-1fbd4c0bb10c","2019-07-01T17:06:45",NA,"loop_bidons_test_OK_0701"
"38",12,25,1,25,38,"Questionnaire MSNA - HH",5,60242026,"882c35fb-490f-47ed-9064-1fbd4c0bb10c","2019-07-01T17:06:45",NA,"loop_bidons_test_OK_0701"
"39",13,20,1,20,39,"Questionnaire MSNA - HH",5,60242026,"882c35fb-490f-47ed-9064-1fbd4c0bb10c","2019-07-01T17:06:45",NA,"loop_bidons_test_OK_0701"
"40",1,20,1,20,40,"Questionnaire MSNA - HH",6,60241990,"15cb55bc-35be-4a3f-9478-42ce88d85d4a","2019-07-01T17:06:29",NA,"loop_bidons_test_OK_0701"
"41",2,20,1,20,41,"Questionnaire MSNA - HH",6,60241990,"15cb55bc-35be-4a3f-9478-42ce88d85d4a","2019-07-01T17:06:29",NA,"loop_bidons_test_OK_0701"
"42",3,20,1,20,42,"Questionnaire MSNA - HH",6,60241990,"15cb55bc-35be-4a3f-9478-42ce88d85d4a","2019-07-01T17:06:29",NA,"loop_bidons_test_OK_0701"
"43",4,20,1,20,43,"Questionnaire MSNA - HH",6,60241990,"15cb55bc-35be-4a3f-9478-42ce88d85d4a","2019-07-01T17:06:29",NA,"loop_bidons_test_OK_0701"
"44",5,20,1,20,44,"Questionnaire MSNA - HH",6,60241990,"15cb55bc-35be-4a3f-9478-42ce88d85d4a","2019-07-01T17:06:29",NA,"loop_bidons_test_OK_0701"
"45",6,20,1,20,45,"Questionnaire MSNA - HH",6,60241990,"15cb55bc-35be-4a3f-9478-42ce88d85d4a","2019-07-01T17:06:29",NA,"loop_bidons_test_OK_0701"
"46",7,25,1,25,46,"Questionnaire MSNA - HH",6,60241990,"15cb55bc-35be-4a3f-9478-42ce88d85d4a","2019-07-01T17:06:29",NA,"loop_bidons_test_OK_0701"
"47",8,25,1,25,47,"Questionnaire MSNA - HH",6,60241990,"15cb55bc-35be-4a3f-9478-42ce88d85d4a","2019-07-01T17:06:29",NA,"loop_bidons_test_OK_0701"
"48",9,25,1,25,48,"Questionnaire MSNA - HH",6,60241990,"15cb55bc-35be-4a3f-9478-42ce88d85d4a","2019-07-01T17:06:29",NA,"loop_bidons_test_OK_0701"
"49",10,25,1,25,49,"Questionnaire MSNA - HH",6,60241990,"15cb55bc-35be-4a3f-9478-42ce88d85d4a","2019-07-01T17:06:29",NA,"loop_bidons_test_OK_0701"
"50",11,25,1,25,50,"Questionnaire MSNA - HH",6,60241990,"15cb55bc-35be-4a3f-9478-42ce88d85d4a","2019-07-01T17:06:29",NA,"loop_bidons_test_OK_0701"
"51",12,25,1,25,51,"Questionnaire MSNA - HH",6,60241990,"15cb55bc-35be-4a3f-9478-42ce88d85d4a","2019-07-01T17:06:29",NA,"loop_bidons_test_OK_0701"
"52",1,20,1,20,52,"Questionnaire MSNA - HH",7,60241771,"7439d8b0-de34-4af3-a0b8-af46588b630f","2019-07-01T17:04:40",NA,"loop_bidons_test_OK_0701"
"53",2,20,1,20,53,"Questionnaire MSNA - HH",7,60241771,"7439d8b0-de34-4af3-a0b8-af46588b630f","2019-07-01T17:04:40",NA,"loop_bidons_test_OK_0701"
"54",3,20,1,20,54,"Questionnaire MSNA - HH",7,60241771,"7439d8b0-de34-4af3-a0b8-af46588b630f","2019-07-01T17:04:40",NA,"loop_bidons_test_OK_0701"
"55",4,60,1,60,55,"Questionnaire MSNA - HH",7,60241771,"7439d8b0-de34-4af3-a0b8-af46588b630f","2019-07-01T17:04:40",NA,"loop_bidons_test_OK_0701"
"56",1,20,1,20,56,"Questionnaire MSNA - HH",8,60241757,"b6dd5aff-1917-4b23-8091-2e98b8ba1b6f","2019-07-01T17:04:31",NA,"loop_bidons_test_OK_0701"
"57",2,20,1,20,57,"Questionnaire MSNA - HH",8,60241757,"b6dd5aff-1917-4b23-8091-2e98b8ba1b6f","2019-07-01T17:04:31",NA,"loop_bidons_test_OK_0701"
"58",3,20,1,20,58,"Questionnaire MSNA - HH",8,60241757,"b6dd5aff-1917-4b23-8091-2e98b8ba1b6f","2019-07-01T17:04:31",NA,"loop_bidons_test_OK_0701"
"59",4,20,1,20,59,"Questionnaire MSNA - HH",8,60241757,"b6dd5aff-1917-4b23-8091-2e98b8ba1b6f","2019-07-01T17:04:31",NA,"loop_bidons_test_OK_0701"
"60",5,20,1,20,60,"Questionnaire MSNA - HH",8,60241757,"b6dd5aff-1917-4b23-8091-2e98b8ba1b6f","2019-07-01T17:04:31",NA,"loop_bidons_test_OK_0701"
"61",6,20,1,20,61,"Questionnaire MSNA - HH",8,60241757,"b6dd5aff-1917-4b23-8091-2e98b8ba1b6f","2019-07-01T17:04:31",NA,"loop_bidons_test_OK_0701"
"62",7,25,1,25,62,"Questionnaire MSNA - HH",8,60241757,"b6dd5aff-1917-4b23-8091-2e98b8ba1b6f","2019-07-01T17:04:31",NA,"loop_bidons_test_OK_0701"
"63",8,25,1,25,63,"Questionnaire MSNA - HH",8,60241757,"b6dd5aff-1917-4b23-8091-2e98b8ba1b6f","2019-07-01T17:04:31",NA,"loop_bidons_test_OK_0701"
"64",9,25,1,25,64,"Questionnaire MSNA - HH",8,60241757,"b6dd5aff-1917-4b23-8091-2e98b8ba1b6f","2019-07-01T17:04:31",NA,"loop_bidons_test_OK_0701"
"65",10,25,1,25,65,"Questionnaire MSNA - HH",8,60241757,"b6dd5aff-1917-4b23-8091-2e98b8ba1b6f","2019-07-01T17:04:31",NA,"loop_bidons_test_OK_0701"
"66",1,20,1,20,66,"Questionnaire MSNA - HH",9,60241630,"79b45c4a-c0f5-4566-8b94-40544b9f9d27","2019-07-01T17:02:37",NA,"loop_bidons_test_OK_0701"
"67",2,20,1,20,67,"Questionnaire MSNA - HH",9,60241630,"79b45c4a-c0f5-4566-8b94-40544b9f9d27","2019-07-01T17:02:37",NA,"loop_bidons_test_OK_0701"
"68",3,20,1,20,68,"Questionnaire MSNA - HH",9,60241630,"79b45c4a-c0f5-4566-8b94-40544b9f9d27","2019-07-01T17:02:37",NA,"loop_bidons_test_OK_0701"
"69",4,20,1,20,69,"Questionnaire MSNA - HH",9,60241630,"79b45c4a-c0f5-4566-8b94-40544b9f9d27","2019-07-01T17:02:37",NA,"loop_bidons_test_OK_0701"
"70",5,20,1,20,70,"Questionnaire MSNA - HH",9,60241630,"79b45c4a-c0f5-4566-8b94-40544b9f9d27","2019-07-01T17:02:37",NA,"loop_bidons_test_OK_0701"
"71",6,20,1,20,71,"Questionnaire MSNA - HH",9,60241630,"79b45c4a-c0f5-4566-8b94-40544b9f9d27","2019-07-01T17:02:37",NA,"loop_bidons_test_OK_0701"
"72",7,20,1,20,72,"Questionnaire MSNA - HH",9,60241630,"79b45c4a-c0f5-4566-8b94-40544b9f9d27","2019-07-01T17:02:37",NA,"loop_bidons_test_OK_0701"
"73",8,20,1,20,73,"Questionnaire MSNA - HH",9,60241630,"79b45c4a-c0f5-4566-8b94-40544b9f9d27","2019-07-01T17:02:37",NA,"loop_bidons_test_OK_0701"
"74",9,20,1,20,74,"Questionnaire MSNA - HH",9,60241630,"79b45c4a-c0f5-4566-8b94-40544b9f9d27","2019-07-01T17:02:37",NA,"loop_bidons_test_OK_0701"
"75",10,20,1,20,75,"Questionnaire MSNA - HH",9,60241630,"79b45c4a-c0f5-4566-8b94-40544b9f9d27","2019-07-01T17:02:37",NA,"loop_bidons_test_OK_0701"
"76",1,20,1,20,76,"Questionnaire MSNA - HH",10,60241623,"b6556063-ade4-46bc-9cb5-f204437d6800","2019-07-01T17:02:31",NA,"loop_bidons_test_OK_0701"
"77",2,20,1,20,77,"Questionnaire MSNA - HH",10,60241623,"b6556063-ade4-46bc-9cb5-f204437d6800","2019-07-01T17:02:31",NA,"loop_bidons_test_OK_0701"
"78",3,20,1,20,78,"Questionnaire MSNA - HH",10,60241623,"b6556063-ade4-46bc-9cb5-f204437d6800","2019-07-01T17:02:31",NA,"loop_bidons_test_OK_0701"
"79",4,20,1,20,79,"Questionnaire MSNA - HH",10,60241623,"b6556063-ade4-46bc-9cb5-f204437d6800","2019-07-01T17:02:31",NA,"loop_bidons_test_OK_0701"
"80",5,20,1,20,80,"Questionnaire MSNA - HH",10,60241623,"b6556063-ade4-46bc-9cb5-f204437d6800","2019-07-01T17:02:31",NA,"loop_bidons_test_OK_0701"
"81",6,20,1,20,81,"Questionnaire MSNA - HH",10,60241623,"b6556063-ade4-46bc-9cb5-f204437d6800","2019-07-01T17:02:31",NA,"loop_bidons_test_OK_0701"
"82",7,20,1,20,82,"Questionnaire MSNA - HH",10,60241623,"b6556063-ade4-46bc-9cb5-f204437d6800","2019-07-01T17:02:31",NA,"loop_bidons_test_OK_0701"
"83",8,20,1,20,83,"Questionnaire MSNA - HH",10,60241623,"b6556063-ade4-46bc-9cb5-f204437d6800","2019-07-01T17:02:31",NA,"loop_bidons_test_OK_0701"
"84",1,20,1,20,84,"Questionnaire MSNA - HH",11,60241378,"efebd55d-951a-43a5-9509-bb671336665c","2019-07-01T17:00:33",NA,"loop_bidons_test_OK_0701"
"85",2,20,1,20,85,"Questionnaire MSNA - HH",11,60241378,"efebd55d-951a-43a5-9509-bb671336665c","2019-07-01T17:00:33",NA,"loop_bidons_test_OK_0701"
"86",3,20,1,20,86,"Questionnaire MSNA - HH",11,60241378,"efebd55d-951a-43a5-9509-bb671336665c","2019-07-01T17:00:33",NA,"loop_bidons_test_OK_0701"
"87",4,20,1,20,87,"Questionnaire MSNA - HH",11,60241378,"efebd55d-951a-43a5-9509-bb671336665c","2019-07-01T17:00:33",NA,"loop_bidons_test_OK_0701"
"88",1,20,1,20,88,"Questionnaire MSNA - HH",12,60241218,"33f1707e-0f43-471a-b7de-5c831c65ff7b","2019-07-01T16:58:54",NA,"loop_bidons_test_OK_0701"
"89",2,20,1,20,89,"Questionnaire MSNA - HH",12,60241218,"33f1707e-0f43-471a-b7de-5c831c65ff7b","2019-07-01T16:58:54",NA,"loop_bidons_test_OK_0701"
"90",3,25,1,25,90,"Questionnaire MSNA - HH",12,60241218,"33f1707e-0f43-471a-b7de-5c831c65ff7b","2019-07-01T16:58:54",NA,"loop_bidons_test_OK_0701"
"91",4,25,1,25,91,"Questionnaire MSNA - HH",12,60241218,"33f1707e-0f43-471a-b7de-5c831c65ff7b","2019-07-01T16:58:54",NA,"loop_bidons_test_OK_0701"
"92",5,25,1,25,92,"Questionnaire MSNA - HH",12,60241218,"33f1707e-0f43-471a-b7de-5c831c65ff7b","2019-07-01T16:58:54",NA,"loop_bidons_test_OK_0701"
"93",6,25,1,25,93,"Questionnaire MSNA - HH",12,60241218,"33f1707e-0f43-471a-b7de-5c831c65ff7b","2019-07-01T16:58:54",NA,"loop_bidons_test_OK_0701"
"94",7,25,1,25,94,"Questionnaire MSNA - HH",12,60241218,"33f1707e-0f43-471a-b7de-5c831c65ff7b","2019-07-01T16:58:54",NA,"loop_bidons_test_OK_0701"
"95",8,25,1,25,95,"Questionnaire MSNA - HH",12,60241218,"33f1707e-0f43-471a-b7de-5c831c65ff7b","2019-07-01T16:58:54",NA,"loop_bidons_test_OK_0701"
"96",1,20,1,20,96,"Questionnaire MSNA - HH",13,60241002,"309a3cfb-650c-46be-ae93-f9545ff640b5","2019-07-01T16:57:08",NA,"loop_bidons_test_OK_0701"
"97",2,20,1,20,97,"Questionnaire MSNA - HH",13,60241002,"309a3cfb-650c-46be-ae93-f9545ff640b5","2019-07-01T16:57:08",NA,"loop_bidons_test_OK_0701"
"98",3,25,1,25,98,"Questionnaire MSNA - HH",13,60241002,"309a3cfb-650c-46be-ae93-f9545ff640b5","2019-07-01T16:57:08",NA,"loop_bidons_test_OK_0701"
"99",4,25,1,25,99,"Questionnaire MSNA - HH",13,60241002,"309a3cfb-650c-46be-ae93-f9545ff640b5","2019-07-01T16:57:08",NA,"loop_bidons_test_OK_0701"
"100",5,25,1,25,100,"Questionnaire MSNA - HH",13,60241002,"309a3cfb-650c-46be-ae93-f9545ff640b5","2019-07-01T16:57:08",NA,"loop_bidons_test_OK_0701"
"101",6,25,1,25,101,"Questionnaire MSNA - HH",13,60241002,"309a3cfb-650c-46be-ae93-f9545ff640b5","2019-07-01T16:57:08",NA,"loop_bidons_test_OK_0701"
"102",7,25,1,25,102,"Questionnaire MSNA - HH",13,60241002,"309a3cfb-650c-46be-ae93-f9545ff640b5","2019-07-01T16:57:08",NA,"loop_bidons_test_OK_0701"
"103",8,25,1,25,103,"Questionnaire MSNA - HH",13,60241002,"309a3cfb-650c-46be-ae93-f9545ff640b5","2019-07-01T16:57:08",NA,"loop_bidons_test_OK_0701"
"104",1,20,20,400,104,"Questionnaire MSNA - HH",14,60240149,"9215b6e8-ab3e-49bb-a8dc-fdbd3d9d0a4a","2019-07-01T16:53:08",NA,"loop_bidons_test_OK_0701"
"105",2,20,2,40,105,"Questionnaire MSNA - HH",14,60240149,"9215b6e8-ab3e-49bb-a8dc-fdbd3d9d0a4a","2019-07-01T16:53:08",NA,"loop_bidons_test_OK_0701"
"106",3,20,20,400,106,"Questionnaire MSNA - HH",14,60240149,"9215b6e8-ab3e-49bb-a8dc-fdbd3d9d0a4a","2019-07-01T16:53:08",NA,"loop_bidons_test_OK_0701"
"107",1,20,1,20,107,"Questionnaire MSNA - HH",15,60239428,"368f1e90-5a3f-4e91-b966-5c666eb2ffd2","2019-07-01T16:46:19",NA,"loop_bidons_test_OK_0701"
"108",2,20,1,20,108,"Questionnaire MSNA - HH",15,60239428,"368f1e90-5a3f-4e91-b966-5c666eb2ffd2","2019-07-01T16:46:19",NA,"loop_bidons_test_OK_0701"
"109",3,20,1,20,109,"Questionnaire MSNA - HH",15,60239428,"368f1e90-5a3f-4e91-b966-5c666eb2ffd2","2019-07-01T16:46:19",NA,"loop_bidons_test_OK_0701"
"110",4,20,1,20,110,"Questionnaire MSNA - HH",15,60239428,"368f1e90-5a3f-4e91-b966-5c666eb2ffd2","2019-07-01T16:46:19",NA,"loop_bidons_test_OK_0701"
"111",5,20,1,20,111,"Questionnaire MSNA - HH",15,60239428,"368f1e90-5a3f-4e91-b966-5c666eb2ffd2","2019-07-01T16:46:19",NA,"loop_bidons_test_OK_0701"
"112",1,20,1,20,112,"Questionnaire MSNA - HH",16,60239424,"058b16b6-8b09-4a95-83bf-83c2273ce31a","2019-07-01T16:46:15",NA,"loop_bidons_test_OK_0701"
"113",2,20,1,20,113,"Questionnaire MSNA - HH",16,60239424,"058b16b6-8b09-4a95-83bf-83c2273ce31a","2019-07-01T16:46:15",NA,"loop_bidons_test_OK_0701"
"114",3,20,1,20,114,"Questionnaire MSNA - HH",16,60239424,"058b16b6-8b09-4a95-83bf-83c2273ce31a","2019-07-01T16:46:15",NA,"loop_bidons_test_OK_0701"
"115",4,20,1,20,115,"Questionnaire MSNA - HH",16,60239424,"058b16b6-8b09-4a95-83bf-83c2273ce31a","2019-07-01T16:46:15",NA,"loop_bidons_test_OK_0701"
"116",1,20,1,20,116,"Questionnaire MSNA - HH",17,60239242,"3e99cc1e-98e3-4532-a868-7f58a93731fb","2019-07-01T16:43:29",NA,"loop_bidons_test_OK_0701"
"117",2,25,1,25,117,"Questionnaire MSNA - HH",17,60239242,"3e99cc1e-98e3-4532-a868-7f58a93731fb","2019-07-01T16:43:29",NA,"loop_bidons_test_OK_0701"
"118",3,20,1,20,118,"Questionnaire MSNA - HH",17,60239242,"3e99cc1e-98e3-4532-a868-7f58a93731fb","2019-07-01T16:43:29",NA,"loop_bidons_test_OK_0701"
"119",4,20,1,20,119,"Questionnaire MSNA - HH",17,60239242,"3e99cc1e-98e3-4532-a868-7f58a93731fb","2019-07-01T16:43:29",NA,"loop_bidons_test_OK_0701"
"120",5,20,1,20,120,"Questionnaire MSNA - HH",17,60239242,"3e99cc1e-98e3-4532-a868-7f58a93731fb","2019-07-01T16:43:29",NA,"loop_bidons_test_OK_0701"
"121",6,20,1,20,121,"Questionnaire MSNA - HH",17,60239242,"3e99cc1e-98e3-4532-a868-7f58a93731fb","2019-07-01T16:43:29",NA,"loop_bidons_test_OK_0701"
"122",7,20,1,20,122,"Questionnaire MSNA - HH",17,60239242,"3e99cc1e-98e3-4532-a868-7f58a93731fb","2019-07-01T16:43:29",NA,"loop_bidons_test_OK_0701"
"123",8,20,1,20,123,"Questionnaire MSNA - HH",17,60239242,"3e99cc1e-98e3-4532-a868-7f58a93731fb","2019-07-01T16:43:29",NA,"loop_bidons_test_OK_0701"
"124",9,20,1,20,124,"Questionnaire MSNA - HH",17,60239242,"3e99cc1e-98e3-4532-a868-7f58a93731fb","2019-07-01T16:43:29",NA,"loop_bidons_test_OK_0701"
"125",10,20,1,20,125,"Questionnaire MSNA - HH",17,60239242,"3e99cc1e-98e3-4532-a868-7f58a93731fb","2019-07-01T16:43:29",NA,"loop_bidons_test_OK_0701"
"126",1,200,1,200,126,"Questionnaire MSNA - HH",18,60238323,"e024f521-b0ab-41d2-8503-e668aa16531d","2019-07-01T16:38:40",NA,"loop_bidons_test_OK_0701"
"127",2,240,1,240,127,"Questionnaire MSNA - HH",18,60238323,"e024f521-b0ab-41d2-8503-e668aa16531d","2019-07-01T16:38:40",NA,"loop_bidons_test_OK_0701"
"128",3,60,1,60,128,"Questionnaire MSNA - HH",18,60238323,"e024f521-b0ab-41d2-8503-e668aa16531d","2019-07-01T16:38:40",NA,"loop_bidons_test_OK_0701"
"129",4,0,0,0,129,"Questionnaire MSNA - HH",18,60238323,"e024f521-b0ab-41d2-8503-e668aa16531d","2019-07-01T16:38:40",NA,"loop_bidons_test_OK_0701"
"130",5,0,0,0,130,"Questionnaire MSNA - HH",18,60238323,"e024f521-b0ab-41d2-8503-e668aa16531d","2019-07-01T16:38:40",NA,"loop_bidons_test_OK_0701"
"131",6,0,0,0,131,"Questionnaire MSNA - HH",18,60238323,"e024f521-b0ab-41d2-8503-e668aa16531d","2019-07-01T16:38:40",NA,"loop_bidons_test_OK_0701"
"132",7,0,0,0,132,"Questionnaire MSNA - HH",18,60238323,"e024f521-b0ab-41d2-8503-e668aa16531d","2019-07-01T16:38:40",NA,"loop_bidons_test_OK_0701"
"133",8,0,0,0,133,"Questionnaire MSNA - HH",18,60238323,"e024f521-b0ab-41d2-8503-e668aa16531d","2019-07-01T16:38:40",NA,"loop_bidons_test_OK_0701"
"134",9,0,0,0,134,"Questionnaire MSNA - HH",18,60238323,"e024f521-b0ab-41d2-8503-e668aa16531d","2019-07-01T16:38:40",NA,"loop_bidons_test_OK_0701"
"135",10,0,0,0,135,"Questionnaire MSNA - HH",18,60238323,"e024f521-b0ab-41d2-8503-e668aa16531d","2019-07-01T16:38:40",NA,"loop_bidons_test_OK_0701"
"136",11,0,0,0,136,"Questionnaire MSNA - HH",18,60238323,"e024f521-b0ab-41d2-8503-e668aa16531d","2019-07-01T16:38:40",NA,"loop_bidons_test_OK_0701"
"137",12,0,0,0,137,"Questionnaire MSNA - HH",18,60238323,"e024f521-b0ab-41d2-8503-e668aa16531d","2019-07-01T16:38:40",NA,"loop_bidons_test_OK_0701"
"138",13,0,0,0,138,"Questionnaire MSNA - HH",18,60238323,"e024f521-b0ab-41d2-8503-e668aa16531d","2019-07-01T16:38:40",NA,"loop_bidons_test_OK_0701"
"139",14,0,0,0,139,"Questionnaire MSNA - HH",18,60238323,"e024f521-b0ab-41d2-8503-e668aa16531d","2019-07-01T16:38:40",NA,"loop_bidons_test_OK_0701"
"140",15,0,0,0,140,"Questionnaire MSNA - HH",18,60238323,"e024f521-b0ab-41d2-8503-e668aa16531d","2019-07-01T16:38:40",NA,"loop_bidons_test_OK_0701"
"141",16,0,0,0,141,"Questionnaire MSNA - HH",18,60238323,"e024f521-b0ab-41d2-8503-e668aa16531d","2019-07-01T16:38:40",NA,"loop_bidons_test_OK_0701"
"142",17,0,0,0,142,"Questionnaire MSNA - HH",18,60238323,"e024f521-b0ab-41d2-8503-e668aa16531d","2019-07-01T16:38:40",NA,"loop_bidons_test_OK_0701"
"143",18,0,0,0,143,"Questionnaire MSNA - HH",18,60238323,"e024f521-b0ab-41d2-8503-e668aa16531d","2019-07-01T16:38:40",NA,"loop_bidons_test_OK_0701"
"144",19,0,0,0,144,"Questionnaire MSNA - HH",18,60238323,"e024f521-b0ab-41d2-8503-e668aa16531d","2019-07-01T16:38:40",NA,"loop_bidons_test_OK_0701"
"145",20,0,0,0,145,"Questionnaire MSNA - HH",18,60238323,"e024f521-b0ab-41d2-8503-e668aa16531d","2019-07-01T16:38:40",NA,"loop_bidons_test_OK_0701"
"146",1,75,1,75,146,"Questionnaire MSNA - HH",19,60238255,"afd2fd59-8da8-4022-af19-56768b57eb08","2019-07-01T16:38:24",NA,"loop_bidons_test_OK_0701"
"147",2,100,1,100,147,"Questionnaire MSNA - HH",19,60238255,"afd2fd59-8da8-4022-af19-56768b57eb08","2019-07-01T16:38:24",NA,"loop_bidons_test_OK_0701"
"148",3,40,1,40,148,"Questionnaire MSNA - HH",19,60238255,"afd2fd59-8da8-4022-af19-56768b57eb08","2019-07-01T16:38:24",NA,"loop_bidons_test_OK_0701"
"149",4,30,1,30,149,"Questionnaire MSNA - HH",19,60238255,"afd2fd59-8da8-4022-af19-56768b57eb08","2019-07-01T16:38:24",NA,"loop_bidons_test_OK_0701"
"150",5,0,0,0,150,"Questionnaire MSNA - HH",19,60238255,"afd2fd59-8da8-4022-af19-56768b57eb08","2019-07-01T16:38:24",NA,"loop_bidons_test_OK_0701"
"151",6,0,0,0,151,"Questionnaire MSNA - HH",19,60238255,"afd2fd59-8da8-4022-af19-56768b57eb08","2019-07-01T16:38:24",NA,"loop_bidons_test_OK_0701"
"152",7,0,0,0,152,"Questionnaire MSNA - HH",19,60238255,"afd2fd59-8da8-4022-af19-56768b57eb08","2019-07-01T16:38:24",NA,"loop_bidons_test_OK_0701"
"153",8,0,0,0,153,"Questionnaire MSNA - HH",19,60238255,"afd2fd59-8da8-4022-af19-56768b57eb08","2019-07-01T16:38:24",NA,"loop_bidons_test_OK_0701"
"154",9,0,0,0,154,"Questionnaire MSNA - HH",19,60238255,"afd2fd59-8da8-4022-af19-56768b57eb08","2019-07-01T16:38:24",NA,"loop_bidons_test_OK_0701"
"155",10,0,0,0,155,"Questionnaire MSNA - HH",19,60238255,"afd2fd59-8da8-4022-af19-56768b57eb08","2019-07-01T16:38:24",NA,"loop_bidons_test_OK_0701"
"156",11,0,0,0,156,"Questionnaire MSNA - HH",19,60238255,"afd2fd59-8da8-4022-af19-56768b57eb08","2019-07-01T16:38:24",NA,"loop_bidons_test_OK_0701"
"157",12,0,0,0,157,"Questionnaire MSNA - HH",19,60238255,"afd2fd59-8da8-4022-af19-56768b57eb08","2019-07-01T16:38:24",NA,"loop_bidons_test_OK_0701"
"158",1,30,2,60,158,"Questionnaire MSNA - HH",20,60239254,"3ebb2b6c-80f6-4f24-a7b2-c9da9749c496","2019-07-01T16:43:34",NA,"loop_bidons_test_OK_0701"
"159",2,30,2,60,159,"Questionnaire MSNA - HH",20,60239254,"3ebb2b6c-80f6-4f24-a7b2-c9da9749c496","2019-07-01T16:43:34",NA,"loop_bidons_test_OK_0701"
"160",3,20,1,20,160,"Questionnaire MSNA - HH",20,60239254,"3ebb2b6c-80f6-4f24-a7b2-c9da9749c496","2019-07-01T16:43:34",NA,"loop_bidons_test_OK_0701"
"161",4,20,1,20,161,"Questionnaire MSNA - HH",20,60239254,"3ebb2b6c-80f6-4f24-a7b2-c9da9749c496","2019-07-01T16:43:34",NA,"loop_bidons_test_OK_0701"
"162",5,20,1,20,162,"Questionnaire MSNA - HH",20,60239254,"3ebb2b6c-80f6-4f24-a7b2-c9da9749c496","2019-07-01T16:43:34",NA,"loop_bidons_test_OK_0701"
"163",6,20,1,20,163,"Questionnaire MSNA - HH",20,60239254,"3ebb2b6c-80f6-4f24-a7b2-c9da9749c496","2019-07-01T16:43:34",NA,"loop_bidons_test_OK_0701"
"164",7,20,1,20,164,"Questionnaire MSNA - HH",20,60239254,"3ebb2b6c-80f6-4f24-a7b2-c9da9749c496","2019-07-01T16:43:34",NA,"loop_bidons_test_OK_0701"
"165",8,20,1,20,165,"Questionnaire MSNA - HH",20,60239254,"3ebb2b6c-80f6-4f24-a7b2-c9da9749c496","2019-07-01T16:43:34",NA,"loop_bidons_test_OK_0701"
"166",9,20,1,20,166,"Questionnaire MSNA - HH",20,60239254,"3ebb2b6c-80f6-4f24-a7b2-c9da9749c496","2019-07-01T16:43:34",NA,"loop_bidons_test_OK_0701"
"167",10,20,1,20,167,"Questionnaire MSNA - HH",20,60239254,"3ebb2b6c-80f6-4f24-a7b2-c9da9749c496","2019-07-01T16:43:34",NA,"loop_bidons_test_OK_0701"
"168",1,20,2,40,168,"Questionnaire MSNA - HH",21,60239234,"ea141a79-aaaa-4887-8276-79ba9312beb9","2019-07-01T16:43:25",NA,"loop_bidons_test_OK_0701"
"169",2,12,3,36,169,"Questionnaire MSNA - HH",21,60239234,"ea141a79-aaaa-4887-8276-79ba9312beb9","2019-07-01T16:43:25",NA,"loop_bidons_test_OK_0701"
"170",3,25,3,75,170,"Questionnaire MSNA - HH",21,60239234,"ea141a79-aaaa-4887-8276-79ba9312beb9","2019-07-01T16:43:25",NA,"loop_bidons_test_OK_0701"
"171",1,20,1,20,171,"Questionnaire MSNA - HH",22,59930669,"21d2cd35-2e43-43b9-951e-06f84cd1069c","2019-06-28T13:51:04",NA,"loop_bidons_test_OK_0701"
"172",2,20,1,20,172,"Questionnaire MSNA - HH",22,59930669,"21d2cd35-2e43-43b9-951e-06f84cd1069c","2019-06-28T13:51:04",NA,"loop_bidons_test_OK_0701"
"173",3,20,1,20,173,"Questionnaire MSNA - HH",22,59930669,"21d2cd35-2e43-43b9-951e-06f84cd1069c","2019-06-28T13:51:04",NA,"loop_bidons_test_OK_0701"
"174",4,15,1,15,174,"Questionnaire MSNA - HH",22,59930669,"21d2cd35-2e43-43b9-951e-06f84cd1069c","2019-06-28T13:51:04",NA,"loop_bidons_test_OK_0701"
"175",1,20,1,20,175,"Questionnaire MSNA - HH",23,60234631,"81a42ed7-ec56-4e66-bdc2-e369ee1bfde7","2019-07-01T16:19:42",NA,"loop_bidons_test_OK_0701"
"176",2,20,1,20,176,"Questionnaire MSNA - HH",23,60234631,"81a42ed7-ec56-4e66-bdc2-e369ee1bfde7","2019-07-01T16:19:42",NA,"loop_bidons_test_OK_0701"
"177",3,20,1,20,177,"Questionnaire MSNA - HH",23,60234631,"81a42ed7-ec56-4e66-bdc2-e369ee1bfde7","2019-07-01T16:19:42",NA,"loop_bidons_test_OK_0701"
"178",4,20,1,20,178,"Questionnaire MSNA - HH",23,60234631,"81a42ed7-ec56-4e66-bdc2-e369ee1bfde7","2019-07-01T16:19:42",NA,"loop_bidons_test_OK_0701"
"179",1,20,1,20,179,"Questionnaire MSNA - HH",24,60234649,"e80c5e4c-ce5c-4faf-9c67-b5a66d336990","2019-07-01T16:19:48",NA,"loop_bidons_test_OK_0701"
"180",2,20,1,20,180,"Questionnaire MSNA - HH",24,60234649,"e80c5e4c-ce5c-4faf-9c67-b5a66d336990","2019-07-01T16:19:48",NA,"loop_bidons_test_OK_0701"
"181",3,12,1,12,181,"Questionnaire MSNA - HH",24,60234649,"e80c5e4c-ce5c-4faf-9c67-b5a66d336990","2019-07-01T16:19:48",NA,"loop_bidons_test_OK_0701"
"182",4,12,1,12,182,"Questionnaire MSNA - HH",24,60234649,"e80c5e4c-ce5c-4faf-9c67-b5a66d336990","2019-07-01T16:19:48",NA,"loop_bidons_test_OK_0701"
"183",1,20,1,20,1,"Questionnaire MSNA - HH (FINAL)",1,60384234,"27c483e6-7bcf-43b7-b7dd-783ef8181a7f","2019-07-02T17:45:54",NA,"loop_bidons_test_OK_0702"
"184",2,20,1,20,2,"Questionnaire MSNA - HH (FINAL)",1,60384234,"27c483e6-7bcf-43b7-b7dd-783ef8181a7f","2019-07-02T17:45:54",NA,"loop_bidons_test_OK_0702"
"185",3,20,1,20,3,"Questionnaire MSNA - HH (FINAL)",1,60384234,"27c483e6-7bcf-43b7-b7dd-783ef8181a7f","2019-07-02T17:45:54",NA,"loop_bidons_test_OK_0702"
"186",1,20,1,20,4,"Questionnaire MSNA - HH (FINAL)",2,60384239,"4904d630-3a9e-41c2-ba4c-02f038078ec9","2019-07-02T17:45:59",NA,"loop_bidons_test_OK_0702"
"187",2,20,1,20,5,"Questionnaire MSNA - HH (FINAL)",2,60384239,"4904d630-3a9e-41c2-ba4c-02f038078ec9","2019-07-02T17:45:59",NA,"loop_bidons_test_OK_0702"
"188",3,20,1,20,6,"Questionnaire MSNA - HH (FINAL)",2,60384239,"4904d630-3a9e-41c2-ba4c-02f038078ec9","2019-07-02T17:45:59",NA,"loop_bidons_test_OK_0702"
"189",4,20,1,20,7,"Questionnaire MSNA - HH (FINAL)",2,60384239,"4904d630-3a9e-41c2-ba4c-02f038078ec9","2019-07-02T17:45:59",NA,"loop_bidons_test_OK_0702"
"190",5,20,1,20,8,"Questionnaire MSNA - HH (FINAL)",2,60384239,"4904d630-3a9e-41c2-ba4c-02f038078ec9","2019-07-02T17:45:59",NA,"loop_bidons_test_OK_0702"
"191",6,20,1,20,9,"Questionnaire MSNA - HH (FINAL)",2,60384239,"4904d630-3a9e-41c2-ba4c-02f038078ec9","2019-07-02T17:45:59",NA,"loop_bidons_test_OK_0702"
"192",7,20,1,20,10,"Questionnaire MSNA - HH (FINAL)",2,60384239,"4904d630-3a9e-41c2-ba4c-02f038078ec9","2019-07-02T17:45:59",NA,"loop_bidons_test_OK_0702"
"193",8,20,1,20,11,"Questionnaire MSNA - HH (FINAL)",2,60384239,"4904d630-3a9e-41c2-ba4c-02f038078ec9","2019-07-02T17:45:59",NA,"loop_bidons_test_OK_0702"
"194",9,20,1,20,12,"Questionnaire MSNA - HH (FINAL)",2,60384239,"4904d630-3a9e-41c2-ba4c-02f038078ec9","2019-07-02T17:45:59",NA,"loop_bidons_test_OK_0702"
"195",10,20,1,20,13,"Questionnaire MSNA - HH (FINAL)",2,60384239,"4904d630-3a9e-41c2-ba4c-02f038078ec9","2019-07-02T17:45:59",NA,"loop_bidons_test_OK_0702"
"196",1,20,1,20,14,"Questionnaire MSNA - HH (FINAL)",3,60384248,"419777a3-7f86-45bd-b0d2-ec483b40c75a","2019-07-02T17:46:03",NA,"loop_bidons_test_OK_0702"
"197",2,15,3,45,15,"Questionnaire MSNA - HH (FINAL)",3,60384248,"419777a3-7f86-45bd-b0d2-ec483b40c75a","2019-07-02T17:46:03",NA,"loop_bidons_test_OK_0702"
"198",1,25,1,25,16,"Questionnaire MSNA - HH (FINAL)",4,60384392,"d05d5015-bb7e-4320-bf52-ac633010c4fa","2019-07-02T17:48:30",NA,"loop_bidons_test_OK_0702"
"199",2,20,1,20,17,"Questionnaire MSNA - HH (FINAL)",4,60384392,"d05d5015-bb7e-4320-bf52-ac633010c4fa","2019-07-02T17:48:30",NA,"loop_bidons_test_OK_0702"
"200",3,25,1,25,18,"Questionnaire MSNA - HH (FINAL)",4,60384392,"d05d5015-bb7e-4320-bf52-ac633010c4fa","2019-07-02T17:48:30",NA,"loop_bidons_test_OK_0702"
"201",4,20,1,20,19,"Questionnaire MSNA - HH (FINAL)",4,60384392,"d05d5015-bb7e-4320-bf52-ac633010c4fa","2019-07-02T17:48:30",NA,"loop_bidons_test_OK_0702"
"202",1,20,1,20,20,"Questionnaire MSNA - HH (FINAL)",5,60384394,"25bc1b85-547c-41f6-b8d2-fb1b4076dbfe","2019-07-02T17:48:35",NA,"loop_bidons_test_OK_0702"
"203",2,20,0,0,21,"Questionnaire MSNA - HH (FINAL)",5,60384394,"25bc1b85-547c-41f6-b8d2-fb1b4076dbfe","2019-07-02T17:48:35",NA,"loop_bidons_test_OK_0702"
"204",3,20,2,40,22,"Questionnaire MSNA - HH (FINAL)",5,60384394,"25bc1b85-547c-41f6-b8d2-fb1b4076dbfe","2019-07-02T17:48:35",NA,"loop_bidons_test_OK_0702"
"205",4,20,0,0,23,"Questionnaire MSNA - HH (FINAL)",5,60384394,"25bc1b85-547c-41f6-b8d2-fb1b4076dbfe","2019-07-02T17:48:35",NA,"loop_bidons_test_OK_0702"
"206",5,20,1,20,24,"Questionnaire MSNA - HH (FINAL)",5,60384394,"25bc1b85-547c-41f6-b8d2-fb1b4076dbfe","2019-07-02T17:48:35",NA,"loop_bidons_test_OK_0702"
"207",6,20,1,20,25,"Questionnaire MSNA - HH (FINAL)",5,60384394,"25bc1b85-547c-41f6-b8d2-fb1b4076dbfe","2019-07-02T17:48:35",NA,"loop_bidons_test_OK_0702"
"208",7,20,2,40,26,"Questionnaire MSNA - HH (FINAL)",5,60384394,"25bc1b85-547c-41f6-b8d2-fb1b4076dbfe","2019-07-02T17:48:35",NA,"loop_bidons_test_OK_0702"
"209",8,20,1,20,27,"Questionnaire MSNA - HH (FINAL)",5,60384394,"25bc1b85-547c-41f6-b8d2-fb1b4076dbfe","2019-07-02T17:48:35",NA,"loop_bidons_test_OK_0702"
"210",9,20,20,400,28,"Questionnaire MSNA - HH (FINAL)",5,60384394,"25bc1b85-547c-41f6-b8d2-fb1b4076dbfe","2019-07-02T17:48:35",NA,"loop_bidons_test_OK_0702"
"211",10,20,0,0,29,"Questionnaire MSNA - HH (FINAL)",5,60384394,"25bc1b85-547c-41f6-b8d2-fb1b4076dbfe","2019-07-02T17:48:35",NA,"loop_bidons_test_OK_0702"
"212",11,20,0,0,30,"Questionnaire MSNA - HH (FINAL)",5,60384394,"25bc1b85-547c-41f6-b8d2-fb1b4076dbfe","2019-07-02T17:48:35",NA,"loop_bidons_test_OK_0702"
"213",12,20,1,20,31,"Questionnaire MSNA - HH (FINAL)",5,60384394,"25bc1b85-547c-41f6-b8d2-fb1b4076dbfe","2019-07-02T17:48:35",NA,"loop_bidons_test_OK_0702"
"214",13,20,1,20,32,"Questionnaire MSNA - HH (FINAL)",5,60384394,"25bc1b85-547c-41f6-b8d2-fb1b4076dbfe","2019-07-02T17:48:35",NA,"loop_bidons_test_OK_0702"
"215",14,20,0,0,33,"Questionnaire MSNA - HH (FINAL)",5,60384394,"25bc1b85-547c-41f6-b8d2-fb1b4076dbfe","2019-07-02T17:48:35",NA,"loop_bidons_test_OK_0702"
"216",15,20,20,400,34,"Questionnaire MSNA - HH (FINAL)",5,60384394,"25bc1b85-547c-41f6-b8d2-fb1b4076dbfe","2019-07-02T17:48:35",NA,"loop_bidons_test_OK_0702"
"217",16,0,20,0,35,"Questionnaire MSNA - HH (FINAL)",5,60384394,"25bc1b85-547c-41f6-b8d2-fb1b4076dbfe","2019-07-02T17:48:35",NA,"loop_bidons_test_OK_0702"
"218",17,0,20,0,36,"Questionnaire MSNA - HH (FINAL)",5,60384394,"25bc1b85-547c-41f6-b8d2-fb1b4076dbfe","2019-07-02T17:48:35",NA,"loop_bidons_test_OK_0702"
"219",1,20,2,40,37,"Questionnaire MSNA - HH (FINAL)",6,60384398,"a4af769d-e62f-431b-888b-5f1a9bdad498","2019-07-02T17:48:39",NA,"loop_bidons_test_OK_0702"
"220",2,20,4,80,38,"Questionnaire MSNA - HH (FINAL)",6,60384398,"a4af769d-e62f-431b-888b-5f1a9bdad498","2019-07-02T17:48:39",NA,"loop_bidons_test_OK_0702"
"221",1,20,1,20,39,"Questionnaire MSNA - HH (FINAL)",7,60384403,"fdf4a1dd-064e-48e7-a79c-3f1ef57c9be3","2019-07-02T17:48:55",NA,"loop_bidons_test_OK_0702"
"222",2,20,1,20,40,"Questionnaire MSNA - HH (FINAL)",7,60384403,"fdf4a1dd-064e-48e7-a79c-3f1ef57c9be3","2019-07-02T17:48:55",NA,"loop_bidons_test_OK_0702"
"223",3,20,1,20,41,"Questionnaire MSNA - HH (FINAL)",7,60384403,"fdf4a1dd-064e-48e7-a79c-3f1ef57c9be3","2019-07-02T17:48:55",NA,"loop_bidons_test_OK_0702"
"224",4,20,1,20,42,"Questionnaire MSNA - HH (FINAL)",7,60384403,"fdf4a1dd-064e-48e7-a79c-3f1ef57c9be3","2019-07-02T17:48:55",NA,"loop_bidons_test_OK_0702"
"225",5,20,1,20,43,"Questionnaire MSNA - HH (FINAL)",7,60384403,"fdf4a1dd-064e-48e7-a79c-3f1ef57c9be3","2019-07-02T17:48:55",NA,"loop_bidons_test_OK_0702"
"226",6,20,1,20,44,"Questionnaire MSNA - HH (FINAL)",7,60384403,"fdf4a1dd-064e-48e7-a79c-3f1ef57c9be3","2019-07-02T17:48:55",NA,"loop_bidons_test_OK_0702"
"227",7,15,1,15,45,"Questionnaire MSNA - HH (FINAL)",7,60384403,"fdf4a1dd-064e-48e7-a79c-3f1ef57c9be3","2019-07-02T17:48:55",NA,"loop_bidons_test_OK_0702"
"228",1,20,1,20,46,"Questionnaire MSNA - HH (FINAL)",8,60384408,"8f326cba-629c-410a-b9b9-c7bac7c6fec4","2019-07-02T17:48:59",NA,"loop_bidons_test_OK_0702"
"229",2,20,1,20,47,"Questionnaire MSNA - HH (FINAL)",8,60384408,"8f326cba-629c-410a-b9b9-c7bac7c6fec4","2019-07-02T17:48:59",NA,"loop_bidons_test_OK_0702"
"230",3,20,1,20,48,"Questionnaire MSNA - HH (FINAL)",8,60384408,"8f326cba-629c-410a-b9b9-c7bac7c6fec4","2019-07-02T17:48:59",NA,"loop_bidons_test_OK_0702"
"231",4,20,1,20,49,"Questionnaire MSNA - HH (FINAL)",8,60384408,"8f326cba-629c-410a-b9b9-c7bac7c6fec4","2019-07-02T17:48:59",NA,"loop_bidons_test_OK_0702"
"232",5,20,1,20,50,"Questionnaire MSNA - HH (FINAL)",8,60384408,"8f326cba-629c-410a-b9b9-c7bac7c6fec4","2019-07-02T17:48:59",NA,"loop_bidons_test_OK_0702"
"233",6,20,1,20,51,"Questionnaire MSNA - HH (FINAL)",8,60384408,"8f326cba-629c-410a-b9b9-c7bac7c6fec4","2019-07-02T17:48:59",NA,"loop_bidons_test_OK_0702"
"234",1,40,3,120,52,"Questionnaire MSNA - HH (FINAL)",9,60384425,"20f0f11c-1515-460f-bcb5-631d5ca6bd7b","2019-07-02T17:49:05",NA,"loop_bidons_test_OK_0702"
"235",2,20,2,40,53,"Questionnaire MSNA - HH (FINAL)",9,60384425,"20f0f11c-1515-460f-bcb5-631d5ca6bd7b","2019-07-02T17:49:05",NA,"loop_bidons_test_OK_0702"
"236",1,20,1,20,54,"Questionnaire MSNA - HH (FINAL)",10,60384533,"9f30686b-e5b2-4bf3-90c9-18deff39c01d","2019-07-02T17:50:49",NA,"loop_bidons_test_OK_0702"
"237",2,20,1,20,55,"Questionnaire MSNA - HH (FINAL)",10,60384533,"9f30686b-e5b2-4bf3-90c9-18deff39c01d","2019-07-02T17:50:49",NA,"loop_bidons_test_OK_0702"
"238",3,25,1,25,56,"Questionnaire MSNA - HH (FINAL)",10,60384533,"9f30686b-e5b2-4bf3-90c9-18deff39c01d","2019-07-02T17:50:49",NA,"loop_bidons_test_OK_0702"
"239",4,25,1,25,57,"Questionnaire MSNA - HH (FINAL)",10,60384533,"9f30686b-e5b2-4bf3-90c9-18deff39c01d","2019-07-02T17:50:49",NA,"loop_bidons_test_OK_0702"
"240",5,25,1,25,58,"Questionnaire MSNA - HH (FINAL)",10,60384533,"9f30686b-e5b2-4bf3-90c9-18deff39c01d","2019-07-02T17:50:49",NA,"loop_bidons_test_OK_0702"
"241",1,20,1,20,59,"Questionnaire MSNA - HH (FINAL)",11,60384537,"ef7651ee-d17b-4ff5-8c4a-4471c931a578","2019-07-02T17:50:54",NA,"loop_bidons_test_OK_0702"
"242",2,20,1,20,60,"Questionnaire MSNA - HH (FINAL)",11,60384537,"ef7651ee-d17b-4ff5-8c4a-4471c931a578","2019-07-02T17:50:54",NA,"loop_bidons_test_OK_0702"
"243",3,20,1,20,61,"Questionnaire MSNA - HH (FINAL)",11,60384537,"ef7651ee-d17b-4ff5-8c4a-4471c931a578","2019-07-02T17:50:54",NA,"loop_bidons_test_OK_0702"
"244",4,20,1,20,62,"Questionnaire MSNA - HH (FINAL)",11,60384537,"ef7651ee-d17b-4ff5-8c4a-4471c931a578","2019-07-02T17:50:54",NA,"loop_bidons_test_OK_0702"
"245",5,10,1,10,63,"Questionnaire MSNA - HH (FINAL)",11,60384537,"ef7651ee-d17b-4ff5-8c4a-4471c931a578","2019-07-02T17:50:54",NA,"loop_bidons_test_OK_0702"
"246",6,10,1,10,64,"Questionnaire MSNA - HH (FINAL)",11,60384537,"ef7651ee-d17b-4ff5-8c4a-4471c931a578","2019-07-02T17:50:54",NA,"loop_bidons_test_OK_0702"
"247",7,10,1,10,65,"Questionnaire MSNA - HH (FINAL)",11,60384537,"ef7651ee-d17b-4ff5-8c4a-4471c931a578","2019-07-02T17:50:54",NA,"loop_bidons_test_OK_0702"
"248",8,10,1,10,66,"Questionnaire MSNA - HH (FINAL)",11,60384537,"ef7651ee-d17b-4ff5-8c4a-4471c931a578","2019-07-02T17:50:54",NA,"loop_bidons_test_OK_0702"
"249",1,20,1,20,67,"Questionnaire MSNA - HH (FINAL)",12,60384543,"dabf35b0-e5e5-461a-9ac0-a2cc2a22b78d","2019-07-02T17:51:01",NA,"loop_bidons_test_OK_0702"
"250",2,20,1,20,68,"Questionnaire MSNA - HH (FINAL)",12,60384543,"dabf35b0-e5e5-461a-9ac0-a2cc2a22b78d","2019-07-02T17:51:01",NA,"loop_bidons_test_OK_0702"
"251",3,12,1,12,69,"Questionnaire MSNA - HH (FINAL)",12,60384543,"dabf35b0-e5e5-461a-9ac0-a2cc2a22b78d","2019-07-02T17:51:01",NA,"loop_bidons_test_OK_0702"
"252",4,12,1,12,70,"Questionnaire MSNA - HH (FINAL)",12,60384543,"dabf35b0-e5e5-461a-9ac0-a2cc2a22b78d","2019-07-02T17:51:01",NA,"loop_bidons_test_OK_0702"
"253",1,20,1,20,71,"Questionnaire MSNA - HH (FINAL)",13,60384563,"9f95994c-be50-4a13-a298-8abfa2ba618c","2019-07-02T17:51:31",NA,"loop_bidons_test_OK_0702"
"254",2,20,2,40,72,"Questionnaire MSNA - HH (FINAL)",13,60384563,"9f95994c-be50-4a13-a298-8abfa2ba618c","2019-07-02T17:51:31",NA,"loop_bidons_test_OK_0702"
"255",3,15,2,30,73,"Questionnaire MSNA - HH (FINAL)",13,60384563,"9f95994c-be50-4a13-a298-8abfa2ba618c","2019-07-02T17:51:31",NA,"loop_bidons_test_OK_0702"
"256",4,25,3,75,74,"Questionnaire MSNA - HH (FINAL)",13,60384563,"9f95994c-be50-4a13-a298-8abfa2ba618c","2019-07-02T17:51:31",NA,"loop_bidons_test_OK_0702"
"257",5,2,2,4,75,"Questionnaire MSNA - HH (FINAL)",13,60384563,"9f95994c-be50-4a13-a298-8abfa2ba618c","2019-07-02T17:51:31",NA,"loop_bidons_test_OK_0702"
"258",6,30,2,60,76,"Questionnaire MSNA - HH (FINAL)",13,60384563,"9f95994c-be50-4a13-a298-8abfa2ba618c","2019-07-02T17:51:31",NA,"loop_bidons_test_OK_0702"
"259",7,10,2,20,77,"Questionnaire MSNA - HH (FINAL)",13,60384563,"9f95994c-be50-4a13-a298-8abfa2ba618c","2019-07-02T17:51:31",NA,"loop_bidons_test_OK_0702"
"260",8,200,1,200,78,"Questionnaire MSNA - HH (FINAL)",13,60384563,"9f95994c-be50-4a13-a298-8abfa2ba618c","2019-07-02T17:51:31",NA,"loop_bidons_test_OK_0702"
"261",1,25,3,75,79,"Questionnaire MSNA - HH (FINAL)",14,60384564,"3a12e303-8419-43f3-978a-c7166c0010f9","2019-07-02T17:51:36",NA,"loop_bidons_test_OK_0702"
"262",2,20,3,60,80,"Questionnaire MSNA - HH (FINAL)",14,60384564,"3a12e303-8419-43f3-978a-c7166c0010f9","2019-07-02T17:51:36",NA,"loop_bidons_test_OK_0702"
"263",1,25,1,25,81,"Questionnaire MSNA - HH (FINAL)",15,60384581,"f28b8248-7205-403c-be94-5118ca3d9ed3","2019-07-02T17:52:33",NA,"loop_bidons_test_OK_0702"
"264",2,25,1,25,82,"Questionnaire MSNA - HH (FINAL)",15,60384581,"f28b8248-7205-403c-be94-5118ca3d9ed3","2019-07-02T17:52:33",NA,"loop_bidons_test_OK_0702"
"265",3,20,1,20,83,"Questionnaire MSNA - HH (FINAL)",15,60384581,"f28b8248-7205-403c-be94-5118ca3d9ed3","2019-07-02T17:52:33",NA,"loop_bidons_test_OK_0702"
"266",4,20,1,20,84,"Questionnaire MSNA - HH (FINAL)",15,60384581,"f28b8248-7205-403c-be94-5118ca3d9ed3","2019-07-02T17:52:33",NA,"loop_bidons_test_OK_0702"
"267",1,20,1,20,85,"Questionnaire MSNA - HH (FINAL)",16,60384584,"80a19b2b-e694-4fe3-a775-9afaec0c72ff","2019-07-02T17:52:38",NA,"loop_bidons_test_OK_0702"
"268",2,20,1,20,86,"Questionnaire MSNA - HH (FINAL)",16,60384584,"80a19b2b-e694-4fe3-a775-9afaec0c72ff","2019-07-02T17:52:38",NA,"loop_bidons_test_OK_0702"
"269",3,20,1,20,87,"Questionnaire MSNA - HH (FINAL)",16,60384584,"80a19b2b-e694-4fe3-a775-9afaec0c72ff","2019-07-02T17:52:38",NA,"loop_bidons_test_OK_0702"
"270",1,25,1,25,88,"Questionnaire MSNA - HH (FINAL)",17,60384597,"709c9ed3-3bd6-41fb-9f7d-16a24909551e","2019-07-02T17:52:49",NA,"loop_bidons_test_OK_0702"
"271",2,25,1,25,89,"Questionnaire MSNA - HH (FINAL)",17,60384597,"709c9ed3-3bd6-41fb-9f7d-16a24909551e","2019-07-02T17:52:49",NA,"loop_bidons_test_OK_0702"
"272",3,25,1,25,90,"Questionnaire MSNA - HH (FINAL)",17,60384597,"709c9ed3-3bd6-41fb-9f7d-16a24909551e","2019-07-02T17:52:49",NA,"loop_bidons_test_OK_0702"
"273",4,25,1,25,91,"Questionnaire MSNA - HH (FINAL)",17,60384597,"709c9ed3-3bd6-41fb-9f7d-16a24909551e","2019-07-02T17:52:49",NA,"loop_bidons_test_OK_0702"
"274",1,20,2,40,92,"Questionnaire MSNA - HH (FINAL)",18,60384606,"32fbc76f-4883-41ee-b0b8-5e9a1608ee26","2019-07-02T17:52:52",NA,"loop_bidons_test_OK_0702"
"275",2,20,2,40,93,"Questionnaire MSNA - HH (FINAL)",18,60384606,"32fbc76f-4883-41ee-b0b8-5e9a1608ee26","2019-07-02T17:52:52",NA,"loop_bidons_test_OK_0702"
"276",3,20,20,400,94,"Questionnaire MSNA - HH (FINAL)",18,60384606,"32fbc76f-4883-41ee-b0b8-5e9a1608ee26","2019-07-02T17:52:52",NA,"loop_bidons_test_OK_0702"
"277",4,20,2,40,95,"Questionnaire MSNA - HH (FINAL)",18,60384606,"32fbc76f-4883-41ee-b0b8-5e9a1608ee26","2019-07-02T17:52:52",NA,"loop_bidons_test_OK_0702"
"278",5,15,3,45,96,"Questionnaire MSNA - HH (FINAL)",18,60384606,"32fbc76f-4883-41ee-b0b8-5e9a1608ee26","2019-07-02T17:52:52",NA,"loop_bidons_test_OK_0702"
"279",1,25,1,25,97,"Questionnaire MSNA - HH (FINAL)",19,60384923,"6d4893dc-701b-4f0a-bbb9-f1de85f811c9","2019-07-02T17:56:35",NA,"loop_bidons_test_OK_0702"
"280",2,25,1,25,98,"Questionnaire MSNA - HH (FINAL)",19,60384923,"6d4893dc-701b-4f0a-bbb9-f1de85f811c9","2019-07-02T17:56:35",NA,"loop_bidons_test_OK_0702"
"281",3,20,1,20,99,"Questionnaire MSNA - HH (FINAL)",19,60384923,"6d4893dc-701b-4f0a-bbb9-f1de85f811c9","2019-07-02T17:56:35",NA,"loop_bidons_test_OK_0702"
"282",1,25,1,25,100,"Questionnaire MSNA - HH (FINAL)",20,60384933,"8342675c-3233-46ac-92e5-db0221d416fa","2019-07-02T17:56:40",NA,"loop_bidons_test_OK_0702"
"283",2,15,1,15,101,"Questionnaire MSNA - HH (FINAL)",20,60384933,"8342675c-3233-46ac-92e5-db0221d416fa","2019-07-02T17:56:40",NA,"loop_bidons_test_OK_0702"
"284",3,15,1,15,102,"Questionnaire MSNA - HH (FINAL)",20,60384933,"8342675c-3233-46ac-92e5-db0221d416fa","2019-07-02T17:56:40",NA,"loop_bidons_test_OK_0702"
"285",1,20,1,20,103,"Questionnaire MSNA - HH (FINAL)",21,60384948,"9ef7efbe-dcf4-4d8d-bd1f-fffeb53c9d1e","2019-07-02T17:56:46",NA,"loop_bidons_test_OK_0702"
"286",2,25,1,25,104,"Questionnaire MSNA - HH (FINAL)",21,60384948,"9ef7efbe-dcf4-4d8d-bd1f-fffeb53c9d1e","2019-07-02T17:56:46",NA,"loop_bidons_test_OK_0702"
"287",3,25,1,25,105,"Questionnaire MSNA - HH (FINAL)",21,60384948,"9ef7efbe-dcf4-4d8d-bd1f-fffeb53c9d1e","2019-07-02T17:56:46",NA,"loop_bidons_test_OK_0702"
"288",1,20,1,20,106,"Questionnaire MSNA - HH (FINAL)",22,60384959,"de5f7338-e462-40d4-8164-6f57d4d54b22","2019-07-02T17:56:49",NA,"loop_bidons_test_OK_0702"
"289",2,20,1,20,107,"Questionnaire MSNA - HH (FINAL)",22,60384959,"de5f7338-e462-40d4-8164-6f57d4d54b22","2019-07-02T17:56:49",NA,"loop_bidons_test_OK_0702"
"290",3,20,1,20,108,"Questionnaire MSNA - HH (FINAL)",22,60384959,"de5f7338-e462-40d4-8164-6f57d4d54b22","2019-07-02T17:56:49",NA,"loop_bidons_test_OK_0702"
"291",4,20,1,20,109,"Questionnaire MSNA - HH (FINAL)",22,60384959,"de5f7338-e462-40d4-8164-6f57d4d54b22","2019-07-02T17:56:49",NA,"loop_bidons_test_OK_0702"
"292",5,20,1,20,110,"Questionnaire MSNA - HH (FINAL)",22,60384959,"de5f7338-e462-40d4-8164-6f57d4d54b22","2019-07-02T17:56:49",NA,"loop_bidons_test_OK_0702"
"293",6,20,1,20,111,"Questionnaire MSNA - HH (FINAL)",22,60384959,"de5f7338-e462-40d4-8164-6f57d4d54b22","2019-07-02T17:56:49",NA,"loop_bidons_test_OK_0702"
"294",1,25,1,25,112,"Questionnaire MSNA - HH (FINAL)",23,60384975,"4e267d52-6719-45a4-83ce-d9c8a3230699","2019-07-02T17:56:55",NA,"loop_bidons_test_OK_0702"
"295",2,25,1,25,113,"Questionnaire MSNA - HH (FINAL)",23,60384975,"4e267d52-6719-45a4-83ce-d9c8a3230699","2019-07-02T17:56:55",NA,"loop_bidons_test_OK_0702"
"296",3,20,1,20,114,"Questionnaire MSNA - HH (FINAL)",23,60384975,"4e267d52-6719-45a4-83ce-d9c8a3230699","2019-07-02T17:56:55",NA,"loop_bidons_test_OK_0702"
"297",4,20,1,20,115,"Questionnaire MSNA - HH (FINAL)",23,60384975,"4e267d52-6719-45a4-83ce-d9c8a3230699","2019-07-02T17:56:55",NA,"loop_bidons_test_OK_0702"
"298",1,15,2,30,116,"Questionnaire MSNA - HH (FINAL)",24,60384981,"aa77b987-4a95-44bb-adaa-be5f3e130046","2019-07-02T17:57:00",NA,"loop_bidons_test_OK_0702"
"299",2,10,2,20,117,"Questionnaire MSNA - HH (FINAL)",24,60384981,"aa77b987-4a95-44bb-adaa-be5f3e130046","2019-07-02T17:57:00",NA,"loop_bidons_test_OK_0702"
"300",3,10,2,20,118,"Questionnaire MSNA - HH (FINAL)",24,60384981,"aa77b987-4a95-44bb-adaa-be5f3e130046","2019-07-02T17:57:00",NA,"loop_bidons_test_OK_0702"
"301",4,10,2,20,119,"Questionnaire MSNA - HH (FINAL)",24,60384981,"aa77b987-4a95-44bb-adaa-be5f3e130046","2019-07-02T17:57:00",NA,"loop_bidons_test_OK_0702"
"302",1,20,1,20,120,"Questionnaire MSNA - HH (FINAL)",25,60385107,"7df091cd-8496-4003-8405-5ff8a288b8ac","2019-07-02T17:59:28",NA,"loop_bidons_test_OK_0702"
"303",2,20,1,20,121,"Questionnaire MSNA - HH (FINAL)",25,60385107,"7df091cd-8496-4003-8405-5ff8a288b8ac","2019-07-02T17:59:28",NA,"loop_bidons_test_OK_0702"
"304",3,20,1,20,122,"Questionnaire MSNA - HH (FINAL)",25,60385107,"7df091cd-8496-4003-8405-5ff8a288b8ac","2019-07-02T17:59:28",NA,"loop_bidons_test_OK_0702"
"305",4,20,1,20,123,"Questionnaire MSNA - HH (FINAL)",25,60385107,"7df091cd-8496-4003-8405-5ff8a288b8ac","2019-07-02T17:59:28",NA,"loop_bidons_test_OK_0702"
"306",5,20,1,20,124,"Questionnaire MSNA - HH (FINAL)",25,60385107,"7df091cd-8496-4003-8405-5ff8a288b8ac","2019-07-02T17:59:28",NA,"loop_bidons_test_OK_0702"
"307",6,20,1,20,125,"Questionnaire MSNA - HH (FINAL)",25,60385107,"7df091cd-8496-4003-8405-5ff8a288b8ac","2019-07-02T17:59:28",NA,"loop_bidons_test_OK_0702"
"308",1,120,3,360,126,"Questionnaire MSNA - HH (FINAL)",26,60385109,"340a2943-9756-410b-ba68-d160adb66644","2019-07-02T17:59:31",NA,"loop_bidons_test_OK_0702"
"309",2,120,0,0,127,"Questionnaire MSNA - HH (FINAL)",26,60385109,"340a2943-9756-410b-ba68-d160adb66644","2019-07-02T17:59:31",NA,"loop_bidons_test_OK_0702"
"310",3,0,0,0,128,"Questionnaire MSNA - HH (FINAL)",26,60385109,"340a2943-9756-410b-ba68-d160adb66644","2019-07-02T17:59:31",NA,"loop_bidons_test_OK_0702"
"311",4,0,0,0,129,"Questionnaire MSNA - HH (FINAL)",26,60385109,"340a2943-9756-410b-ba68-d160adb66644","2019-07-02T17:59:31",NA,"loop_bidons_test_OK_0702"
"312",5,0,0,0,130,"Questionnaire MSNA - HH (FINAL)",26,60385109,"340a2943-9756-410b-ba68-d160adb66644","2019-07-02T17:59:31",NA,"loop_bidons_test_OK_0702"
"313",6,0,0,0,131,"Questionnaire MSNA - HH (FINAL)",26,60385109,"340a2943-9756-410b-ba68-d160adb66644","2019-07-02T17:59:31",NA,"loop_bidons_test_OK_0702"
"314",1,20,1,20,132,"Questionnaire MSNA - HH (FINAL)",27,60385114,"740101f7-6ae5-4f9c-87e3-96cef4e81b48","2019-07-02T17:59:34",NA,"loop_bidons_test_OK_0702"
"315",2,20,1,20,133,"Questionnaire MSNA - HH (FINAL)",27,60385114,"740101f7-6ae5-4f9c-87e3-96cef4e81b48","2019-07-02T17:59:34",NA,"loop_bidons_test_OK_0702"
"316",3,20,1,20,134,"Questionnaire MSNA - HH (FINAL)",27,60385114,"740101f7-6ae5-4f9c-87e3-96cef4e81b48","2019-07-02T17:59:34",NA,"loop_bidons_test_OK_0702"
"317",4,20,1,20,135,"Questionnaire MSNA - HH (FINAL)",27,60385114,"740101f7-6ae5-4f9c-87e3-96cef4e81b48","2019-07-02T17:59:34",NA,"loop_bidons_test_OK_0702"
"318",5,20,1,20,136,"Questionnaire MSNA - HH (FINAL)",27,60385114,"740101f7-6ae5-4f9c-87e3-96cef4e81b48","2019-07-02T17:59:34",NA,"loop_bidons_test_OK_0702"
"319",6,20,1,20,137,"Questionnaire MSNA - HH (FINAL)",27,60385114,"740101f7-6ae5-4f9c-87e3-96cef4e81b48","2019-07-02T17:59:34",NA,"loop_bidons_test_OK_0702"
"320",1,60,3,180,138,"Questionnaire MSNA - HH (FINAL)",28,60385116,"5a253dea-7836-478c-ba3d-90d048a6124d","2019-07-02T17:59:36",NA,"loop_bidons_test_OK_0702"
"321",2,0,0,0,139,"Questionnaire MSNA - HH (FINAL)",28,60385116,"5a253dea-7836-478c-ba3d-90d048a6124d","2019-07-02T17:59:36",NA,"loop_bidons_test_OK_0702"
"322",3,0,0,0,140,"Questionnaire MSNA - HH (FINAL)",28,60385116,"5a253dea-7836-478c-ba3d-90d048a6124d","2019-07-02T17:59:36",NA,"loop_bidons_test_OK_0702"
"323",1,20,1,20,141,"Questionnaire MSNA - HH (FINAL)",29,60385122,"53e3ec29-8fd2-4814-a4f0-c5dfd0cf78ff","2019-07-02T17:59:41",NA,"loop_bidons_test_OK_0702"
"324",2,20,1,20,142,"Questionnaire MSNA - HH (FINAL)",29,60385122,"53e3ec29-8fd2-4814-a4f0-c5dfd0cf78ff","2019-07-02T17:59:41",NA,"loop_bidons_test_OK_0702"
"325",3,15,1,15,143,"Questionnaire MSNA - HH (FINAL)",29,60385122,"53e3ec29-8fd2-4814-a4f0-c5dfd0cf78ff","2019-07-02T17:59:41",NA,"loop_bidons_test_OK_0702"
"326",4,15,1,15,144,"Questionnaire MSNA - HH (FINAL)",29,60385122,"53e3ec29-8fd2-4814-a4f0-c5dfd0cf78ff","2019-07-02T17:59:41",NA,"loop_bidons_test_OK_0702"
"327",5,15,1,15,145,"Questionnaire MSNA - HH (FINAL)",29,60385122,"53e3ec29-8fd2-4814-a4f0-c5dfd0cf78ff","2019-07-02T17:59:41",NA,"loop_bidons_test_OK_0702"
"328",1,20,1,20,146,"Questionnaire MSNA - HH (FINAL)",30,60385148,"72f7ae9d-57b0-4c6f-bc9d-f83f6caacdd7","2019-07-02T18:00:13",NA,"loop_bidons_test_OK_0702"
"329",2,20,1,20,147,"Questionnaire MSNA - HH (FINAL)",30,60385148,"72f7ae9d-57b0-4c6f-bc9d-f83f6caacdd7","2019-07-02T18:00:13",NA,"loop_bidons_test_OK_0702"
"330",3,20,1,20,148,"Questionnaire MSNA - HH (FINAL)",30,60385148,"72f7ae9d-57b0-4c6f-bc9d-f83f6caacdd7","2019-07-02T18:00:13",NA,"loop_bidons_test_OK_0702"
