type,name,label,required,hint,relevant,constraint,constraint_message,choice_filter,appearance,default,read_only,calculation,repeat_count,,,,,
start,start,,,,,,,,,,,,,,,,,
end,end,,,,,,,,,,,,,,,,,
today,today,,,,,,,,,,,,,,,,,
deviceid,diviceid,,,,,,,,,,,,,,,,,
note,titre_entretien,"D‚finition : Un m‚nage est d‚fini comme l'ensemble des membres vivant sous le mˆme toit qui d‚pendent financiŠrement d?un mˆme revenu et partagent les mˆmes repas. 
Instruction : si deux diff‚rents m‚nages vivent sous le mˆme toi mais ne partagent PAS les mˆmes revenus ou les mˆmes repas, alors choisir al‚atoirement (en lan‡ant une piŠce de monnaie et choisir … pile ou face par exemple) le m‚nage qui sera interrog‚. ",,,,,,,,,,,,,,,,
text,q0_1_enqueteur,Nom de l'‚nquˆteur:,,,,,,,minimal,,,,,,,,,
date,q0_2_date,Date de l'entretien,,,,.<=today()+1,,,,,,,,,,,,
,,,,,,,,,,,,,,,,,,
select_one oui_non,consensus_note,"Bonjour, mon nom est ${q0_1_enqueteur} et je travaille pour REACH. Une organisation sp‚cialis‚ dans l'‚valuation des besoins et le partage d'information.

Nous mettons en place une ‚valuation multisectorielle nationale des besoins et nous souhaitons vous poser quelques questions sur votre situation - niveau de vos revenus, ‚tat de votre abris, accŠs … la nourriture/eau, … la sant‚, … l'‚ducation et sur votre protection. Cela concerne l'ensemble des membres de votre m‚nage.

Le questionnaire prendra environ 1 heure. 

C'est une activit‚ volontaire : vous ˆtre libre pour chaque question de ne pas y r‚pondre et/ou de mettre fin … l'enquˆte … tout moment du questionnaire. Toute information que vous nous donnerez restera strictement anonyme. 

N‚anmoins, nous esp‚rons que vous participerez car votre point de vue est important. 

Il est ‚galement essentiel de comprendre que nous sommes l… uniquement pour nous renseigner sur vos conditions de vie et non pour apporter une r‚ponse humanitaire. Il ne s'agit pas d'un ciblage.

Avez-vous des questions ? Est-ce que je peux commencer ? ",TRUE,,,,,,,,,,,,,,,
begin_group,SURVEY,,,,"selected(${consensus_note},'oui')",,,,,,,,,,,,,
begin_group,intro,Introduction,,,,,,,,,,,,,,,,
select_one admin_1,admin_1,Dans quelle pr‚fecture l'entretien est-elle r‚alis‚e ?,TRUE,,,,,,,,,,,,,,,
select_one admin_2,admin_2,Dans quelle sous-pr‚fecture l'entretien est-elle r‚alis‚e ?,TRUE,,,,,admin1=${admin_1},,,,,,,,,,
select_one admin_3,admin_3,Dans quelle commune l'entretien est-elle r‚alis‚e ?,TRUE,,,,,admin2=${admin_2},,,,,,,,,,
text,localite,Dans quelle localit‚ l'entretien est-elle r‚alis‚e ?,TRUE,,,,,,,,,,,,,,,
end_group,intro,,,,,,,,,,,,,,,,,
,,,,,,,,,,,,,,,,,,
integer,ig_1_age,Quel est votre ƒge ?,TRUE,,,.>15 and .<101,La personne enquˆt‚e doit avoir au moins 16 ans ans et moins de 100 ans. ,,,,,,,,,,,
note,note_resp_mineur,"Le r‚pondant ‚tant un mineur (moins de 18 ans), merci de vous r‚assurer de son consentement.",,,${ig_1_age} < 18,,,,,,,,,,,,,
select_one homme_femme,ig_2_sexe,Quel est le sexe de l'enquˆt‚ ? ,TRUE,,,,,,,,,,,,,,,
select_one oui_non,ig_3_role,?tes-vous le chef de m‚nage ?,TRUE,,,,,,,,,,,,,,,
note,note_chef_mineur,"Si un enfant de moins de 18 ans est interrog‚, il doit ˆtre le chef de m‚nage. Merci d'interroger un adulte ou le chef du m‚nage ! Si cela n'est pas possible, remercier la personne et mettre fin … l'entretien.",,,"${ig_1_age} < 18 and selected(${ig_3_role}, 'oui')","${ig_1_age} > 18 or selected(${ig_3_role}, 'oui')",,,,,,,,,,,,
select_one homme_femme,ig_4_sexe_chef_menage,Vous avez dit ne pas ˆtre le chef de m‚nage. Celui-ci est-il : ,TRUE,,"selected(${ig_3_role},'non')",,,,,,,,,,,,,
integer,ig_5_age_chef_menage,Quel est l'ƒge du chef du m‚nage? ,TRUE,,"selected(${ig_3_role}, 'non')",.>11 and .<101,La chef de m‚nage doit avoir entre 12 et 100 ans. ,,,,,,,,,,,
select_one statut,ig_8_statut,A quel groupe de population appartenez-vous ?,TRUE,"Population h“te ? toutes les personnes qui, le temps de l?enquˆte, ne sont pas dans une situation de d‚placement (inclus le retour) en raison de la crise
Population d‚plac‚e en site et lieux de regroupement ? toutes les personnes qui ont ‚t‚ d‚plac‚es en raison de la crise et qui r‚sident actuellement dans les sites et autres lieux de regroupement
Population d‚plac‚e en famille d?accueil ? toutes les personnes qui ont ‚t‚ d‚plac‚es en raison de la crise et qui r‚sident aujourd?hui en famille d?accueil
Population retourn‚e ? toutes les personnes qui sont retourn‚es dans leurs zone d?origine, cela ne signifie pas n‚cessairement qu?elles ont rejoint / retrouv‚e leurs maisons d?origine, ni qu?elles sont exactement dans la mˆme localit‚ (certaines ayant brul‚, des retourn‚s ont reconstruits des villages … proximit‚ imm‚diate de leurs anciens lieux d?habitat)
Population rapatri‚e ? toutes les populations qui sont retourn‚es chez elles, ou sont en cours de retours aprŠs avoir pass‚e plusieurs semaines dans un pays ‚tranger. Pour ˆtre qualifi‚ de retourn‚e, il y a un n‚cessaire franchissement de frontiŠres, entre un pays ‚tranger vers la R‚publique Centrafricaine. Le retour peut ne pas ˆtre d‚finitif",,,,,,,,,,,,,,
select_one RtL_IDP,ig_11_IDP_RtL,Quelle est la raison principale pour laquelle vous avez fui votre localit‚ d'origine (premier d‚placement) ?,TRUE,,"selected(${ig_8_statut},'IDP_site') or selected(${ig_8_statut},'IDP_FA') ",,,,,,,,,,,,,
text,ig_11_IDP_RtL_autre,Merci de pr‚ciser la raison principale pour laquelle vous avez fui votre localit‚,TRUE,,"(selected(${ig_8_statut},'IDP_site') or selected(${ig_8_statut},'IDP_FA')) and ${ig_11_IDP_RtL} ='autre'",,,,,,,,,,,,,
select_one length_IDP,ig_12_IDP_length_IDP,Depuis combien de temps ˆtes-vous parti de votre localit‚ d'origine?,TRUE,,"selected(${ig_8_statut},'IDP_site') or selected(${ig_8_statut},'IDP_FA') ",,,,,,,,,,,,,
select_multiple IDP_cond_retour,ig_14_IDP_cond_retour,Quelles seraient les conditions requises pour envisager un retour dans votre localit‚ d'origine ? (Merci de s‚lectionner au maximum 3 r‚ponses),TRUE,,"selected(${ig_8_statut},'IDP_site') or selected(${ig_8_statut},'IDP_FA') ","not(selected(., 'nsp') and count-selected(.)>1) and count-selected(.)<4","Merci de s‚lectionner 3 r‚ponses maximum et si 'je ne sais pas / pr‚fŠre ne pas r‚pondre', aucune autre r‚ponse ne doit ˆtre s‚lectionn‚e. ",,,,,,,,,,,
text,ig_14_IDP_cond_retour_autre,Merci de pr‚ciser,TRUE,,"selected(${ig_14_IDP_cond_retour},'autre')",,,,,,,,,,,,,
select_one Ret_Rapat_loc_retour,ig_16_Ret_Rapat_dest_finale_oui_non,"Vous indiquez ˆtre un retourn‚ / rapatri‚. 
O— ˆtes-vous aujourd'hui ?",TRUE,,"selected(${ig_8_statut},'retourne') or selected(${ig_8_statut},'rapatrie') ",,,,,,,,,,,,,
select_one Ret_Rapat_abri_origine_raison,ig_16_Ret_Rapat_abri_origine_non_raison,"Vous n'avez pas rejoint votre abri d'origine, pourquoi ?",TRUE,,"selected(${ig_16_Ret_Rapat_dest_finale_oui_non},'commune_origine')",,,,,,,,,,,,,
text,ig_16_Ret_Rapat_abri_origine_non_raison_autre,Merci de pr‚ciser,TRUE,,"selected(${ig_16_Ret_Rapat_abri_origine_non_raison},'autre')",,,,,,,,,,,,,
select_one Ret_Rapat_abri_origine_raison,ig_17_Ret_Rapat_dest_finale_non_raison,"Vous n'avez pas rejoint votre localit‚ d'origine, pourquoi ?",TRUE,,"selected(${ig_16_Ret_Rapat_dest_finale_oui_non},'autre')",,,,,,,,,,,,,
select_one RtR_Ret_Rapat,ig_15_RtR_Ret_Rapat,Quelle est la raison principale pour laquelle vous ˆtes revenus dans cette localit‚ ?,TRUE,,"selected(${ig_8_statut},'retourne') or selected(${ig_8_statut},'rapatrie') ",count-selected(.)<4,Maximum 3 options s‚lectionn‚es,,,,,,,,,,,
text,ig_15_IDP_RtR_Ret_Rapat_autre,Merci de pr‚ciser la raison principale pour laquelle vous ˆtes revenus dans cette localit‚,TRUE,,"(selected(${ig_8_statut},'retourne') or selected(${ig_8_statut},'rapatrie')) and ${ig_15_RtR_Ret_Rapat} ='autre'",,,,,,,,,,,,,
,,,,,,,,,,,,,,,,,,
begin_group,demo_list,Liste d‚mographique,false,,,field-list,,,,,,,,,,,,
integer,ig_6_HH_membres_tot,Merci de nous indiquer le nombre total de personne de votre m‚nage. N'oubliez pas de vous inclure dans le calcul !,TRUE,"Merci de compter tous les membres de votre m‚nage uniquement, vous y compris, et toutes personnes vivant sous votre toit qui d‚pendent financiŠrement de votre revenu.",,,,,,,,,,,,,,
select_one oui_non_nsp,ig_9_hote_FA,H‚bergez-vous EN PLUS actuellement des membres d'un autre m‚nage d‚plac‚ qui ont fui leur localit‚ d'origine ? ,TRUE,,"not(selected(${ig_8_statut}, 'IDP_site')) and not(selected(${ig_8_statut}, 'IDP_FA'))",,,,,,,,,,,,,
integer,ig_10_hote_FA_0_4,Combien d'enfants de moins de 5 ans h‚bergez-vous ? ,TRUE,,"selected(${ig_9_hote_FA}, 'oui')",,,,,,,,,,,,,
integer,ig_10_hote_FA_5_17,Combien d'enfants entre 5 et 17 ans h‚bergez-vous ? ,TRUE,,"selected(${ig_9_hote_FA}, 'oui')",,,,,,,,,,,,,
integer,ig_10_hote_FA_18plus,Combien d'adultes de plus de 18 ans h‚bergez-vous ? ,TRUE,,"selected(${ig_9_hote_FA}, 'oui')",,,,,,,,,,,,,
note,note_HH_membres,Nous allons parler de chacun des membres de votre famille uniquement dans la section suivante. Nous poserons des questions additionnelles sur l'‚ducation pour les enfants. Commen‡ons par la personne la plus jeune.,,Nous parlerons uniquement des membres de votre m‚nage ! ,,,,,,,,,,,,,,
begin repeat,hh_membres_loop,,,,,,,,,,,,${ig_6_HH_membres_tot},,,,,
calculate,hh_membres,,,,,,,,,,,position(..),,,,,,
integer,age_hh,PERSONNE ${hh_membres}: Quel est l'ƒge de cette personne ? ,TRUE,"Si l'enfant a moins de 1 ans, mettre 0.",,.<= 100,Vous avez mis plus de 100 ans. Merci de v‚rifier vos chiffres.,,,,,,,,,,,
integer,age_hh_months,PERSONNE ${hh_membres}: combien de mois a ce nourrison ? ,TRUE,,${age_hh} = 0,.< 12,"Entrer entre 0 et 12 . Si plus de 12 mois, entrer l'ƒge en ann‚e.",,,,,,,,,,,
calculate,agegrp_0_4,,TRUE,,,,,,,0,,"if(${age_hh}<5, 1, 0)",,,,,,
calculate,agegrp_0_6m,,TRUE,,,,,,,0,,"if(${age_hh}<1 and ${age_hh_months}<6, 1, 0)",,,,,,
calculate,agegrp_6m_4,,TRUE,,,,,,,0,,"if((${age_hh}<5 and ${age_hh}>0) or (${age_hh}<1 and ${age_hh_months}>5), 1, 0)",,,,,,
calculate,agegrp_4_18,,TRUE,,,,,,,0,,"if(${age_hh} >3 and ${age_hh}<=18, 1, 0)",,,,,,
calculate,agegrp_0_18,,TRUE,,,,,,,0,,"if(${age_hh}<=18, 1, 0)",,,,,,
select_one homme_femme,sexe_hh,PERSONNE ${hh_membres}: Quel est le genre de cette personne ? ,TRUE,,,,,,,,,,,,,,,
calculate,agegrp_0_17_femmes,,TRUE,,,,,,,0,,"if(${age_hh}<=17 and selected(${sexe_hh},'femme'), 1 , 0)",,,,,,
calculate,agegrp_0_17_hommes,,TRUE,,,,,,,0,,"if(${age_hh}<=17 and selected(${sexe_hh},'homme'), 1 , 0)",,,,,,
calculate,agegrp_18plus_femmes,,TRUE,,,,,,,0,,"if(${age_hh}>17 and selected(${sexe_hh},'femme'), 1 , 0)",,,,,,
calculate,agegrp_18plus_hommes,,TRUE,,,,,,,0,,"if(${age_hh}>17 and selected(${sexe_hh},'homme'), 1 , 0)",,,,,,
select_multiple gr_vulnerable_femmes_adultes,ig_7_gr_vulnerable_femmes_adultes,PERSONNE ${hh_membres}: Est-ce que cette personne est dans une des situations suivantes ? ,TRUE,Proposer les options de r‚ponses,"${age_hh} > 17 and selected(${sexe_hh}, 'femme')","not(selected(.,'aucune') and count-selected(.)>1) and not(selected(., 'nsp') and count-selected(.)>1)","Si 'non' ou 'je ne sais pas / pr‚fŠre ne pas r‚pondre', aucune autre r‚ponse ne doit ˆtre s‚lectionn‚e",,,,,,,,,,,
select_multiple gr_vulnerable_femmes_enfants,ig_7_gr_vulnerable_femmes_enfants,PERSONNE ${hh_membres}: Est-ce que cette personne est dans une des situations suivantes ? ,TRUE,Proposer les options de r‚ponses,"${age_hh} <= 17 and selected(${sexe_hh}, 'femme')","not(selected(.,'aucune') and count-selected(.)>1) and not(selected(., 'nsp') and count-selected(.)>1)","Si 'non' ou 'je ne sais pas / pr‚fŠre ne pas r‚pondre', aucune autre r‚ponse ne doit ˆtre s‚lectionn‚e",,,,,,,,,,,
select_multiple gr_vulnerable_hommes_adultes,ig_7_gr_vulnerable_hommes_adultes,PERSONNE ${hh_membres}: Est-ce que cette personne est dans une des situations suivantes ? ,TRUE,Proposer les options de r‚ponses,"${age_hh} > 17 and selected(${sexe_hh}, 'homme')","not(selected(.,'aucune') and count-selected(.)>1) and not(selected(., 'nsp') and count-selected(.)>1)","Si 'non' ou 'je ne sais pas / pr‚fŠre ne pas r‚pondre', aucune autre r‚ponse ne doit ˆtre s‚lectionn‚e",,,,,,,,,,,
select_multiple gr_vulnerable_hommes_enfants,ig_7_gr_vulnerable_hommes_enfants,PERSONNE ${hh_membres}: Est-ce que cette personne est dans une des situations suivantes ? ,TRUE,Proposer les options de r‚ponses,"${age_hh} <= 17 and selected(${sexe_hh}, 'homme')","not(selected(.,'aucune') and count-selected(.)>1) and not(selected(., 'nsp') and count-selected(.)>1)","Si 'non' ou 'je ne sais pas / pr‚fŠre ne pas r‚pondre', aucune autre r‚ponse ne doit ˆtre s‚lectionn‚e",,,,,,,,,,,
begin_group ,Accouchement,,,,${agegrp_0_4}>0 and ${hh_membres} = '1',,,,,,,,,,,,,
select_one accouch,sante_1_accouch,PERSONNE ${hh_membres}: O— est-ce que cet enfant a ‚t‚ acouch‚ ?,TRUE,,,,,,,,,,,,,,,
text,sante_1_accouch_autre,Merci de pr‚ciser,TRUE,,"selected(${sante_1_accouch}, 'autre')",,,,,,,,,,,,,
select_one accouch_maison,sante_1_accouch_maison,Pourquoi avoir accouch‚ … la maison?,TRUE,,"selected(${sante_1_accouch}, 'maison')",,,,,,,,,,,,,
text,sante_1_accouch_maison_autre,"Si autre, merci de pr‚ciser.",TRUE,,"selected(${sante_1_accouch_maison}, 'autre')",,,,,,,,,,,,,
end_group ,Accouchement,,,,,,,,,,,,,,,,,
begin_group ,Maladies,,,,,,,,,,,,,,,,,
select_one oui_non_nsp,sante_2_malade,PERSONNE ${hh_membres}: Cette personne a-t-elle ‚t‚ malade au cours des 30 derniers jours ?,TRUE,,,,,,,,,,,,,,,
select_one soin_recu,sante_2_soin_recu,PERSONNE ${hh_membres}: A-t-elle re‡u les soins n‚cessaires ? ,TRUE,,"selected(${sante_2_malade}, 'oui')",,,,,,,,,,,,,
text,sante_2_soin_recu_autre,Merci de pr‚ciser,TRUE,,"selected(${sante_2_soin_recu}, 'autre')",,,,,,,,,,,,,
select_one soin_non_recu,sante_3_soin_non_recu,PERSONNE ${hh_membres}: Pour quelle raison n'a-t-elle pas re‡u les soins n‚cessaires ?,TRUE,,"selected(${sante_2_soin_recu}, 'non')",,,,,,,,,,,,,
text,sante_3_soin_non_recu_autre,Merci de pr‚ciser,TRUE,,"selected(${sante_3_soin_non_recu}, 'autre')",,,,,,,,,,,,,
select_multiple maladies_0_4,sante_4_0_4_malades,PERSONNE ${hh_membres}: De quelle(s) maladie(s) a-t-elle souffert au cours des 30 derniers jours ? ,TRUE,,"selected(${sante_2_malade}, 'oui') and ${agegrp_0_4} > 0","not(selected(., 'nsp') and count-selected(.)>1)","Si 'je ne sais pas / pr‚fŠre ne pas r‚pondre', aucune autre r‚ponse ne doit ˆtre s‚lectionn‚e",,,,,,,,,,,
text,sante_4_0_4_malades_autre,Merci de pr‚ciser,TRUE,,"selected(${sante_4_0_4_malades}, 'autre')",,,,,,,,,,,,,
select_multiple maladies,sante_5_5plus_malades,PERSONNE ${hh_membres}: De quelle(s) maladie(s) a-t-elle souffert au cours des 30 derniers jours ? ,TRUE,,"selected(${sante_2_malade}, 'oui') and ${agegrp_0_4} = 0","not(selected(., 'nsp') and count-selected(.)>1)","Si 'je ne sais pas / pr‚fŠre ne pas r‚pondre', aucune autre r‚ponse ne doit ˆtre s‚lectionn‚e",,,,,,,,,,,
text,sante_5_5plus_malades_autre,Merci de pr‚ciser,TRUE,,"selected(${sante_5_5plus_malades}, 'autre')",,,,,,,,,,,,,
end_group ,Maladies,,,,,,,,,,,,,,,,,
begin_group ,nut,Nous aimerions maintenant si vous le permettez diagnostiquer si cet enfant de moins de 5 ans montre des signes de malnutrition.,,,${agegrp_6m_4} > 0,,,,,,,,,,,,,
select_one oui_non,nut_1_enfant_present,PERSONNE ${hh_membres}: Est-ce que l'enfant est pr‚sent et puis-je observer ses pieds et prendre le tour de taille de son bras ? ,TRUE,,,,,,,,,,,,,,,
integer,nut_2_muac,PERSONNE ${hh_membres}: Merci d'enregistrer la MUAC pour l'enfant (sur le bras gauche!) le plus pr‚cisement possible.,TRUE,"Enroulez le ruban autour du bras de l?enfant (ni trop serr‚, ni trop lƒche). 
Lire le chiffre, au millimŠtre prŠs qui apparaŒt dans le trou de la bandelette ; indiqu‚ par les flŠches.
Entrez le chiffre en MILLIMETRES (ex : 12,5 cm = 125 mm ; 10 cm = 100 mm ; etc.).","selected(${nut_1_enfant_present}, 'oui')",. >50 and .<200,C'est trŠs peu probable que le tour de bras mesure moins de 50mm ou plus de 200mm pour un enfant de moins de 5 ans. Merci de v‚rifier votre mesure.,,,,,,,,,,,
select_one oui_non_nsp,nut_1_oedem,PERSONNE ${hh_membres}: A OBSERVER : l'enfant a-t-il des oedŠmes sur les pieds ? ,TRUE,"Pressez vos deux pouces sur le dessus des deux pieds de l?enfant, au moins 3 secondes. Lƒchez. Si un trou reste, alors il y a ?dŠme","selected(${nut_1_enfant_present}, 'oui')",,,,,,,,,,,,,
note,nut,Merci d'indiquer … la famille de r‚f‚rencer l'enfant … la structure nutritionnelle (UNT/UNTA) la plus proche.,,,"${nut_2_muac} < 115 or selected(${nut_1_oedem}, 'oui')",,,,,,,,,,,,,
end_group ,nut,,,,,,,,,,,,,,,,,
begin_group ,education,,,,${agegrp_4_18} > 0,,,,,,,,,,,,,
select_one oui_non_nsp,educ_2_inscrit_18_19,PERSONNE ${hh_membres}: Est-ce que cette personne ‚tait inscrite dans une ‚cole durant l?ann‚e scolaire qui vient de se terminer (2018-2019) ? ,TRUE,,,,,,,,,,,,,,,
calculate,educ_2_inscrit_18_19_non,,,,,,,,,,,"if(selected(${educ_2_inscrit_18_19},'non'), 1 , 0)",,,,,,
select_one niveau_scolaire,educ_2_inscrit_18_19_level,PERSONNE ${hh_membres}: Dans quel niveau ‚tait-elle inscrite pour l?ann‚e scolaire 2018-2019 ? ,TRUE,,"selected(${educ_2_inscrit_18_19}, 'oui')",,,,,,,,,,,,,
select_one educ_presence,educ_3_presence_18_19,PERSONNE ${hh_membres}: Et ‚tait-elle souvent pr‚sente … l? ‚cole durant l?ann‚e scolaire qui vient de se terminer ? ,TRUE,,"selected(${educ_2_inscrit_18_19}, 'oui')",,,,,,,,,,,,,
calculate,educ_3_presence_18_19_non,,,,,,,,,,,"if(selected(${educ_3_presence_18_19},'3M_6M') or selected(${educ_3_presence_18_19},'0M_3M') or selected(${educ_3_presence_18_19},'0M'), 1 , 0)",,,,,,
end_group ,education,,,,,,,,,,,,,,,,,
select_one educ_enfant_handi,educ_4_handi_acces,PERSONNE ${hh_membres}: Comment percevez-vous l?accŠs … l?‚ducation pour cet enfant par rapport … son handicap ?,TRUE,,"(selected(${ig_7_gr_vulnerable_femmes_enfants}, 'handi_phy') or selected(${ig_7_gr_vulnerable_femmes_enfants}, 'handi_ment') or selected(${ig_7_gr_vulnerable_hommes_enfants}, 'handi_phy') or selected(${ig_7_gr_vulnerable_hommes_enfants}, 'handi_ment')) and ${agegrp_4_18} > 0",,,,,,,,,,,,,
text,educ_4_handi_acces_autre,"Si autre, merci de pr‚ciser",TRUE,,"selected(${educ_4_handi_acces}, 'autre')",,,,,,,,,,,,,
select_one oui_non,protect_9,PERSONNE ${hh_membres}: Est-ce qu'elle travaille actuellement ou contribue aux activit‚s professionnelles de la famille ?,TRUE,,"${agegrp_4_18} > 0 and (selected(${educ_2_inscrit_18_19}, 'non') or selected(${educ_3_presence_18_19}, '3M_6M') or selected(${educ_3_presence_18_19}, '0M_3M') or selected(${educ_3_presence_18_19}, '0M'))",,,,,,,,,,,,,
select_multiple type_activite_4_18,protect_10 ,PERSONNE ${hh_membres}: Dans quel type de travail est-elle impliqu‚e ? ,TRUE,,"selected(${protect_9},'oui') ","not(selected(., 'nsp') and count-selected(.)>1)","Si 'je ne sais pas / pr‚fŠre ne pas r‚pondre', aucune autre r‚ponse ne doit ˆtre s‚lectionn‚e",,,,,,,,,,,
text,protect_10_autre,Merci de pr‚ciser,TRUE,,"selected(${protect_10},'autre') ",,,,,,,,,,,,,
end repeat,hh_membres_loop,,,,,,,,,,,,,,,,,
calculate,sum_educ_2_inscrit_18_19_non,,,,,,,,,,,sum(${educ_2_inscrit_18_19_non}),,,,,,
calculate,sum_educ_3_presence_18_19_non,,,,,,,,,,,sum(${educ_3_presence_18_19_non}),,,,,,
calculate,sum_agegrp_4_18,,,,,,,,,,,sum(${agegrp_4_18}),,,,,,
calculate,sum_agegrp_0_17_femmes,,,,,,,,,,,sum(${agegrp_0_17_femmes}),,,,,,
calculate,sum_agegrp_0_17_hommes,,,,,,,,,,,sum(${agegrp_0_17_hommes}),,,,,,
calculate,sum_agegrp_18plus_femmes,,,,,,,,,,,sum(${agegrp_18plus_femmes}),,,,,,
calculate,sum_agegrp_18plus_hommes,,,,,,,,,,,sum(${agegrp_18plus_hommes}),,,,,,
end_group,demo_list,,,,,,,,,,,,,,,,,
,,,,,,,,,,,,,,,,,,
note,note_end_loop,Merci. Nous allons maintenant vous poser une s‚rie de question par diff‚rent thŠme concernant l'ensemble de votre m‚nage,,,,,,,,,,,,,,,,
begin_group ,education_2,,,,,,,,,,,,,,,,,
note,educ_5_ecole_acces,"Vous avez indiqu‚ avoir au moins un enfant non-scolaris‚ ou qui a ‚t‚ pr‚sent … l'‚cole moins de 6 mois. 
Pourriez-vous nous dire les principales barriŠres ou challenges qui rendent difficiles pour vos enfants de s'enregistrer ou de suivre r‚guliŠrement les cours ? ",,"Selectionner les 3 principales barriŠres … l'‚ducation, par ordre d'importance",${sum_educ_2_inscrit_18_19_non} > 0 or ${sum_educ_3_presence_18_19_non} > 0,,,,,,,,,,,,,
select_one educ_acces,educ_5_ecole_acces_1,1Šre barriŠre,TRUE,,${sum_educ_2_inscrit_18_19_non} > 0 or ${sum_educ_3_presence_18_19_non} > 0,,,,,,,,,,,,,
select_one educ_acces,educ_5_ecole_acces_2,2Šme barriŠre (si n‚cessaire),,,${sum_educ_2_inscrit_18_19_non} > 0 or ${sum_educ_3_presence_18_19_non} > 0,,,name != ${educ_5_ecole_acces_1},,,,,,,,,,
select_one educ_acces,educ_5_ecole_acces_3,3Šme barriŠre (si n‚cessaire),,,${sum_educ_2_inscrit_18_19_non} > 0 or ${sum_educ_3_presence_18_19_non} > 0,,,name != ${educ_5_ecole_acces_1} and name != ${educ_5_ecole_acces_2},,,,,,,,,,
text,educ_5_ecole_acces_autre,"Si autre, merci de pr‚ciser",,,"selected(${educ_5_ecole_acces_1}, 'autre') or selected(${educ_5_ecole_acces_2}, 'autre') or selected(${educ_5_ecole_acces_3}, 'autre')  ",,,,,,,,,,,,,
end_group ,education_2,,,,,,,,,,,,,,,,,
begin_group ,NFI,Abri - NFI,,,,,,,,,,,,,,,,
note,note_NFI,Nous allons maintenant vous poser des questions sur vos conditions d'h‚bergement. Les questions porterons sur les biens non-alimentaires et votre logement. Soyez le plus pr‚cis possible.,,,,,,,,,,,,,,,,
begin group,item_list_oui_non,"Parmi les articles suivants, quels sont ceux que vous poss‚dez dans votre m‚nage ? Pourriez-vous me les montrer ?",,V‚rifiez/observez si possible !,,,,field-list,,,,,,,,,,
note,note_NFI,"Parmi les articles suivants, quels sont ceux que vous poss‚dez dans votre m‚nage ? Pourriez-vous me les montrer ?",,,,,,,,,,,,,,,,
select_one oui_non,bache,Bƒche,TRUE,,,,,,yes,,,,,,,,,
select_one nb_titre,kit_cuisine,Kit cuisine complet,TRUE,"Suffisamment de tasses, de couverts et d'assiettes pour tous les membres du m‚nage",,,,,yes,,,,,,,,,
select_one nb_famille,habits_femmes_enfants,Habits pour les membres du m‚nage,TRUE,,,,,,yes,,,,,,,,,
select_one nb_famille,doc_legale,Documentation l‚gale d'identit‚ (un extrait d?acte de naissance ou une carte d?identit‚) pour tous les membres du m‚nage,TRUE,Un par membre du m‚nage !,,,,,yes,,,,,,,,,
integer,doc_legale_nb_filles,Combien parmi les ${sum_agegrp_0_17_femmes} fille(s) de moins de 18 ans de votre m‚nage possŠdent une documentation l‚gale d'identit‚ ?,TRUE,,"selected(${doc_legale},'incomp') and ${sum_agegrp_0_17_femmes} > 0",.>=0 and .<=${sum_agegrp_0_17_femmes} ,Nombre entre 0 et nombre total de filles dans le m‚nages (= ${sum_agegrp_0_17_femmes} ),,,,,,,,,,,
integer,doc_legale_nb_garcons,Combien parmi les ${sum_agegrp_0_17_hommes} gar‡on(s) de moins de 18 ans de votre m‚nage possŠdent une documentation l‚gale d'identit‚ ? ,TRUE,,"selected(${doc_legale},'incomp') and ${sum_agegrp_0_17_hommes} > 0",.>=0 and .<=${sum_agegrp_0_17_hommes} ,Nombre entre 0 et nombre total de gar‡ons dans le m‚nage (= ${sum_agegrp_0_17_hommes} ),,,,,,,,,,,
integer,doc_legale_nb_femmes,Combien parmi les ${sum_agegrp_18plus_femmes} femme(s) de 18 ans ou plus de votre m‚nage possŠdent une documentation l‚gale d'identit‚ ? ,TRUE,,"selected(${doc_legale},'incomp') and ${sum_agegrp_18plus_femmes} > 0",.>=0 and .<=${sum_agegrp_18plus_femmes} ,Nombre entre 0 et nombre total de femmes dans le m‚nage (= ${sum_agegrp_18plus_femmes} ),,,,,,,,,,,
integer,doc_legale_nb_hommes,Combien parmi les ${sum_agegrp_18plus_hommes} homme(s) de 18 ans ou plus de votre m‚nage possŠdent une documentation l‚gale d'identit‚ ? ,TRUE,,"selected(${doc_legale},'incomp') and ${sum_agegrp_18plus_hommes} > 0",.>=0 and .<=${sum_agegrp_18plus_hommes} ,Nombre entre 0 et nombre total d'hommes dans le m‚nage (= ${sum_agegrp_18plus_hommes} ),,,,,,,,,,,
select_one nb_titre,doc_propriete,Titre de propri‚t‚ pour l'ensemble des biens et propri‚t‚s ,TRUE,,,,,,yes,,,,,,,,,
select_one nb_cccm,semence,Semence,TRUE,,,,,,yes,,,,,,,,,
select_one nb_cccm,outils_aratoires,Outils aratoire,TRUE,,,,,,yes,,,,,,,,,
select_one oui_non,cendres,Cendres pour le lavage des mains,TRUE,,,,,,yes,,,,,,,,,
end_group ,item_list_oui_non,,,,,,,,,,,,,,,,,
begin_group,item_list_scoreNFI,"Et parmi les articles suivants, pouvez-vous nous dire combien vous en avez ?",,Mettre 0 si le m‚nage ne possŠde pas l'article. V‚rifiez/observez si possible !,,,,field-list,,,,,,,,,,
integer,savon_toilette_azur,Nombre de savons de toilette,TRUE,,,,,,yes,,,,,,,,,
integer,savon_lessive,Nombre de savons de lessive,TRUE,,,,,,yes,,,,,,,,,
integer,pot,Nombre de pots pour b‚b‚,TRUE,,,,,,yes,,,,,,,,,
integer,gobelet,Nombre de gobelets de 250 ml ,TRUE,,,,,,yes,,,,,,,,,
integer,serviette_hyg,Nombre de serviettes hygi‚nique,TRUE,,,,,,yes,,,,,,,,,
integer,bidons_cap,Capacit‚ totale des bidons (PRECISER EN LITRES !),TRUE,"Bidons, marmites et autres utilis‚s pour le puisage et stockage de l'eau",,.>=0 and .<=200,">= 0, Max. 200 lt",,yes,,,,,,,,,
integer,nb_seaux,Nombre de seaux avec couvercle,TRUE,,,.>=0 and .<=100,">= 0, Max. 100",,yes,,,,,,,,,
integer,nb_mousticaire,Nombre de moustiquaires,TRUE,,,.>=0 and .<=100,">= 0, Max. 100",,yes,,,,,,,,,
integer,nb_casseroles,Nombre de casseroles et marmites (5 litres et +),TRUE,,,.>=0 and .<=100,">= 0, Max. 100",,yes,,,,,,,,,
integer,nb_couchage,"Nombre de supports de couchage (lits, matelas, nattes)",TRUE,,,.>=0 and .<=100,">= 0, Max. 100",,yes,,,,,,,,,
integer,nb_draps,Nombre de couvertures/ draps,TRUE,,,.>=0 and .<=100,">= 0, Max. 100",,yes,,,,,,,,,
end_group ,item_list_scoreNFI,,,,,,,,,,,,,,,,,
end_group ,NFI,,,,,,,,,,,,,,,,,
,,,,,,,,,,,,,,,,,,
begin_group ,NFI_Abris_CCCM,NFI/Abris/CCCM,,,,,,,,,,,,,,,,
select_one type_abri,nfi_2_type_abri,Dans quel type d'abri vivez-vous actuellement ? ,TRUE,,,,,,,,,,,,,,,
text,nfi_2_1_type_abri_autre,"Si autre, veuillez pr‚ciser : ",TRUE,,"selected(${nfi_2_type_abri},'autre')",,,,,,,,,,,,,
select_one oui_non_nsp,nfi_propr_abri_propre,L'abri dans lequel vous vivez est-il le v“tre (en ˆtes-vous propri‚taire) ? ,TRUE,,"not(selected(${nfi_2_type_abri},'aucun'))",,,,,,,,,,,,,
select_one propr_abri,nfi_propr_abri,"Si vous n'ˆtes pas propri‚taire, quel type de contrat avez-vous avec le propri‚taire ? ",TRUE,(Lire les propositions),"selected(${nfi_propr_abri_propre}, 'non')",,,,,,,,,,,,,
text,nfi_propr_abri_autre,Merci de pr‚ciser,,,"selected(${nfi_propr_abri}, 'autre')",,,,,,,,,,,,,
integer ,nfi_4_personnes_abri,Nombre de personnes dormant dans l?abri : ,TRUE,,,,,,,,,,,,,,,
integer ,nfi_5_taille_abri,Taille de l?abri (en mý) : ,TRUE,,,,,,,,,,,,,,,
end_group ,NFI_Abris_CCCM,,,,,,,,,,,,,,,,,
,,,,,,,,,,,,,,,,,,
begin_group ,MSSC,Nous allons maintenant vous poser des questions concernant vos moyens d'existence. Soyez le plus pr‚cis possible s'il vous plait.,,,,,,,,,,,,,,,,
select_one revenu,mssc_1_revenu,"Pouvez-vous estimer quel a ‚t‚ le revenu PAR MOIS total du m‚nage, en moyenne sur les 90 derniers jours ?",TRUE,"Inclure toutes les sources de revenus, y compris les emprunts et les dons",,,,,,,,,,,,,,
note,mssc_2_source_rev,"Au cours des 90 derniers jours, quelles ont ‚t‚ les 3 principales sources de votre revenu ?",,,,,,,,,,,,,,,,
select_one source_rev,mssc_2_source_rev_1,1Šre source de revenu,TRUE,,,,,,,,,,,,,,,
select_one source_rev,mssc_2_source_rev_2,2Šme source de revenuÿ (si n‚cessaire),,,"not(selected(${mssc_2_source_rev_1}, 'nsp'))",,,name != ${mssc_2_source_rev_1},,,,,,,,,,
select_one source_rev,mssc_2_source_rev_3,3Šme source de revenu (si n‚cessaire),,,"not(selected(${mssc_2_source_rev_1}, 'nsp')) or not(selected(${mssc_2_source_rev_2}, 'nsp'))",,,name != ${mssc_2_source_rev_1} and name != ${mssc_2_source_rev_2},,,,,,,,,,
text,mssc_2_source_rev_autre,Merci de pr‚ciser la/les autre(s) source(s) de revenu de votre m‚nage,TRUE,,${mssc_2_source_rev_1} ='autre' or ${mssc_2_source_rev_2} ='autre' or ${mssc_2_source_rev_3} ='autre',,,,,,,,,,,,,
begin group,mssc_3_dep_30J,Combien avez-vous d‚pens‚ pour acqu‚rir les biens et/ou services au cours des 30 derniers jours ? ,,"D‚pense estim‚e en XAF pour chacune des cat‚gories (si aucune d‚pense, ‚crire 0)",,,,,,,,,,,,,,
integer,mssc_3_dep_30J_alim,"D‚penses mensuelles au cours des 30 derniers jours en: 
Articles alimentaires",TRUE,,,,,,yes,,,,,,,,,
integer,mssc_3_dep_30J_elec,"D‚penses mensuelles au cours des 30 derniers jours en: 
Electricit‚",TRUE,,,,,,yes,,,,,,,,,
integer,mssc_3_dep_30J_eau,"D‚penses mensuelles au cours des 30 derniers jours en: 
Eau",TRUE,,,,,,yes,,,,,,,,,
integer,mssc_3_dep_30J_logement,"D‚penses mensuelles au cours des 30 derniers jours en: 
Logement / Location",TRUE,,,,,,yes,,,,,,,,,
integer,mssc_3_dep_30J_tel,"D‚penses mensuelles au cours des 30 derniers jours en: 
T‚l‚phone / AccŠs internet",TRUE,,,,,,yes,,,,,,,,,
integer,mssc_3_dep_30J_comb,"D‚penses mensuelles au cours des 30 derniers jours en: 
Combustible : bois / charbon de bois / p‚trole lampant / gaz butane",TRUE,,,,,,yes,,,,,,,,,
integer,mssc_3_dep_30J_transport,"D‚penses mensuelles au cours des 30 derniers jours en: 
Transport (d‚placement, voyage, carburant, d‚pense pour les v‚hicules, etc.)",TRUE,,,,,,yes,,,,,,,,,
integer,mssc_3_dep_30J_hyg,"D‚penses mensuelles au cours des 30 derniers jours en: 
Savon / produits d?entretien et de nettoyage / HygiŠne et soins corporels",TRUE,,,,,,yes,,,,,,,,,
integer,mssc_3_dep_30J_tabac_alc,"D‚penses mensuelles au cours des 30 derniers jours en: 
Tabac/Alcool",TRUE,,,,,,yes,,,,,,,,,
calculate,mssc_3_depense_totale,,,,,,,,,,,"${mssc_3_dep_30J_alim} + ${mssc_3_dep_30J_elec} + ${mssc_3_dep_30J_eau} + ${mssc_3_dep_30J_logement} + ${mssc_3_dep_30J_tel} + ${mssc_3_dep_30J_comb} + ${mssc_3_dep_30J_transport} + ${mssc_3_dep_30J_hyg} + ${mssc_3_dep_30J_tabac_alc}
",,,,,,
calculate,mssc_1_revenu_total_max,,,,,,,,,,,"if(selected(${mssc_1_revenu}, 'none'),0, if(selected(${mssc_1_revenu}, '1_50000'), 50000, if(selected(${mssc_1_revenu}, '50001_100000'), 100000,  if(selected(${mssc_1_revenu}, '100001_150000'), 150000, if(selected(${mssc_1_revenu}, '150001_200000'), 200000, if(selected(${mssc_1_revenu}, '200001_300000'), 300000, if(selected(${mssc_1_revenu}, '300001_500000'), 500000, 100000000)))))))",,,,,,
select_one oui_non,mssc_3_depense_totale_note,Vos d‚penses mensuelles pour ces diff‚rents biens sont de ${mssc_3_depense_totale} XAF. Cela vous semble-t-il correct ? ,TRUE,,,"selected(${mssc_3_depense_totale_note}, 'oui')","Si ‡a ne semble pas correct, merci de v‚rifier les chiffres.",,,,,,,,,,,
note,mssc_3_depense_vs_revenu,Vos d‚penses totales (${mssc_3_depense_totale}) semblent trop hautes par rapport … vos revenus mensuels moyens (${mssc_1_revenu}). V‚rifiez les chiffres s'il vous plaŒt ! ,TRUE,,${mssc_3_depense_totale} > ${mssc_1_revenu_total_max},${mssc_3_depense_totale} <= ${mssc_1_revenu_total_max},,,,,,,,,,,,
end_group ,mssc_3_dep_30J,,,,,,,,,,,,,,,,,
begin group,mssc_4_dep_6M,Combien avez-vous d‚pens‚ pour acqu‚rir les biens et/ou services au cours des 6 derniers mois ?,,"D‚pense estim‚e en XAF pour chacune des cat‚gories (si aucune d‚pense, ‚crire 0)",,,,,,,,,,,,,,
integer,mssc_4_dep_6M_sante,"D‚penses totales au cours des 6 derniers mois en: 
D‚penses m‚dicales / sant‚",TRUE,,,,,,yes,,,,,,,,,
integer,mssc_4_dep_6M_vet,"D‚penses totales au cours des 6 derniers mois en: 
Vˆtements, chaussures",TRUE,,,,,,yes,,,,,,,,,
integer,mssc_4_dep_6M_educ,"D‚penses totales au cours des 6 derniers mois en: 
Education, frais de scolarit‚",TRUE,,,,,,yes,,,,,,,,,
integer,mssc_4_dep_6M_dettes,"D‚penses totales au cours des 6 derniers mois en: 
Remboursement de dette",TRUE,,,,,,yes,,,,,,,,,
integer,mssc_4_dep_6M_construction_log,"D‚penses totales au cours des 6 derniers mois en: 
Construction / R‚paration de logement",TRUE,,,,,,yes,,,,,,,,,
integer,mssc_4_dep_6M_fete,"D‚penses totales au cours des 6 derniers mois en: 
Ev‚nements sociaux / Festivit‚s",TRUE,,,,,,yes,,,,,,,,,
integer,mssc_4_dep_6M_intr_agr,"D‚penses totales au cours des 6 derniers mois en: 
Intrants agricoles (semences, engrais, pesticides)",TRUE,,,,,,yes,,,,,,,,,
integer,mssc_4_dep_6M_intr_el,"D‚penses totales au cours des 6 derniers mois en: 
Intrants ‚levage (aliment b‚tail, produits v‚t‚rinaires, pierres … l‚cher)",TRUE,,,,,,yes,,,,,,,,,
text,mssc_4_dep_6M_autre,Y a-t-il d'autres cat‚gories importantes dans vos d‚penses mensuelles ? Merci de pr‚ciser la cat‚gorie et le montant d‚pens‚,,,,,,,yes,,,,,,,,,
end_group ,mssc_4_dep_6M,,,,,,,,,,,,,,,,,
select_one oui_non_nsp,mssc_6_membres_assoc,"?tes-vous ou un membre de votre m‚nage membre de l'association ou groupement (AVEC, tontine, EPC, etc) ? ",TRUE,,,,,,,,,,,,,,,
select_one oui_non_nsp,mssc_7_acces_forma_prof,"Au cours des 90 derniers jours, aviez-vous accŠs … une initiative de formation professionnelle m‚tier ?",TRUE,,,,,,,,,,,,,,,
end_group ,MSSC,,,,,,,,,,,,,,,,,
,,,,,,,,,,,,,,,,,,
begin_group ,SecAl,Nous allons maintenant vous poser des questions concernant votre accŠs … la nourriture. Soyez le plus pr‚cis possible s'il vous plait.,,,,,,,,,,,,,,,,
begin_group ,FCS,"Combien de jours, durant les 7 derniers jours, les membres de votre m‚nage ont-ils consomm‚ les produits alimentaires suivants ? ",,,,,,,,,,,,,,,,
note,secal_1_question,"Combien de jours, durant les 7 derniers jours, les membres de votre m‚nage ont-ils consomm‚ les produits alimentaires suivants ? ",,"Chiffre entre 0 et 7. (Si l'aliment est consomm‚ plusieurs fois par jour, comptez qu'une seule fois!)",,.>= 0 and .<=7,"Chiffre entre 0 et 7. (Si l'aliment est consomm‚ plusieurs fois par jour, comptez qu'une seule fois!)",,,,,,,,,,,
integer,secal_1_cereales,"C‚r‚ales, Racines, tubercules",TRUE,"Sorgho, mil, ma‹s, bl‚, riz, pain/galette, beignets, farine, pƒtes alimentaire, manioc, pomme de terre, patates douces, ignames, et autres tubercules",,.>= 0 and .<=7,"Chiffre entre 0 et 7. (Si l'aliment est consomm‚ plusieurs fois par jour, comptez qu'une seule fois!)",,,,,,,,,,,
select_one source_aliment,secal_2_cereales,"C‚r‚ales, Racines, tubercules - Et comment ces aliments ont-ils ‚t‚ principalement acquis ? ",TRUE,"Sorgho, mil, ma‹s, bl‚, riz, pain/galette, beignets, farine, pƒtes alimentaire, manioc, pomme de terre, patates douces, ignames, et autres tubercules",${secal_1_cereales} > 0,,,,,,,,,,,,,
integer,secal_1_legumineuse,L‚gumineuses / noix,TRUE,"Haricots, arachides, lentilles, amande, et/ou autre noix",,.>= 0 and .<=7,"Chiffre entre 0 et 7. (Si l'aliment est consomm‚ plusieurs fois par jour, comptez qu'une seule fois!)",,,,,,,,,,,
select_one source_aliment,secal_2_legumineuse,L‚gumineuses / noix - Et comment ces aliments ont-ils ‚t‚ principalement acquis ? ,TRUE,"Haricots, arachides, lentilles, amande, et/ou autre noix",${secal_1_legumineuse} > 0,,,,,,,,,,,,,
integer,secal_1_lait,Lait et autres produits laitiers,TRUE,"Lait frais / aigri, yaourt, fromage, autre produits laitiers SAUF margarine / beurre ou de petites quantit‚s de lait pour le th‚ / caf‚ (Lait en poudreÿ: seulement si des verres de lait en poudre sont consomm‚s)",,.>= 0 and .<=7,"Chiffre entre 0 et 7. (Si l'aliment est consomm‚ plusieurs fois par jour, comptez qu'une seule fois!)",,,,,,,,,,,
select_one source_aliment,secal_2_lait,Lait et autres produits laitiers - Et comment ces aliments ont-ils ‚t‚ principalement acquis ? ,TRUE,"Lait frais / aigri, yaourt, fromage, autre produits laitiers SAUF margarine / beurre ou de petites quantit‚s de lait pour le th‚ / caf‚ (Lait en poudreÿ: seulement si des verres de lait en poudre sont consomm‚s)",${secal_1_lait} > 0,,,,,,,,,,,,,
integer,secal_1_viande,"Viande, Poisson, ?ufs",TRUE,"ChŠvres, mouton, b?uf, poulets, fruits de mer, thon en boite, chenilles, termites, etc.",,.>= 0 and .<=7,"Chiffre entre 0 et 7. (Si l'aliment est consomm‚ plusieurs fois par jour, comptez qu'une seule fois!)",,,,,,,,,,,
select_one source_aliment,secal_2_viande,"Viande, Poisson, ?ufs - Et comment ces aliments ont-ils ‚t‚ principalement acquis ? ",TRUE,"ChŠvres, mouton, b?uf, poulets, fruits de mer, thon en boite, chenilles, termites, etc.",${secal_1_viande} > 0,,,,,,,,,,,,,
integer,secal_1_legumes,L‚gumes et feuilles vertes,TRUE,"Carotte, poivron rouge, citrouille,  oignon, tomates, concombre, haricot vert, petit pois, champignon, etc.",,.>= 0 and .<=7,"Chiffre entre 0 et 7. (Si l'aliment est consomm‚ plusieurs fois par jour, comptez qu'une seule fois!)",,,,,,,,,,,
select_one source_aliment,secal_2_legumes,L‚gumes et feuilles vertes - Et comment ces aliments ont-ils ‚t‚ principalement acquis ? ,TRUE,"Carotte, poivron rouge, citrouille,  oignon, tomates, concombre, haricot vert, petit pois, champignon, etc.",${secal_1_legumes} > 0,,,,,,,,,,,,,
integer,secal_1_fruits,Fruits,TRUE,"Mangue, papaye, banane, pomme, citron, mandarine, orange, goyave, etc.",,.>= 0 and .<=7,"Chiffre entre 0 et 7. (Si l'aliment est consomm‚ plusieurs fois par jour, comptez qu'une seule fois!)",,,,,,,,,,,
select_one source_aliment,secal_2_fruits,Fruits - Et comment ces aliments ont-ils ‚t‚ principalement acquis ? ,TRUE,"Mangue, papaye, banane, pomme, citron, mandarine, orange, goyave, etc.",${secal_1_fruits} > 0,,,,,,,,,,,,,
integer,secal_1_huile,Huile / gras / beurre,TRUE,"Huile de cuisson, beurre de karit‚, margarine, autres gras/huile",,.>= 0 and .<=7,"Chiffre entre 0 et 7. (Si l'aliment est consomm‚ plusieurs fois par jour, comptez qu'une seule fois!)",,,,,,,,,,,
select_one source_aliment,secal_2_huile,Huile / gras / beurre - Et comment ces aliments ont-ils ‚t‚ principalement acquis ? ,TRUE,"Huile de cuisson, beurre de karit‚, margarine, autres gras/huile",${secal_1_huile} > 0,,,,,,,,,,,,,
integer,secal_1_sucre,Sucre ou produits sucr‚ ,TRUE,"Miel, confiture, beignets, bonbons, biscuits, pƒtisseries, gƒteaux et autre produits sucr‚",,.>= 0 and .<=7,"Chiffre entre 0 et 7. (Si l'aliment est consomm‚ plusieurs fois par jour, comptez qu'une seule fois!)",,,,,,,,,,,
select_one source_aliment,secal_2_sucre,Sucre ou produits sucr‚ - Et comment ces aliments ont-ils ‚t‚ principalement acquis ? ,TRUE,"Miel, confiture, beignets, bonbons, biscuits, pƒtisseries, gƒteaux et autre produits sucr‚",${secal_1_sucre} > 0,,,,,,,,,,,,,
integer,secal_1_epices,Epices / condiments,TRUE,"Th‚, caf‚/cacao, sel, ail, ‚pices, levure/poudre … pƒte, tomate/sauce piquante, autres condiments y compris petite quantit‚ de lait pour le th‚/caf‚",,.>= 0 and .<=7,"Chiffre entre 0 et 7. (Si l'aliment est consomm‚ plusieurs fois par jour, comptez qu'une seule fois!)",,,,,,,,,,,
select_one source_aliment,secal_2_epices,Epices / condiments - Et comment ces aliments ont-ils ‚t‚ principalement acquis ? ,TRUE,"Th‚, caf‚/cacao, sel, ail, ‚pices, levure/poudre … pƒte, tomate/sauce piquante, autres condiments y compris petite quantit‚ de lait pour le th‚/caf‚",${secal_1_epices} > 0,,,,,,,,,,,,,
calculate,FCS_score,,,,,,,,,,,${secal_1_cereales}*2 + ${secal_1_legumineuse}*3 + ${secal_1_lait}*4 + ${secal_1_viande}*4 + ${secal_1_legumes}*1 + ${secal_1_fruits}*1 + ${secal_1_huile}*0.5 + ${secal_1_sucre}*0.5,,,,,,
end_group ,FCS,,,,,,,,,,,,,,,,,
begin_group ,HHS,,,,,,,,,,,,,,,,,
select_one oui_non_nsp,secal_3_HHS,"Au cours des 30 derniers jours, est-il arriv‚ qu'il y ait aucun aliment … manger … la maison, de quelque nature que ce soit, … cause du manque de ressources ? ",TRUE,,,,,,,,,,,,,,,
select_one HHS,secal_3_HHS_nb,Combien de fois est-ce arriv‚ au cours des 30 derniers jours ? ,TRUE,,"selected(${secal_3_HHS}, 'oui')",,,,,,,,,,,,,
select_one oui_non_nsp,secal_4_HHS,"Au cours des 30 derniers jours, ‚tiez-vous ou tout membre de votre m‚nage oblig‚ de dormir affam‚ le soir parce qu'il n'y avait pas assez de nourriture ?",TRUE,,,,,,,,,,,,,,,
select_one HHS,secal_4_HHS_nb,Combien de fois est-ce arriv‚ au cours des 30 derniers jours ? ,TRUE,,"selected(${secal_4_HHS}, 'oui')",,,,,,,,,,,,,
select_one oui_non_nsp,secal_5_HHS,"Au cours des 30 derniers jours, avez-vous ou tout membre de votre m‚nage pass‚ un jour et une nuit entiers sans rien manger parce qu'il n'y avait pas assez de nourriture ?",TRUE,,,,,,,,,,,,,,,
select_one HHS,secal_5_HHS_nb,Combien de fois est-ce arriv‚ au cours des 30 derniers jours ? ,TRUE,,"selected(${secal_5_HHS}, 'oui')",,,,,,,,,,,,,
end_group ,HHS,,,,,,,,,,,,,,,,,
select_one oui_non_nsp,secal_6_agric,Votre m‚nage pratique-t-il l?agriculture au cours de cette saison de fa‡on optimale ?,TRUE,,,,,,,,,,,,,,,
note,secal_6_agric_raisons,"Si non, pourquoi ? Merci de s‚lectionner les 3 raisons principales",,,"selected(${secal_6_agric}, 'non')",,,,,,,,,,,,,
select_one acces_agric_raisons,secal_6_agric_raisons_1,1Šre raison,TRUE,,"selected(${secal_6_agric}, 'non')",,,,,,,,,,,,,
select_one acces_agric_raisons,secal_6_agric_raisons_2,2Šme raison  (si n‚cessaire),,,"selected(${secal_6_agric}, 'non')",,,name != ${secal_6_agric_raisons_1},,,,,,,,,,
select_one acces_agric_raisons,secal_6_agric_raisons_3,3Šme raison (si n‚cessaire),,,"selected(${secal_6_agric}, 'non')",,,name != ${secal_6_agric_raisons_1} and name != ${secal_6_agric_raisons_2},,,,,,,,,,
text,secal_6_agric_raisons_autre,Merci de pr‚ciser la/les autre(s) raison(s) de votre impossibilit‚ de pratiquer l'agriculture,TRUE,,${secal_6_agric_raisons_1} ='autre' or ${secal_6_agric_raisons_2} ='autre' or ${secal_6_agric_raisons_3} ='autre',,,,,,,,,,,,,
select_one acces_marche,secal_9_acces_marche,"Au cours des 7 derniers jours, y avait-t-il un march‚ fonctionnel … distance de marche ? ",,,,,,,,,,,,,,,,
end_group ,SecAl,,,,,,,,,,,,,,,,,
,,,,,,,,,,,,,,,,,,
begin_group ,EHA,Nous allons maintenant vous poser des questions concernant vos habitudes sur votre consommation d'eau et votre hygiŠne quotidienne. Soyez le plus pr‚cis possible s'il vous plait.,,,,,,,,,,,,,,,,
begin_group ,EAU,EAU,,,,,,,,,,,,,,,,
select_multiple source_eau,wash_1_source_boisson,"Au cours des 7 derniers jours, quelle est ou quelles sont les sources d'eau principales que votre m‚nage a utilis‚ pour boire",TRUE,,,"not(selected(., 'nsp') and count-selected(.)>1)","Si 'je ne sais pas / pr‚fŠre ne pas r‚pondre', aucune autre r‚ponse ne doit ˆtre s‚lectionn‚e",,,,,,,,,,,
text,wash_1_source_boisson_autre,"Si autre, merci de pr‚ciser",TRUE,,"selected(${wash_1_source_boisson}, 'autre')",,,,,,,,,,,,,
select_multiple source_eau,wash_2_source_autre_usage,"Au cours des 7 derniers jours, quelle est ou quelles sont les sources d'eau principales que votre m‚nage a utilis‚ pour les autres usages (pour cuisiner, pour des raisons hygi‚niques, pour se laver ou laver)?",TRUE,,,,,,,,,,,,,,,
text,wash_2_source_autre_usage_autre,"Si autre, merci de pr‚ciser",TRUE,,"selected(${wash_2_source_autre_usage}, 'autre')",,,,,,,,,,,,,
select_one temps_d_acces,wash_4_temps,"Au cours des 7 derniers jours, combien de temps vous faut-il pour rejoindre votre source d'eau principale, r‚cup‚rer l'eau et revenir (incluant le temps d'attente … la source)?",TRUE,,,,,,,,,,,,,,,
select_one oui_non_nsp,wash_5_saison_seche,Est-ce que la principale source d'eau que vous utilisez est disponible durant la saison sŠche et la saison des pluies ?,TRUE,,,,,,,,,,,,,,,
integer,wash_6_nb_bidons,"Combien de r‚cipients avez utilis‚ hier pour collecter de l'eau utilis‚e … des fins domestiques (boire, manger, se laver, nettoyer) ? ",TRUE,,,,,,,,,,,,,,,
note,wash_6_nb_bidons_note,"Vous avez indiqu‚ avoir ${wash_6_nb_bidons} r‚cipient(s). Pour chacun des r‚cipients, nous voudrions connaŒtre la capacit‚ en litre ainsi que le nombre de fois que vous l'avez rempli durant la journ‚e d'hier. ",,,,,,,,,,,,,,,,
begin repeat,nb_bidons,,,,,,,,,,,,${wash_6_nb_bidons},,,,,
calculate,theloopcount,,,,,,,,,,,position(..),,,,,,
integer,wash_6_volume_recipient,Quelle est la capacit‚ en litre du r‚cipient num‚ro ${theloopcount} ? ,TRUE,Entrer la capacit‚ totale du r‚cipient EN LITRES,,.>= 0 and.<=500,">0, Max. 500 litres",,,,,,,,,,,
integer,wash_7_frequence_recipient,Combien de fois le r‚cipient num‚ro ${theloopcount} a-t-il ‚t‚ rempli?,TRUE,Entrer le nombre de fois que les r‚cipients ont ‚t‚ remplis,,,,,,,,,,,,,,
calculate,volume_total_par_recipient,,,,,,,,,,,${wash_6_volume_recipient}*${wash_7_frequence_recipient},,,,,,
end repeat,nb_bidons,,,,,,,,,,,,,,,,,
calculate,volume_total_recipients,,,,,,,,,,,sum(${volume_total_par_recipient}),,,,,,
calculate,volume_total_recipients_pp,,,,,,,,,,,${volume_total_recipients} div ${ig_6_HH_membres_tot},,,,,,
note,wash_9_insuff_raisons,Quelles sont les 3 principales raisons pour lesquelles vous n'arrivez pas … r‚pondre … vos besoins en eau ? ,,,${volume_total_recipients_pp} < 15,,,,,,,,,,,,,
select_one eau_insuff_raison,wash_9_insuff_raisons_1,1Šre raison,TRUE,,${volume_total_recipients_pp} < 15,,,,,,,,,,,,,
select_one eau_insuff_raison,wash_9_insuff_raisons_2,2Šme raison (si n‚cessaire),,,"${volume_total_recipients_pp} < 15 and not(selected(${wash_9_insuff_raisons_1}, 'nsp')) and not(selected(${wash_9_insuff_raisons_1}, 'aucune'))",,,name != ${wash_9_insuff_raisons_1},,,,,,,,,,
select_one eau_insuff_raison,wash_9_insuff_raisons_3,3Šme raison (si n‚cessaire),,,"${volume_total_recipients_pp} < 15 and not(selected(${wash_9_insuff_raisons_1}, 'nsp')) and not(selected(${wash_9_insuff_raisons_1}, 'aucune')) and not(selected(${wash_9_insuff_raisons_2}, 'nsp')) and not(selected(${wash_9_insuff_raisons_2}, 'aucune'))",,,name != ${wash_9_insuff_raisons_1} and name != ${wash_9_insuff_raisons_2},,,,,,,,,,
select_multiple certains_groupes,wash_9_insuff_raisons_certains_groupes,Vous avez indiqu‚ que certains groupes n'ont pas accŠs aux sources d?eau. Merci de s‚lectionner tous les groupes de population qui ne peuvent pas se rendre au point d'eau. ,,,${wash_9_insuff_raisons_1} ='inacc_pr_certains_groupes' or ${wash_9_insuff_raisons_2} ='inacc_pr_certains_groupes' or ${wash_9_insuff_raisons_3} ='inacc_pr_certains_groupes',,,,,,,,,,,,,
text,wash_9_insuff_raisons_certains_groupes_autre,Merci de pr‚ciser quels autres groupes de population n'ont pas accŠs aux souces d'eau,,,"selected(${wash_9_insuff_raisons_certains_groupes}, 'autre')",,,,,,,,,,,,,
text,wash_9_insuff_raisons_autre,Merci de pr‚ciser la/les autre(s) raison(s) de votre manque d'accŠs … l'eau,,,${wash_9_insuff_raisons_1} ='autre' or ${wash_9_insuff_raisons_2} ='autre' or ${wash_9_insuff_raisons_3} ='autre',,,,,,,,,,,,,
end_group ,EAU,,,,,,,,,,,,,,,,,
begin_group ,SANITAIRE,Infrastructures sanitaires (toilettes / latrines),,,,,,,,,,,,,,,,
select_one infra_sanit,wash_10_infra_sanit,"Au cours des 7 derniers jours, quel type d'infrastructure sanitaire (latrine ou toilettes) utilisez-vous au sein du m‚nage ? ",TRUE,,,,,,,,,,,,,,,
select_one oui_non_nsp,wash_11_sanit_partagee,Partagez-vous une infrastructure sanitaire (latrines ou toilettes) avec plus de 20 personnes ?,TRUE,,"selected(${wash_10_infra_sanit}, 'latrine_acceptable') or selected(${wash_10_infra_sanit}, 'latrine_non_acceptable')",,,,,,,,,,,,,
select_one oui_non_nsp,wash_12_sanit_partagee_par_genre,Est-ce que les latrines communautaires que vous utilisez sont s‚par‚es par genre (homme/femme)?,TRUE,,"selected(${wash_11_sanit_partagee}, 'oui')",,,,,,,,,,,,,
select_one oui_non_nsp,wash_13_sanit_partagee_espace_femmes,Est-ce que les latrines communautaires que vous utilisez comprennent un espace r‚serv‚ aux femmes pour leur hygiŠne menstruelle ?,TRUE,,"selected(${wash_11_sanit_partagee}, 'oui')",,,,,,,,,,,,,
select_one acces_suffisant,wash_14_suffisant,"Globalement, votre accŠs actuel aux installations sanitaires est-il suffisant pour r‚pondre aux besoins essentiels des membres de votre m‚nage ?",TRUE,,,,,,,,,,,,,,,
note,wash_15_insuff_raisons,Quelles sont les 3 principales raisons pour lesquelles les membres du m‚nage n'avaient pas accŠs aux latrines/toilettes ? (trois raisons principales),,,"selected(${wash_14_suffisant}, 'juste_assez') or selected(${wash_14_suffisant}, 'insuff') or selected(${wash_14_suffisant}, 'pas_suff_du_tout') ",,,,,,,,,,,,,
select_one latrine_insuff_raison,wash_15_insuff_raisons_1,1Šre raison,TRUE,,"selected(${wash_14_suffisant}, 'juste_assez') or selected(${wash_14_suffisant}, 'insuff') or selected(${wash_14_suffisant}, 'pas_suff_du_tout') ",,,,,,,,,,,,,
select_one latrine_insuff_raison,wash_15_insuff_raisons_2,2Šme raison (si n‚cessaire),,,"(selected(${wash_14_suffisant}, 'juste_assez') or selected(${wash_14_suffisant}, 'insuff') or selected(${wash_14_suffisant}, 'pas_suff_du_tout')) and not(selected(${wash_15_insuff_raisons_1}, 'nsp')) and not(selected(${wash_15_insuff_raisons_1}, 'aucune'))",,,name != ${wash_15_insuff_raisons_1},,,,,,,,,,
select_one latrine_insuff_raison,wash_15_insuff_raisons_3,3Šme raison (si n‚cessaire),,,"(selected(${wash_14_suffisant}, 'juste_assez') or selected(${wash_14_suffisant}, 'insuff') or selected(${wash_14_suffisant}, 'pas_suff_du_tout')) and not(selected(${wash_15_insuff_raisons_1}, 'nsp')) and not(selected(${wash_15_insuff_raisons_1}, 'aucune')) and not(selected(${wash_15_insuff_raisons_2}, 'nsp')) and not(selected(${wash_15_insuff_raisons_2}, 'aucune'))",,,name != ${wash_15_insuff_raisons_1} and name != ${wash_15_insuff_raisons_2},,,,,,,,,,
select_one certains_groupes,wash_15_insuff_raisons_certains_groupes,Vous avez indiqu‚ que certains groupes n'ont pas accŠs aux toilettes / latrines. Merci de s‚lectionner tous les groupes de population qui ne peuvent pas se rendre aux latrines. ,,,${wash_15_insuff_raisons_1} ='inacc_pr_certains_groupes' or ${wash_15_insuff_raisons_2} ='inacc_pr_certains_groupes' or ${wash_15_insuff_raisons_3} ='inacc_pr_certains_groupes',,,,,,,,,,,,,
text,wash_15_insuff_raisons_certains_groupes_autre,Merci de pr‚ciser quels autres groupes de population n'ont pas accŠs aux toilettes / latrines.,,,"selected(${wash_15_insuff_raisons_certains_groupes}, 'autre')",,,,,,,,,,,,,
text,wash_15_insuff_raisons_autre,Merci de pr‚ciser la/les autre(s) raison(s) de votre manque d'accŠs aux toilettes / latrines.,,,${wash_15_insuff_raisons_1} ='autre' or ${wash_15_insuff_raisons_2} ='autre' or ${wash_15_insuff_raisons_3} ='autre',,,,,,,,,,,,,
end_group ,SANITAIRE,,,,,,,,,,,,,,,,,
begin_group ,HYGIENE,Lavage de main,,,,,,,,,,,,,,,,
select_multiple lavage_main_moment,wash_18_lavage_main_moment,"Au cours de la journ‚e d?hier, … quels moments vous ˆtes-vous lav‚ les mains ?",TRUE,"Ne pas lire les r‚ponses, mais laisser le r‚pondant se rappeler de tous les moments",,"not(selected(., 'nsp') and count-selected(.)>1)","Si 'je ne sais pas / pr‚fŠre ne pas r‚pondre', aucune autre r‚ponse ne doit ˆtre s‚lectionn‚e",,,,,,,,,,,
select_multiple lavage_main_moyens,wash_19_lavage_main_moyens,"Au cours de la journ‚e d?hier, par quels moyens vous lavez-vous les mains pendant les moments cl‚s ?",TRUE,,,,,,,,,,,,,,,
end_group ,HYGIENE,,,,,,,,,,,,,,,,,
begin_group ,environmental_sanit,Visibilit‚ autour de votre logement des ‚l‚ments suivants (30 mŠtre ou moins) :,,,,,,,,,,,,,,,,
note,environmental_sanit_note,"Finalement, nous aimerions savoir si au cours des 30 derniers jours, il ‚tait possible de voir autour de votre logement les ‚l‚ments suivants (30 mŠtre ou moins) :",,,,,,,,,,,,,,,,
select_one oui_non_nsp,wash_20_dechets,Des d‚chets solides ou ordures,TRUE,,,,,,,,,,,,,,,
select_one oui_non_nsp,wash_20_excrements,Des excr‚ments humains,TRUE,,,,,,,,,,,,,,,
select_one oui_non_nsp,wash_20_eau_stagnante,De l'eau stagnante,TRUE,,,,,,,,,,,,,,,
select_one oui_non_nsp,wash_20_animaux_morts,Des animaux morts,TRUE,,,,,,,,,,,,,,,
select_one oui_non_nsp,wash_20_rongeurs,Des rongeurs,TRUE,,,,,,,,,,,,,,,
select_one oui_non_nsp,wash_20_autres,Autres ‚l‚ments malsains,TRUE,,,,,,,,,,,,,,,
text,wash_20_autres_autre,Merci de pr‚ciser quels types d'‚l‚ments,TRUE,,"selected(${wash_20_autres}, 'oui')",,,,,,,,,,,,,
end_group ,environmental_sanit,,,,,,,,,,,,,,,,,
note,wash_21,"Afin de clarifier notre discussion concernant l'eau, l'hygiŠne et l'assainissement, quelle est votre plus grande inqui‚tude actuellement concernant votre m‚nage (… classer de 1 … 3)",,,,,,,,,,,,,,,,
select_one wash_inquiet,wash_21_wash_inquiet_1,1Šre inquiŠtude,TRUE,,,,,,,,,,,,,,,
select_one wash_inquiet,wash_21_wash_inquiet_2,2Šme inquiŠtude (si n‚cessaire),,,"not(selected(${wash_21_wash_inquiet_1}, 'nsp')) and not(selected(${wash_21_wash_inquiet_1}, 'aucune'))",,,name != ${wash_21_wash_inquiet_1},,,,,,,,,,
select_one wash_inquiet,wash_21_wash_inquiet_3,3Šme inquiŠtude (si n‚cessaire),,,"not(selected(${wash_21_wash_inquiet_1}, 'nsp')) and not(selected(${wash_21_wash_inquiet_1}, 'aucune')) and not(selected(${wash_21_wash_inquiet_2}, 'nsp')) and not(selected(${wash_21_wash_inquiet_2}, 'aucune'))",,,name != ${wash_21_wash_inquiet_1} and name != ${wash_21_wash_inquiet_2},,,,,,,,,,
end_group ,EHA,, ,,,,,,,,,,,,,,,
,,,,,,,,,,,,,,,,,,
begin_group ,Deces,,,,,,,,,,,,,,,,,
select_one oui_non_nsp,sante_5_deces,"Durant les 90 derniers jours, est-ce qu'un membre de votre m‚nage est d‚c‚d‚ ? ",TRUE,,,,,,,,,,,,,,,
select_one deces_relation,sante_5_deces_relation,Nous aimerions avoir plus de d‚tail sur le dernier d‚cŠs qui a eu lieu dans votre m‚nage. Pourrions nous savoir quel ‚tait la relation que vous aviez avec cette personne ? ,,,"selected(${sante_5_deces}, 'oui')",,,,,,,,,,,,,
text,sante_5_deces_relation_autre,Merci de pr‚ciser,,,"selected(${sante_5_deces_relation}, 'autre')",,,,,,,,,,,,,
integer,sante_5_deces_age,Pourrions nous connaŒtre son ƒge ?,,,"selected(${sante_5_deces}, 'oui')",,,,,,,,,,,,,
select_one homme_femme,sante_5_deces_sexe,Pourrions nous connaŒtre son genre ?,,,"selected(${sante_5_deces}, 'oui')",,,,,,,,,,,,,
select_one deces_cause,sante_5_deces_cause,Pourrions nous connaŒtre la cause de son d‚cŠs ?,,,"selected(${sante_5_deces}, 'oui')",,,,,,,,,,,,,
text,sante_5_deces_cause_autre,Merci de pr‚ciser,,,"selected(${sante_5_deces_cause}, 'autre')",,,,,,,,,,,,,
end_group ,Deces,,,,,,,,,,,,,,,,,
begin_group,Protection,Protection,,,,,,,,,,,,,,,,
select_one oui_non ,protect_2_femmes,"Actuellement, avez-vous peur pour la s‚curit‚ des femmes adultes de ce m‚nage ? ",TRUE,,${sum_agegrp_18plus_femmes} > 0,,,,,,,,,,,,,
select_multiple risque,protect_2_femmes_risque,"Parmi les risques suivants, quels sont ceux auxquels les femmes adultes du m‚nages sont expos‚es ?  ",TRUE,,"selected(${protect_2_femmes},'oui') ","not(selected(., 'nsp') and count-selected(.)>1)","Si 'je ne sais pas / pr‚fŠre ne pas r‚pondre', aucune autre r‚ponse ne doit ˆtre s‚lectionn‚e",,,,,,,,,,,
text,protect_2_femmes_risque_autre,"Si autre, veuillez pr‚ciser : ",TRUE,,"selected(${protect_2_femmes_risque},'autre') ",,,,,,,,,,,,,
select_one oui_non ,protect_2_hommes,"Actuellement, avez-vous peur pour la s‚curit‚ des hommes adultes de ce m‚nage ? ",TRUE,,${sum_agegrp_18plus_hommes} > 0,,,,,,,,,,,,,
select_multiple risque,protect_2_hommes_risque,"Parmi les risques suivants, quels sont ceux auxquels les hommes du m‚nages sont expos‚s ?  ",TRUE,,"selected(${protect_2_hommes},'oui') ","not(selected(., 'nsp') and count-selected(.)>1)","Si 'je ne sais pas / pr‚fŠre ne pas r‚pondre', aucune autre r‚ponse ne doit ˆtre s‚lectionn‚e",,,,,,,,,,,
text,protect_2_hommes_risque_autre,"Si autre, veuillez pr‚ciser : ",TRUE,,"selected(${protect_2_hommes_risque},'autre') ",,,,,,,,,,,,,
select_one oui_non ,protect_3_filles,"Actuellement, avez-vous peur pour la s‚curit‚ des filles (moins de 18 ans) de votre m‚nage ?",TRUE,,${sum_agegrp_0_17_femmes} > 0,,,,,,,,,,,,,
select_multiple risque ,protect_3_filles_risque,"Parmi les risques suivants, quels sont ceux auxquels les filles de votre m‚nages sont expos‚s ?  ",TRUE,,"selected(${protect_3_filles},'oui') ","not(selected(., 'nsp') and count-selected(.)>1)","Si 'je ne sais pas / pr‚fŠre ne pas r‚pondre', aucune autre r‚ponse ne doit ˆtre s‚lectionn‚e",,,,,,,,,,,
text,protect_3_filles_risque_autre,"Si autre, veuillez pr‚ciser",TRUE,,"selected(${protect_3_filles_risque},'autre') ",,,,,,,,,,,,,
select_one oui_non ,protect_3_garcons,"Actuellement, avez-vous peur pour la s‚curit‚ des gar‡ons (moins de 18 ans) de votre m‚nage ?",TRUE,,${sum_agegrp_0_17_hommes} > 0,,,,,,,,,,,,,
select_multiple risque ,protect_3_garcons_risque,"Parmi les risques suivants, quels sont ceux auxquels les gar‡ons de votre m‚nages sont expos‚s ?  ",TRUE,,"selected(${protect_3_garcons},'oui') ","not(selected(., 'nsp') and count-selected(.)>1)","Si 'je ne sais pas / pr‚fŠre ne pas r‚pondre', aucune autre r‚ponse ne doit ˆtre s‚lectionn‚e",,,,,,,,,,,
text,protect_3_garcons_risque_autre,"Si autre, veuillez pr‚ciser",TRUE,,"selected(${protect_3_garcons_risque},'autre') ",,,,,,,,,,,,,
select_one oui_non_nsp,protect_4,"Au cours des 6 derniers mois, existe-t-il dans votre m‚nage des personnes qui ont ‚t‚ forc‚es de travailler, forc‚es d?accepter un emploi ou forc‚es de rester dans un emploi contre leur gr‚ ?",TRUE,,,,,,,,,,,,,,,
select_multiple travail_force,protect_5_travail_force,Quel type de travail ‚tait-ce?,TRUE,,"selected(${protect_4},'oui') ","not(selected(., 'nsp') and count-selected(.)>1)","Si 'je ne sais pas / pr‚fŠre ne pas r‚pondre', aucune autre r‚ponse ne doit ˆtre s‚lectionn‚e",,,,,,,,,,,
text,protect_5_1_travail_force_autre,"Si autre, veuillez pr‚ciser",TRUE,,"selected(${protect_5_travail_force},'autre') ",,,,,,,,,,,,,
select_one oui_non ,protect_8,Est-ce que tous vos enfants (moins de 18 ans) habitent avec vous? ,TRUE,,,,,,,,,,,,,,,
integer,protect_8_1_filles,Combien de filles n'habitent pas avec vous ?,TRUE,,"selected(${protect_8},'non') ",,,,,0,,,,,,,,
integer,protect_8_1_garcons,Combien de gar‡ons n'habitent pas avec vous ?,TRUE,,"selected(${protect_8},'non') ",,,,,0,,,,,,,,
calculate,protect_8_1,,,,,,,,,,,${protect_8_1_filles}+${protect_8_1_garcons},,,,,,
select_multiple raison_separation,protect_8_2,"Nous aimerions comprendre pourquoi ces ${protect_8_1} enfants ne vivent pas sous votre toit avec vous. Parmi la liste suivante de raisons potentielles, pouvez-vous m'indiquer lesquelles s'appliquent … vos ${protect_8_1} enfants ne vivant pas sous votre toit ? ",TRUE,,"selected(${protect_8},'non') ","not(selected(., 'nsp') and count-selected(.)>1)","Si 'je ne sais pas / pr‚fŠre ne pas r‚pondre', aucune autre r‚ponse ne doit ˆtre s‚lectionn‚e",,,,,,,,,,,
text,protect_8_2_autre,"Si autre, veuillez pr‚ciser : ",TRUE,,"selected(${protect_8_2},'autre') ",,,,,,,,,,,,,
select_one oui_non ,protect_11,"Y a-t-il au moins un membre du m‚nage qui a souffert au cours des 30 derniers jours en montrant des signes de d‚tresses psychologiques (comme des cauchemars, de la tristesse prolong‚e, de la fatigue extrˆme, de l'anxi‚t‚, etc.) ou avez-vous remarqu‚ un changement de comportement inhabituel ou inqui‚tant de la part d'un membre de votre famille ?",TRUE,,,,,,,,,,,,,,,
integer ,protect_11_1,Combien d'enfants (< 18 ans) ont montr‚ ce genre de signes de d‚tresse au sein du m‚nage ?,TRUE,,"selected(${protect_11},'oui') ",,,,,,,,,,,,,
integer ,protect_11_2,Combien d'adultes (> 18 ans) ont montr‚ ce genre de signes de d‚tresse au sein du m‚nage ?,TRUE,,"selected(${protect_11},'oui') ",,,,,,,,,,,,,
note,protect_12,Estimez-vous (vous-mˆme et les membres de votre m‚nage) avoir un accŠs non-discriminatoire aux services de base suivants ?,,,,,,,,,,,,,,,,
select_one oui_non ,protect_12_1,AccŠs … l'eau : ,TRUE,,,,,,,,,,,,,,,
select_one oui_non ,protect_12_2,AccŠs aux centres de soin :,TRUE,,,,,,,,,,,,,,,
select_one oui_non ,protect_12_3,AccŠs … l'‚ducation : ,TRUE,,,,,,,,,,,,,,,
select_one oui_non ,protect_12_4,AccŠs … la justice : ,TRUE,,,,,,,,,,,,,,,
select_multiple probleme_protection,protect_13,Existe-il des m‚canismes communautaires auxquels on pourrait reporter les problŠmes de protection … distance de marche ?,TRUE,,,"not(selected(.,'aucune') and count-selected(.)>1) and not(selected(., 'nsp') and count-selected(.)>1)","Si 'aucun' ou 'je ne sais pas / pr‚fŠre ne pas r‚pondre', aucune autre r‚ponse ne doit ˆtre s‚lectionn‚e",,,,,,,,,,,
text,protect_13_autre,"Si autre, veuillez pr‚ciser : ",TRUE,,"selected(${protect_13},'autre') ",,,,,,,,,,,,,
end_group ,Protection ,,,,,,,,,,,,,,,,,
,,,,,,,,,,,,,,,,,,
begin_group,Coping,Coping,,,,,,,field list ,,,,,,,,,
note,coping,"Au cours des 7 derniers jours, est-ce que vous-mˆme ou un membre de votre famille a d– faire l?une des choses suivantes parce que vous n?aviez pas assez de ressources pour subvenir … vos besoins de bases :",,,,,,,,,,,,,,,,
select_one oui_non,coping_1_aliments_moins_preferes,Consommer des aliments moins pr‚f‚r‚s et moins chers ?,TRUE,,,,,,,,,,,,,,,
integer,coping_1_1_aliments_moins_preferes_jours,Combien de jours ? ,TRUE,,"selected(${coping_1_aliments_moins_preferes},'oui') ",((.)>0 and (.)<=7),Au cours des 7 derniers jours ,,,,,,,,,,,
select_one oui_non,coping_6_emprunt_nourriture_argent,"Emprunter de la nourriture ou recourir … l?aide des parents, des voisins ou des amis ?",TRUE,,,,,,,,,,,,,,,
integer,coping_6_1_emprunter_nourriture_argent_jours,Combien de jours ? ,TRUE,,"selected(${coping_6_emprunt_nourriture_argent},'oui') ",((.)>0 and (.)<=7),Au cours des 7 derniers jours ,,,,,,,,,,,
select_one oui_non,coping_3_diminution_quantite,Diminuer la quantit‚ consomm‚e pendant les repas ?,TRUE,,,,,,,,,,,,,,,
integer,coping_3_1_diminution_quantite_jours,Combien de jours ? ,TRUE,,"selected(${coping_3_diminution_quantite},'oui') ",((.)>0 and (.)<=7),Au cours des 7 derniers jours ,,,,,,,,,,,
select_one oui_non,coping_2_restriction_adultes,Restreindre la consommation de nourriture des adultes pour permettre aux plus jeunes de manger davantage ? ,TRUE,,,,,,,,,,,,,,,
integer,coping_2_1_restriction_nourriture_adultes_jours,Combien de jours ? ,TRUE,,"selected(${coping_2_restriction_adultes},'oui') ",((.)>0 and (.)<=7),Au cours des 7 derniers jours ,,,,,,,,,,,
select_one oui_non,coping_8_reduction_repas,Diminuer le nombre de repas par jour ?,TRUE,,,,,,,,,,,,,,,
integer,coping_8_1_reduction_repas_jours,Combien de jours ? ,TRUE,,"selected(${coping_8_reduction_repas},'oui') ",((.)>0 and (.)<=7),Au cours des 7 derniers jours ,,,,,,,,,,,
select_one oui_non,coping_4_reduction_eau_domestique,"R‚duire la quantit‚ d'eau utilis‚e … des fins domestiques (pour boire, laver, cuisiner, etc.) ?",TRUE,,,,,,,,,,,,,,,
integer,coping_4_1_reduction_eau_domestique_jours,Combien de jours ? ,TRUE,,"selected(${coping_4_reduction_eau_domestique},'oui') ",((.)>0 and (.)<=7),Au cours des 7 derniers jours ,,,,,,,,,,,
select_one oui_non,coping_5_utilisation_eau_non_sure,Utiliser de l'eau non s–re (sans la bouillir ou la purifier) d'une source non-am‚lior‚e ? ,TRUE,,,,,,,,,,,,,,,
integer,coping_5_1_utilisation_eau_non_sure_jours,Combien de jours ? ,TRUE,,"selected(${coping_5_utilisation_eau_non_sure},'oui') ",((.)>0 and (.)<=7),Au cours des 7 derniers jours ,,,,,,,,,,,
end_group,Coping ,,,,,,,,,,,,,,,,,
begin_group ,LCS,,,,,,,,,,,,,,,,,
note,secal_11_LCS,"Au cours des 30 derniers jours, est-ce que quelqu?un dans votre m‚nage a d– faire l?une des choses suivantes parce qu'il n'y avait pas assez de nourriture ou d'argent pour l'acheter ?",,"Vous aurez toujours les options de r‚ponses suivantes :
- Non, parce que je n'en ai pas eu besoin
- Non, parce que j'ai d‚j… vendu ces actifs ou men‚ cette activit‚ au cours des derniers mois et je ne peux pas continuer … le faire)
- Oui

L'opgtion 'Non applicable' doit ˆtre choisie si le m‚nage n'a jamais eu de maison ou jamais eu de b‚tails",,,,,,,,,,,,,,
select_one LCS,secal_11_LCS_actifs_non_prod,"Vendre des actifs non productifs du m‚nage (radio, meubles, r‚frig‚rateur, t‚l‚vision, bijoux, etc.)",TRUE,,,,,,,,,,,,,,,
select_one LCS,secal_11_LCS_actifs_prod,"Vendre des actifs productifs ou moyens de transport (mat‚riel agricole, machine … coudre, brouette, v‚lo, voiture, etc.)",TRUE,,,,,,,,,,,,,,,
select_one LCS,secal_11_LCS_reduire_dep,"R‚duire les d‚penses non alimentaires essentielles telles que l?‚ducation, la sant‚",TRUE,,,,,,,,,,,,,,,
select_one LCS,secal_11_LCS_dep_epargne,D‚penser l?‚pargne,TRUE,,,,,,,,,,,,,,,
select_one LCS,secal_11_LCS_emprunter,Emprunter de l?argent/nourriture … un pr‚teur officielle/banque,TRUE,,,,,,,,,,,,,,,
select_one LCS_ac_pert,secal_11_LCS_retirer_ecole,Retirer les enfants de l?‚cole,TRUE,,,,,,,,,,,,,,,
select_one LCS_ac_pert,secal_11_LCS_vendre_maison,"Vendre la maison, la parcelle de terrain ou le champ",TRUE,,,,,,,,,,,,,,,
select_one LCS,secal_11_LCS_activites_risquees,"Un membre de la famille a d– s?engager dans des activit‚s risqu‚es ou ill‚gales g‚n‚ratrices de revenus (vols, vente de la drogue, travail avec groupes arm‚s, prostitution, etc.)",TRUE,,,,,,,,,,,,,,,
select_one LCS,secal_11_LCS_mendier,Mendier,TRUE,,,,,,,,,,,,,,,
select_one LCS_ac_pert,secal_11_LCS_vendre_animaux,Vendre plus d?animaux (non-productifs) que d?habitude,TRUE,,,,,,,,,,,,,,,
select_one LCS,secal_11_LCS_consommer_semences,Consommation des semences,TRUE,,,,,,,,,,,,,,,
end_group ,LCS,,,,,,,,,,,,,,,,,
,,,,,,,,,,,,,,,,,,
begin_group ,AAP,AAP,,,,,,,,,,,,,,,,
select_one source_confiance,aap_1_source_confiance,En quelle source avez-vous le plus confiance pour recevoir les informations dont vous avez besoin?,TRUE,,,,,,,,,,,,,,,
text,aap_1_1_source_confiance_autre,"Si autre, veuillez pr‚ciser : ",TRUE,,"selected(${aap_1_source_confiance},'autre')",,,,,,,,,,,,,
select_multiple type_information,aap_2_type_information,Quel type d?information aimeriez-vous recevoir ? ,TRUE,Merci de s‚lectionner les 3 types d?information que vous souhaiteriez recevoir,,"not(selected(., 'nsp') and count-selected(.)>1)","Si 'je ne sais pas / pr‚fŠre ne pas r‚pondre', aucune autre r‚ponse ne doit ˆtre s‚lectionn‚e",,,,,,,,,,,
text,aap_2_1_type_information_autre,"Si autre, veuillez pr‚ciser : ",TRUE,,"selected(${aap_2_type_information},'autre')",,,,,,,,,,,,,
select_one canal_information,aap_3_canal_information,Quel serait votre moyen pr‚f‚r‚ pour recevoir de l?information ?,TRUE,,,,,,,,,,,,,,,
text,aap_3_canal_information_enpersonne,Merci de pr‚ciser avec qui vous souhaiteriez en discuter :,,,"selected(${aap_3_canal_information},'face_a_face')",,,,,,,,,,,,,
text,aap_3_canal_information_autre,"Si autre, veuillez pr‚ciser : ",TRUE,,"selected(${aap_3_canal_information},'autre')",,,,,,,,,,,,,
select_multiple retour_fournisseurs,aap_4_retour_fournisseurs_aide,"Comment pr‚f‚reriez-vous donner un retour aux fournisseurs d?aide humanitaire pour les informer sur la qualit‚, la quantit‚ et l?ad‚quation de l?aide que vous pourriez recevoir ?",TRUE,Merci de s‚lectionner les 3 possibilit‚s,,"not(selected(., 'nsp') and count-selected(.)>1)","Si 'je ne sais pas / pr‚fŠre ne pas r‚pondre', aucune autre r‚ponse ne doit ˆtre s‚lectionn‚e",,,,,,,,,,,
text,aap_4_retour_fournisseurs_aide_autre,"Si autre, veuillez pr‚ciser : ",TRUE,,"selected(${aap_4_retour_fournisseurs_aide},'autre')",,,,,,,,,,,,,
end_group ,AAP,,,,,,,,,,,,,,,,,
,,,,,,,,,,,,,,,,,,
begin_group ,rep_souhaitee,,,,,,,,,,,,,,,,,
note,rep_souhaitee_note,"Finalement, nous aimerions mieux comprendre les principales besoins prioritaires de votre m‚nage. Quels sont d'aprŠs vous les 3 besoins les plus important pour vous et votre m‚nage ? (classer par importance : 1 … 3) ",,,,,,,,,,,,,,,,
select_one rep_souhaitee,rep_souhaitee_1,Besoin prioritaire nø1 (si n‚cessaire),,,,,,,,,,,,,,,,
select_one rep_souhaitee,rep_souhaitee_2,Besoin prioritaire nø2 (si n‚cessaire),,,,,,name != ${rep_souhaitee_1},,,,,,,,,,
select_one rep_souhaitee,rep_souhaitee_3,Besoin prioritaire nø3 (si n‚cessaire),,,,,,name != ${rep_souhaitee_1} and name != ${rep_souhaitee_2},,,,,,,,,,
begin_group,assistance_educ,,,,"selected(${rep_souhaitee_1},'educ') or selected(${rep_souhaitee_2},'educ') or selected(${rep_souhaitee_3},'educ') ",,,,,,,,,,,,,
note,assistance_educ_note,"Si vous deviez recevoir une assistance pour adresser l'inqui‚tude en ‚ducation exprim‚e, que souhaiteriez-vous recevoir ?",,,,,,,,,,,,,,,,
select_one educ_reponse,educ_6_reponse_1,1Šre assistance souhait‚e,TRUE,,,,,,,,,,,,,,,
select_one educ_reponse,educ_6_reponse_2,2Šme assistance souhait‚e (si n‚cessaire),,,,,,name != ${educ_6_reponse_1},,,,,,,,,,
select_one educ_reponse,educ_6_reponse_3,3Šme assistance souhait‚e (si n‚cessaire),,,,,,name != ${educ_6_reponse_1} and name != ${educ_6_reponse_2},,,,,,,,,,
text,educ_6_reponse_autre,Merci de pr‚ciser quelle(s) assistance(s) vous souhaiteriez le plus,TRUE,,"selected(${educ_6_reponse_1}, 'autre') or selected(${educ_6_reponse_2}, 'autre') or selected(${educ_6_reponse_3}, 'autre')",,,,,,,,,,,,,
end_group,assistance_educ,,,,,,,,,,,,,,,,,
begin_group,assistance_nfi,,,,"selected(${rep_souhaitee_1},'nfi') or selected(${rep_souhaitee_2},'nfi')  or selected(${rep_souhaitee_3},'nfi') ",,,,,,,,,,,,,
note,assistance_nfi_note,"Si vous deviez recevoir une assistance pour adresser l'inqui‚tude en biens non-alimentaires exprim‚e, que souhaiteriez-vous recevoir ?",,,,,,,,,,,,,,,,
select_one assistance ,nfi_7_assistance_1,1Šre assistance souhait‚e,TRUE,,,,,,,,,,,,,,,
select_one assistance ,nfi_7_assistance_2,2Šme assistance souhait‚e (si n‚cessaire),,,,${nfi_7_assistance_1} != '' and ((.) != ${nfi_7_assistance_1}),,name != ${nfi_7_assistance_1},,,,,,,,,,
select_one assistance ,nfi_7_assistance_3 ,3Šme assistance souhait‚e (si n‚cessaire),,,,${nfi_7_assistance_2} != '' and ((.) != ${nfi_7_assistance_2}),,name != ${nfi_7_assistance_1} and name != ${nfi_7_assistance_2},,,,,,,,,,
text,nfi_7_assistance_autre,"Si autre, veuillez pr‚ciser : ",TRUE,,"selected(${nfi_7_assistance_1}, 'autre') or selected(${nfi_7_assistance_2}, 'autre') or selected(${nfi_7_assistance_3}, 'autre')",,,,,,,,,,,,,
end_group ,assistance_nfi,,,,,,,,,,,,,,,,,
begin_group,assistance_secal,,,,"selected(${rep_souhaitee_1},'secal') or selected(${rep_souhaitee_2},'secal') or selected(${rep_souhaitee_3},'secal') ",,,,,,,,,,,,,
note,assistance_secal_note,"Si vous deviez recevoir une assistance pour adresser l'inqui‚tude en nourriture exprim‚e, que souhaiteriez-vous recevoir ?",,,,,,,,,,,,,,,,
select_one secal_reponse,secal_13_reponse_1,1Šre assistance souhait‚e,TRUE,,,,,,,,,,,,,,,
select_one secal_reponse,secal_13_reponse_2,2Šme assistance souhait‚e (si n‚cessaire),,,,,,name != ${secal_13_reponse_1},,,,,,,,,,
select_one secal_reponse,secal_13_reponse_3,3Šme assistance souhait‚e (si n‚cessaire),,,,,,name != ${secal_13_reponse_1} and name != ${secal_13_reponse_2},,,,,,,,,,
text,secal_13_reponse_autre,Merci de pr‚ciser quelle(s) assistance(s) vous souhaiteriez le plus,TRUE,,"selected(${secal_13_reponse_1}, 'autre') or selected(${secal_13_reponse_2}, 'autre') or selected(${secal_13_reponse_3}, 'autre')",,,,,,,,,,,,,
end_group,assistance_secal,,,,,,,,,,,,,,,,,
begin_group,assistance_wash,,,,"selected(${rep_souhaitee_1},'wash') or selected(${rep_souhaitee_2},'wash') or selected(${rep_souhaitee_3},'wash') ",,,,,,,,,,,,,
note,assistance_wash_note,"Si vous deviez recevoir une assistance pour adresser l'inqui‚tude en eau, hygiŠne, latrine exprim‚e, que souhaiteriez-vous recevoir ?",,,,,,,,,,,,,,,,
select_one wash_reponse,wash_22_wash_reponse_1,1Šre assistance souhait‚e,TRUE,,,,,,,,,,,,,,,
select_one wash_reponse,wash_22_wash_reponse_2,2Šme assistance souhait‚e (si n‚cessaire),TRUE,,,,,name != ${wash_22_wash_reponse_1},,,,,,,,,,
select_one wash_reponse,wash_22_wash_reponse_3,3Šme assistance souhait‚e (si n‚cessaire),TRUE,,,,,name != ${wash_22_wash_reponse_1} and name != ${wash_22_wash_reponse_2},,,,,,,,,,
text,wash_22_autres_autre,Merci de pr‚ciser quelle(s) assistance(s) vous souhaiteriez le plus,TRUE,,"selected(${wash_22_wash_reponse_1}, 'autre') or selected(${wash_22_wash_reponse_2}, 'autre') or selected(${wash_22_wash_reponse_3}, 'autre')",,,,,,,,,,,,,
end_group,assistance_wash,,,,,,,,,,,,,,,,,
begin_group,assistance_sante,,,,"selected(${rep_souhaitee_1},'sante') or selected(${rep_souhaitee_2},'sante')  or selected(${rep_souhaitee_3},'sante') ",,,,,,,,,,,,,
note,assistance_sante_note,"Si vous deviez recevoir une assistance pour adresser l'inqui‚tude en sant‚ exprim‚e, que souhaiteriez-vous recevoir ?",,,,,,,,,,,,,,,,
select_one sante_reponse,sante_7_reponse_1,1Šre assistance souhait‚e,TRUE,,,,,,,,,,,,,,,
select_one sante_reponse,sante_7_reponse_2,2Šme assistance souhait‚e (si n‚cessaire),,,,,,name != ${sante_7_reponse_1},,,,,,,,,,
select_one sante_reponse,sante_7_reponse_3,3Šme assistance souhait‚e (si n‚cessaire),,,,,,name != ${sante_7_reponse_1} and name != ${sante_7_reponse_2},,,,,,,,,,
text,sante_7_reponse_autre,Merci de pr‚ciser quelle(s) assistance(s) vous souhaiteriez le plus,TRUE,,${sante_7_reponse_1} ='autre' or ${sante_7_reponse_2} ='autre' or ${sante_7_reponse_3} ='autre',,,,,,,,,,,,,
end_group,assistance_sante,,,,,,,,,,,,,,,,,
end_group ,rep_souhaitee,,,,,,,,,,,,,,,,,
,,,,,,,,,,,,,,,,,,
end_group,SURVEY,Merci de nous avoir r‚pondu ! ,,,,,,,,,,,,,,,,
begin_group,finalisation,,,,,,,,,,,,,,,,,
geopoint,gpslocation_hh,Merci de collectez les coordonn‚es GPS devant le m‚nage,,"Pour prendre les coordonn‚es GPS, sortez si vous ˆtes … l'int‚rieur d'un bƒtiment.
Attendez, la prise du point peut prendre quelques minutes !",,,,,,,,,,,,,,
end_group,finalisation,,,,,,,,,,,,,,,,,
note,note_end,Vous pouvez maintenant finaliser l'enquˆte.,,,,,,,,,,,,,,,,
