list_name,name,label,admin1,admin2,admin3
admin_0,SouthSudan,Sud Soudan,,,
admin_0,Sudan,Soudan,,,
admin_0,tchad,Tchad,,,
admin_0,DRC,R‚publique D‚mocratique du Congo,,,
admin_0,cameroon,Cameroun,,,
admin_0,congo,R‚publique du Congo,,,
admin_0,other,Autre,,,
,,,,,
admin_1,Bamingui_Bangoran,Bamingui-Bangoran,,,
admin_1,Bangui,Bangui,,,
admin_1,Basse_Kotto,Basse-Kotto,,,
admin_1,Haut_Mbomou,Haut-Mbomou,,,
admin_1,Kemo,Kemo,,,
admin_1,Lobaye,Lobaye,,,
admin_1,Mambere_Kadei,Mambere-Kade‹,,,
admin_1,Mbomou,Mbomou,,,
admin_1,Nana_Gribizi,Nana-Gribizi,,,
admin_1,Nana_Mambere,Nana-Mambere,,,
admin_1,Ombella_MPoko,Ombella M'Poko,,,
admin_1,Ouaka,Ouaka,,,
admin_1,Ouham,Ouham,,,
admin_1,Ouham_Pende,Ouham Pende,,,
admin_1,Sangha_Mbaere,Sangha-Mbaere,,,
admin_1,Vakaga,Vakaga,,,
admin_1,Haute_Kotto,Haute-Kotto,,,
,,,,,
admin_2,Abba,Abba,Nana_Mambere,,
admin_2,Alindao,Alindao,Basse_Kotto,,
admin_2,Amada_Gaza,Amada-Gaza,Mambere_Kadei,,
admin_2,Baboua,Baboua,Nana_Mambere,,
admin_2,Bakala,Bakala,Ouaka,,
admin_2,Bakouma,Bakouma,Mbomou,,
admin_2,Bambari,Bambari,Ouaka,,
admin_2,Bambio,Bambio,Sangha_Mbaere,,
admin_2,Bambouti,Bambouti,Haut_Mbomou,,
admin_2,Bamingui,Bamingui,Bamingui_Bangoran,,
admin_2,Bangassou,Bangassou,Mbomou,,
admin_2,Bangui,Bangui,Bangui,,
admin_2,Baoro,Baoro,Nana_Mambere,,
admin_2,Batangafo,Batangafo,Ouham,,
admin_2,Bayanga,Bayanga,Sangha_Mbaere,,
admin_2,Berberati,Berberati,Mambere_Kadei,,
admin_2,Bimbo,Bimbo,Ombella_MPoko,,
admin_2,Birao,Birao,Vakaga,,
admin_2,Boali,Boali,Ombella_MPoko,,
admin_2,Bocaranga,Bocaranga,Ouham_Pende,,
admin_2,Boda,Boda,Lobaye,,
admin_2,Boganangone,Boganangone,Lobaye,,
admin_2,Boganda,Boganda,Lobaye,,
admin_2,Bogangolo,Bogangolo,Ombella_MPoko,,
admin_2,Bossangoa,Bossangoa,Ouham,,
admin_2,Bossembele,Bossembele,Ombella_MPoko,,
admin_2,Bossemtele,Bossemtele,Ouham_Pende,,
admin_2,Bouar,Bouar,Nana_Mambere,,
admin_2,Bouca,Bouca,Ouham,,
admin_2,Bozoum,Bozoum,Ouham_Pende,,
admin_2,Bria,Bria,Haute_Kotto,,
admin_2,Carnot,Carnot,Mambere_Kadei,,
admin_2,Damara,Damara,Ombella_MPoko,,
admin_2,Dede_Mokouba,Dede-Mokouba,Mambere_Kadei,,
admin_2,Dekoa,Dekoa,Kemo,,
admin_2,Djema,Djema,Haut_Mbomou,,
admin_2,Gadzi,Gadzi,Mambere_Kadei,,
admin_2,Gambo,Gambo,Mbomou,,
admin_2,Gamboula,Gamboula,Mambere_Kadei,,
admin_2,Grimari,Grimari,Ouaka,,
admin_2,Ippy,Ippy,Ouaka,,
admin_2,Kabo,Kabo,Ouham,,
admin_2,Kaga_Bandoro,Kaga-Bandoro,Nana_Gribizi,,
admin_2,Kembe,Kembe,Basse_Kotto,,
admin_2,Kouango,Kouango,Ouaka,,
admin_2,Koui,Koui,Ouham_Pende,,
admin_2,Mala,Mala,Kemo,,
admin_2,Markounda,Markounda,Ouham,,
admin_2,Mbaiki,Mbaiki,Lobaye,,
admin_2,Mbres,Mbres,Nana_Gribizi,,
admin_2,Mingala,Mingala,Basse_Kotto,,
admin_2,Mobaye,Mobaye,Basse_Kotto,,
admin_2,Mongoumba,Mongoumba,Lobaye,,
admin_2,Nana_Bakassa,Nana-Bakassa,Ouham,,
admin_2,Nangha_Boguila,Nangha-Boguila,Ouham,,
admin_2,Ndele,Ndele,Bamingui_Bangoran,,
admin_2,Ndjoukou,Ndjoukou,Kemo,,
admin_2,Ngaoundaye,Ngaoundaye,Ouham_Pende,,
admin_2,Nola,Nola,Sangha_Mbaere,,
admin_2,Obo,Obo,Haut_Mbomou,,
admin_2,Ouadda,Ouadda,Haute_Kotto,,
admin_2,Ouanda_Djalle,Ouanda-Djalle,Vakaga,,
admin_2,Ouango,Ouango,Mbomou,,
admin_2,Paoua,Paoua,Ouham_Pende,,
admin_2,Rafai,Rafai,Mbomou,,
admin_2,Satema,Satema,Basse_Kotto,,
admin_2,Sibut,Sibut,Kemo,,
admin_2,Sosso_Nakombo,Sosso-Nakombo,Mambere_Kadei,,
admin_2,Yalinga,Yalinga,Haute_Kotto,,
admin_2,Yaloke,Yaloke,Ombella_MPoko,,
admin_2,Zangba,Zangba,Basse_Kotto,,
admin_2,Zemio,Zemio,Haut_Mbomou,,
,,,,,
admin_3,Abba,Abba,,Abba,
admin_3,Nadziboro,Nadziboro,,Abba,
admin_3,Alindao,Alindao,,Alindao,
admin_3,Bakou,Bakou,,Alindao,
admin_3,Bangui_Kette,Bangui-Kette,,Alindao,
admin_3,Guiligui,Guiligui,,Alindao,
admin_3,Yambele_Ewou,Yambele-Ewou,,Alindao,
admin_3,Haute_Boumbe,Haute-Boumbe,,Amada_Gaza,
admin_3,Baboua,Baboua,,Baboua,
admin_3,Bingue,Bingue,,Baboua,
admin_3,Fo,Fo,,Baboua,
admin_3,Goudrot,Goudrot,,Baboua,
admin_3,Kounde,Kounde,,Baboua,
admin_3,Koudou_Bego,Koudou-Bego,,Bakala,
admin_3,Bakouma,Bakouma,,Bakouma,
admin_3,Bambari,Bambari,,Bambari,
admin_3,Danga_Gboudou,Danga-Gboudou,,Bambari,
admin_3,Haute_Baidou,Haute-Baidou,,Bambari,
admin_3,Ngougbia,Ngougbia,,Bambari,
admin_3,Pladama_Ouaka,Pladama-Ouaka,,Bambari,
admin_3,Mbaere,Mbaere,,Bambio,
admin_3,Lili,Lili,,Bambouti,
admin_3,Vassako,Vassako,,Bamingui,
admin_3,Bangassou,Bangassou,,Bangassou,
admin_3,Sayo_Niakari,Sayo-Niakari,,Bangassou,
admin_3,Voungba_Balifondo,Voungba-Balifondo,,Bangassou,
admin_3,Zangandou,Zangandou,,Bangassou,
admin_3,Bangui,Bangui,,Bangui,
admin_3,Bawi_Tedoa,Bawi-Tedoa,,Baoro,
admin_3,Yoro_Samba_Bougoulou,Yoro-Samba-Bougoulou,,Baoro,
admin_3,Bakassa,Bakassa,,Batangafo,
admin_3,Batangafo,Batangafo,,Batangafo,
admin_3,Bede,Bede,,Batangafo,
admin_3,Hama,Hama,,Batangafo,
admin_3,Ouassi,Ouassi,,Batangafo,
admin_3,Yobe_Sangha,Yobe-Sangha,,Bayanga,
admin_3,Basse_Batouri,Basse-Batouri,,Berberati,
admin_3,Basse_Mambere,Basse-Mambere,,Berberati,
admin_3,Haute_Batouri,Haute-Batouri,,Berberati,
admin_3,Ouakanga,Ouakanga,,Berberati,
admin_3,Bimbo,Bimbo,,Bimbo,
admin_3,Ouandja,Ouandja,,Birao,
admin_3,Ridina,Ridina,,Birao,
admin_3,Boali,Boali,,Boali,
admin_3,Bocaranga,Bocaranga,,Bocaranga,
admin_3,Loura,Loura,,Bocaranga,
admin_3,Pende,Pende,,Bocaranga,
admin_3,Lobaye,Lobaye,,Boda,
admin_3,Boganangone,Boganangone,,Boganangone,
admin_3,Boganda,Boganda,,Boganda,
admin_3,Bogangolo,Bogangolo,,Bogangolo,
admin_3,Ben_Zambe,Ben-Zambe,,Bossangoa,
admin_3,Bossangoa,Bossangoa,,Bossangoa,
admin_3,Koro_Mpoko,Koro-Mpoko,,Bossangoa,
admin_3,Ndoro_Mboli,Ndoro-Mboli,,Bossangoa,
admin_3,Ouham_Bac,Ouham-Bac,,Bossangoa,
admin_3,Soumbe,Soumbe,,Bossangoa,
admin_3,Bossembele,Bossembele,,Bossembele,
admin_3,La_Mbi,La-Mbi,,Bossembele,
admin_3,Binon,Binon,,Bossemtele,
admin_3,Bea_Nana,Bea-Nana,,Bouar,
admin_3,Bouar,Bouar,,Bouar,
admin_3,Doaka_Koursou,Doaka-Koursou,,Bouar,
admin_3,Herman_Brousse,Herman-Brousse,,Bouar,
admin_3,Niem_Yelewa,Niem-Yelewa,,Bouar,
admin_3,Yenga,Yenga,,Bouar,
admin_3,Zotoua_Bangarem,Zotoua-Bangarem,,Bouar,
admin_3,Bouca_Bobo,Bouca-Bobo,,Bouca,
admin_3,Fafa_Boungou,Fafa-Boungou,,Bouca,
admin_3,Lady_Gbawi,Lady-Gbawi,,Bouca,
admin_3,Ouham_Fafa,Ouham-Fafa,,Bouca,
admin_3,Birvan_Bole,Birvan-Bole,,Bozoum,
admin_3,Bozoum,Bozoum,,Bozoum,
admin_3,Danayere,Danayere,,Bozoum,
admin_3,Dan_Gbabiri,Dan-Gbabiri,,Bozoum,
admin_3,Kouazo,Kouazo,,Bozoum,
admin_3,Daba_Nydou,Daba-Nydou,,Bria,
admin_3,Daho_Mboutou,Daho-Mboutou,,Bria,
admin_3,Samba_Boungou,Samba-Boungou,,Bria,
admin_3,Carnot,Carnot,,Carnot,
admin_3,Senkpa_Mbaere,Senkpa-Mbaere,,Carnot,
admin_3,Damara,Damara,,Damara,
admin_3,Haute_Kadei,Haute-Kadei,,Dede_Mokouba,
admin_3,Dekoa,Dekoa,,Dekoa,
admin_3,Guiffa,Guiffa,,Dekoa,
admin_3,Tilo,Tilo,,Dekoa,
admin_3,Djema,Djema,,Djema,
admin_3,Mbali,Mbali,,Gadzi,
admin_3,Topia,Topia,,Gadzi,
admin_3,Gambo,Gambo,,Gambo,
admin_3,Ngandou,Ngandou,,Gambo,
admin_3,Basse_Boumne,Basse-Boumne,,Gamboula,
admin_3,Grimari,Grimari,,Grimari,
admin_3,Kobadja,Kobadja,,Grimari,
admin_3,Lissa,Lissa,,Grimari,
admin_3,Pouyamba,Pouyamba,,Grimari,
admin_3,Baidou_Ngoumbourou,Baidou-Ngoumbourou,,Ippy,
admin_3,Ippy,Ippy,,Ippy,
admin_3,Yengou,Yengou,,Ippy,
admin_3,Ouaki,Ouaki,,Kabo,
admin_3,Sido,Sido,,Kabo,
admin_3,Botto,Botto,,Kaga_Bandoro,
admin_3,Grivai_Pamia,Grivai-Pamia,,Kaga_Bandoro,
admin_3,Kaga_Bandoro,Kaga-Bandoro,,Kaga_Bandoro,
admin_3,Nana_Outa,Nana-Outa,,Kaga_Bandoro,
admin_3,Ndenga,Ndenga,,Kaga_Bandoro,
admin_3,Kembe,Kembe,,Kembe,
admin_3,Mboui,Mboui,,Kembe,
admin_3,Azengue_Mindou,Azengue-Mindou,,Kouango,
admin_3,Cochio_Toulou,Cochio-Toulou,,Kouango,
admin_3,Kouango,Kouango,,Kouango,
admin_3,Koui,Koui,,Koui,
admin_3,Mala,Mala,,Mala,
admin_3,Nana_Markounda,Nana-Markounda,,Markounda,
admin_3,Bale_Loko,Bale-Loko,,Mbaiki,
admin_3,Bogongo_Gaza,Bogongo-Gaza,,Mbaiki,
admin_3,Lesse,Lesse,,Mbaiki,
admin_3,Mbaiki,Mbaiki,,Mbaiki,
admin_3,Mbata,Mbata,,Mbaiki,
admin_3,Moboma,Moboma,,Mbaiki,
admin_3,Nola,Nola,,Mbaiki,
admin_3,Pissa,Pissa,,Mbaiki,
admin_3,Mbres,Mbres,,Mbres,
admin_3,Kotto,Kotto,,Mingala,
admin_3,Seliba,Seliba,,Mingala,
admin_3,Siriki,Siriki,,Mingala,
admin_3,Mbeima,Mbeima,,Mobaye,
admin_3,Mobaye,Mobaye,,Mobaye,
admin_3,Mongoumba,Mongoumba,,Mongoumba,
admin_3,Nana_Bakassa,Nana-Bakassa,,Nana_Bakassa,
admin_3,Nangha_Boguila,Nangha-Boguila,,Nangha_Boguila,
admin_3,Dar_El_Kouti,Dar-El-Kouti,,Ndele,
admin_3,Mbolo_Pata,Mbolo-Pata,,Ndele,
admin_3,Galabadja,Galabadja,,Ndjoukou,
admin_3,Galafondo,Galafondo,,Ndjoukou,
admin_3,Dilouki,Dilouki,,Ngaoundaye,
admin_3,Kodi,Kodi,,Ngaoundaye,
admin_3,Lim,Lim,,Ngaoundaye,
admin_3,Mbili,Mbili,,Ngaoundaye,
admin_3,Yeme,Yeme,,Ngaoundaye,
admin_3,Bilolo,Bilolo,,Nola,
admin_3,Nola,Nola,,Nola,
admin_3,Salo,Salo,,Nola,
admin_3,Mboki,Mboki,,Obo,
admin_3,Obo,Obo,,Obo,
admin_3,Ouadda,Ouadda,,Ouadda,
admin_3,Ouandja_Kotto,Ouandja-Kotto,,Ouadda,
admin_3,Vokouma,Vokouma,,Ouanda_Djalle,
admin_3,Ngbandinga,Ngbandinga,,Ouango,
admin_3,Ouango,Ouango,,Ouango,
admin_3,Bah_Bessar,Bah-Bessar,,Paoua,
admin_3,Banh,Banh,,Paoua,
admin_3,Bimbi,Bimbi,,Paoua,
admin_3,Male,Male,,Paoua,
admin_3,Mia_Pende,Mia-Pende,,Paoua,
admin_3,Mom,Mom,,Paoua,
admin_3,Nana_Barya,Nana-Barya,,Paoua,
admin_3,Paoua,Paoua,,Paoua,
admin_3,Rafai,Rafai,,Rafai,
admin_3,Kotto_Oubangui,Kotto-Oubangui,,Satema,
admin_3,Ngoumbele,Ngoumbele,,Sibut,
admin_3,Sibut,Sibut,,Sibut,
admin_3,Basse_Kadei,Basse-Kadei,,Sosso_Nakombo,
admin_3,Yalinga,Yalinga,,Yalinga,
admin_3,Guezeli,Guezeli,,Yaloke,
admin_3,Yaloke,Yaloke,,Yaloke,
admin_3,Ouambe,Ouambe,,Zangba,
admin_3,Yabongo,Yabongo,,Zangba,
admin_3,Zemio,Zemio,,Zemio,
,,,,,
homme_femme,homme,Un homme,,,
homme_femme,femme,Une femme,,,
,,,,,
oui_non,oui,Oui,,,
oui_non,non,Non,,,
,,,,,
oui_non_nsp,oui,Oui,,,
oui_non_nsp,non,Non,,,
oui_non_nsp,nsp,Je ne sais pas ou je ne souhaite pas r‚pondre,,,
,,,,,
statut,hote,Population h“te,,,
statut,IDP_site,Population d‚plac‚e en site et lieu de regroupement,,,
statut,IDP_FA,Population d‚plac‚e en famille d?accueil,,,
statut,retourne,Population retourn‚e,,,
statut,rapatrie,Population rapatri‚e,,,
,,,,,
RtL_IDP,conflit_comm,Conflits communautaires,,,
RtL_IDP,conflit_arme,Conflits arm‚s (inclus affrontements et attaques arm‚es),,,
RtL_IDP,transhumance,Arriv‚e de groupes d?‚leveurs transhumants (arm‚s ou non),,,
RtL_IDP,catastophe_nat,"Catastrophes naturelles (inondations, feux de brousse,?)",,,
RtL_IDP,recherche_service,"Recherche de services (sant‚, ‚ducatiton, etc.)",,,
RtL_IDP,recherche_mssc,"Recherche de moyens de subsistance (emplois, revenus, etc.)",,,
RtL_IDP,autre,Autre (merci de pr‚ciser),,,
RtL_IDP,nsp,Je ne sais pas / pr‚fŠre ne pas r‚pondre,,,
,,,,,
length_IDP,1_mois,Moins de 1 mois,,,
length_IDP,1_3_mois,Entre 1 et 3 mois,,,
length_IDP,3_5_mois,Entre 3 et 5 mois,,,
length_IDP,5_12_mois,Entre 5 mois e 1 ans,,,
length_IDP,12_mois_ou_plus,Plus de 1 an,,,
length_IDP,nsp,Je ne sais pas / pr‚fŠre ne pas r‚pondre,,,
,,,,,
IDP_cond_retour,regroup_fam,Pr‚sence d?autres membres de la famille (regroupement familliale),,,
IDP_cond_retour,acces_emploi,Un accŠs … un emploi / opportunit‚ ‚conomique,,,
IDP_cond_retour,acces_service,"Un accŠs aux services (sant‚, ‚ducation)",,,
IDP_cond_retour,secu,Un r‚tablissement de la s‚curit‚,,,
IDP_cond_retour,acces_abris,Un accŠs … des abris,,,
IDP_cond_retour,acces_abri_origine,La capacit‚ de regagner la maison d'origine,,,
IDP_cond_retour,acces_mssc,"Un accŠs … des moyens de subsistance (champs, nourriture, march‚, ?)",,,
IDP_cond_retour,acces_ah,Une meilleure aide d'assistance humanitaire,,,
IDP_cond_retour,autre,Autres (merci de pr‚cier),,,
IDP_cond_retour,nsp,Je ne sais pas / pr‚fŠre ne pas r‚pondre,,,
,,,,,
Ret_Rapat_loc_retour,abri_origine,De retour dans mon abri d'origine,,,
Ret_Rapat_loc_retour,commune_origine,De retour dans ma localit‚ d'origine (mais pas dans mon abri d'origine),,,
Ret_Rapat_loc_retour,autre,Dans une autre localit‚,,,
,,,,,
Ret_Rapat_abri_origine_raison,abri_detruit,Logement d‚truit,,,
Ret_Rapat_abri_origine_raison,abri_occupe_tiers,Logement occup‚ par un tiers (priv‚e),,,
Ret_Rapat_abri_origine_raison,abri_occupe_etat,Logement occup‚ par l?‚tat (militaire ou civil),,,
Ret_Rapat_abri_origine_raison,abri_tropcher,Logement trop cher,,,
Ret_Rapat_abri_origine_raison,perte_du_proprietaire,Perte du conjoint qui poss‚dait le logement,,,
Ret_Rapat_abri_origine_raison,perte_doc,Perte de la documentation attestant de ma propri‚t‚,,,
Ret_Rapat_abri_origine_raison,insecurite,Ins‚curit‚ ou traumatisme ressentie dans le logement d?origine ou … proximit‚,,,
Ret_Rapat_abri_origine_raison,autre,"Autre, … pr‚ciser",,,
Ret_Rapat_abri_origine_raison,nsp,Je ne sais pas / pr‚fŠre ne pas r‚pondre,,,
,,,,,
RtR_Ret_Rapat,regroup_fam,Rejoindre les membres de ma communaut‚ / famille (regroupement familliale),,,
RtR_Ret_Rapat,meilleure_assist_human,Meilleure assistance humanitaire fournie dans ma localit‚ d'origine que dans celle o— je m'‚tais d‚plac‚,,,
RtR_Ret_Rapat,moins_assist_human,Pas ou moins d?assistance dans la localit‚ o— je m'‚tais d‚plac‚,,,
RtR_Ret_Rapat,raison_eco,Raison ‚conomique (recherche d'opportunit‚s / mener des activit‚s ‚conomiques),,,
RtR_Ret_Rapat,meilleure_qualite_vie,Meilleure qualit‚ de vie dans ma localit‚ d'origine,,,
RtR_Ret_Rapat,moins_qualite_vie,Difficult‚s des conditions de vie dans la localit‚ o— je m'‚tais d‚plac‚ (difficult‚s d?accŠs aux ressources/ pas de sources de revenu),,,
RtR_Ret_Rapat,meilleures_secu,Les conditions de s‚curit‚s se sont consid‚rablement am‚lior‚e dans ma localit‚ d'origine,,,
RtR_Ret_Rapat,moins_secu,Les conditions de s‚curit‚s se sont consid‚rablement d‚t‚rior‚e dans la localit‚ o— je m'‚tais d‚plac‚,,,
RtR_Ret_Rapat,fermeture_site,Le site sur lequel nous nous trouvions a ferm‚,,,
RtR_Ret_Rapat,tensions_communautaires,Tensions avec les communaut‚s h“tes dans la localit‚ do— je m'‚tais d‚plac‚,,,
RtR_Ret_Rapat,autre,Autre (merci de pr‚ciser),,,
RtR_Ret_Rapat,nsp,Je ne sais pas / pr‚fŠre ne pas r‚pondre,,,
,,,,,
gr_vulnerable_femmes_enfants,aucune,Non,,,
gr_vulnerable_femmes_enfants,nsp,Je ne sais pas ou je ne souhaite pas r‚pondre,,,
gr_vulnerable_femmes_enfants,FE,Fille enceinte,,,
gr_vulnerable_femmes_enfants,FA,Fille allaitante,,,
gr_vulnerable_femmes_enfants,ES,Enfant s‚par‚ - qui avait d‚j… un lien avec votre m‚nage (famille ‚loign‚e ou connaissance),,,
gr_vulnerable_femmes_enfants,ENA,Enfant non-accompagn‚ - sans lien aucun avec votre m‚nage (famille ‚loign‚e ou connaissance),,,
gr_vulnerable_femmes_enfants,handi_phy,"Personne avec un handicap physique - qui n'est pas en mesure de prendre soin d'elle-mˆme (s'habiller, se laver, etc), de travailler ou d'‚tudier. Elle n'est pas autonome. ",,,
gr_vulnerable_femmes_enfants,handi_ment,"Personne avec un handicap mental - qui a un trouble de comportement (Personne qui bavarde beaucoup, dis ou fait des choses qui n?ont pas de sens, trŠs agit‚e, agressif ; trop calme ou renferm‚ sur lui-mˆme ; ou que l?on traite de fou)",,,
,,,,,
gr_vulnerable_femmes_adultes,aucune,Non,,,
gr_vulnerable_femmes_adultes,nsp,Je ne sais pas ou je ne souhaite pas r‚pondre,,,
gr_vulnerable_femmes_adultes,FE,Femme enceinte,,,
gr_vulnerable_femmes_adultes,FA,Femme allaitante,,,
gr_vulnerable_femmes_adultes,handi_phy,"Personne avec un handicap physique - qui n'est pas en mesure de prendre soin d'elle-mˆme (s'habiller, se laver, etc), de travailler ou d'‚tudier. Elle n'est pas autonome. ",,,
gr_vulnerable_femmes_adultes,handi_ment,"Personne avec un handicap mental - qui a un trouble de comportement (Personne qui bavarde beaucoup, dis ou fait des choses qui n?ont pas de sens, trŠs agit‚e, agressif ; trop calme ou renferm‚ sur lui-mˆme ; ou que l?on traite de fou)",,,
,,,,,
gr_vulnerable_hommes_enfants,aucune,Non,,,
gr_vulnerable_hommes_enfants,nsp,Je ne sais pas ou je ne souhaite pas r‚pondre,,,
gr_vulnerable_hommes_enfants,ES,Enfant s‚par‚,,,
gr_vulnerable_hommes_enfants,ENA,Enfant non-accompagn‚,,,
gr_vulnerable_hommes_enfants,handi_phy,"Personne avec un handicap physique - qui n'est pas en mesure de prendre soin d'elle-mˆme (s'habiller, se laver, etc), de travailler ou d'‚tudier. Elle n'est pas autonome. ",,,
gr_vulnerable_hommes_enfants,handi_ment,"Personne avec un handicap mental - qui a un trouble de comportement (Personne qui bavarde beaucoup, dis ou fait des choses qui n?ont pas de sens, trŠs agit‚e, agressif ; trop calme ou renferm‚ sur lui-mˆme ; ou que l?on traite de fou)",,,
,,,,,
gr_vulnerable_hommes_adultes,aucune,Non,,,
gr_vulnerable_hommes_adultes,nsp,Je ne sais pas ou je ne souhaite pas r‚pondre,,,
gr_vulnerable_hommes_adultes,handi_phy,"Personne avec un handicap physique - qui n'est pas en mesure de prendre soin d'elle-mˆme (s'habiller, se laver, etc), de travailler ou d'‚tudier. Elle n'est pas autonome. ",,,
gr_vulnerable_hommes_adultes,handi_ment,"Personne avec un handicap mental - qui a un trouble de comportement (Personne qui bavarde beaucoup, dis ou fait des choses qui n?ont pas de sens, trŠs agit‚e, agressif ; trop calme ou renferm‚ sur lui-mˆme ; ou que l?on traite de fou)",,,
,,,,,
nb_famille,tous,Pour tous les membres de la famille,,,
nb_famille,incomp,Pour une partie des membres de la famille,,,
nb_famille,aucun,Pour aucun des membres de la famille,,,
,,,,,
nb_titre,complet,Complet,,,
nb_titre,incomp,Incomplet,,,
nb_titre,aucun,Pas du tout,,,
,,,,,
nb_cccm,suff,En suffisance,,,
nb_cccm,insuff,Insuffisant,,,
nb_cccm,aucun,Pas du tout,,,
,,,,,
propr_abri,location,Location,,,
propr_abri,pret,Maison prˆt‚e ,,,
propr_abri,occupe,Maison occup‚e sans le consentement du propri‚taire  ,,,
propr_abri,autre,"Autre, pr‚ciser",,,
propr_abri,nsp ,Je ne sais pas / pr‚fŠre ne pas r‚pondre,,,
,,,,,
type_abri ,maison_dur,"Maison en dur (briques cuites/parpaings, avec ciment)",,,
type_abri ,habitat_paille,Habitat … long terme en paille,,,
type_abri ,abri_urgence,"Abri d'urgence / de transition (structure + bƒche, cordes / poteaux, paille)",,,
type_abri ,autre,Autre (merci de pr‚ciser),,,
propr_abri,aucun,Pas d'abri,,,
type_abri ,nsp ,Je ne sais pas / pr‚fŠre ne pas r‚pondre,,,
,,,,,
inquietude,materiaux_adequats,"Etre capable d'avoir une maison construite avec des mat‚riaux ad‚quats (brique, porte, fenˆtre, t“le, cadenas, etc.)",,,
inquietude,acces_nfi_essentiels,Etre capable d'acc‚der aux articles non-alimentaires essentiels,,,
inquietude,aucun ,Aucun problŠme en particulier,,,
inquietude,nsp,Je ne sais ou je ne souhaite pas r‚pondre ,,,
,,,,,
assistance,argent_loyer,De l'argent pour pouvoir payer mon loyer,,,
assistance,argent_materiel,De l'argent pour pouvoir acheter du mat‚riel pour (re)construire / renforcer un logement ,,,
assistance,argent_nfi_essentiels,De l'argent pour acheter des articles non-alimentaires essentiels,,,
assistance,provision_abri,Provision directe de construction d'abri,,,
assistance,provision_materiel,Provision directe de mat‚riel pour (re)construire / renforcer un logement ,,,
assistance,provision_nfi_essentiels,Provision directe d'articles non-alimentaires essentiels,,,
assistance,aide_reparation_abris,De l'aide pour r‚parer des abris,,,
assistance,aide_securite,De l'aide pour am‚liorer le niveau de s‚curit‚ autour des abris,,,
assistance,autre,Autre ,,,
assistance,nsp,Je ne sais pas ou je ne souhaite pas r‚pondre,,,
,,,,,
revenu,none,Aucun,,,
revenu,1_50000,Moins de 50 000 XAF,,,
revenu,50001_100000,Entre 50 001 et 100 000 XAF,,,
revenu,100001_150000,Entre 100 001 et  150 000 XAF,,,
revenu,150001_200000,Entre 150 001 et 200 000 XAF,,,
revenu,200001_300000,Entre 200001 et 300 000 XAF,,,
revenu,300001_500000,Entre 300 001 et 500 000 XAF,,,
revenu,500001_plus,Plus de 500 001 XAF,,,
revenu,nsp,Je ne sais pas / pr‚fŠre ne pas r‚pondre,,,
,,,,,
,,,,,
source_rev,agric,Agriculture ou maraŒchage et vente des produits d'agirculture,,,
source_rev,pˆche,"Pˆche/Chasse/cueillette et vente des produits de la pˆche/chasse/cueillette (miel, gibier, champignons, chenilles)",,,
source_rev,elevage,"levage et vente de produits d?‚levage et de b‚tail (lait, ?ufs, volailles)",,,
source_rev,commerce,Commerce,,,
source_rev,petit_commerce,Petit commerce,,,
source_rev,petits_metiers,"Petits m‚tiers (menuisier, ma‡ons, plombier, tailleur etc.)",,,
source_rev,jtt_agric,Travail journalier r‚mun‚r‚ agricole (en nature ou en espŠces) ,,,
source_rev,jtt_non_agric,Travail journalier r‚mun‚r‚ non agricole,,,
source_rev,transport,"Transport (chauffeur, activit‚s connexes)",,,
source_rev,fonctionnaire,Fonctionnaires et/ou salari‚s (y compris pension),,,
source_rev,transformation_nat,Transformation produits naturels/Exploitation/vente de la production miniŠre,,,
source_rev,transferts_argent,Transferts d'argent/Aides/Dons sociaux (fait par la communaut‚/famille et/ou des tierces personnes)/Aides/Dons humanitaire (fait par l?Etat ou des organisations)/Mendicit‚/Emprunts/Dettes,,,
source_rev,autre,Autre (… pr‚ciser),,,
source_rev,nsp,Je ne sais pas / pr‚fŠre ne pas r‚pondre,,,
,,,,,
source_aliment,propre_prod,Propre production (jardin),,,
source_aliment,achats,"Achats (march‚, boutique) ",,,
source_aliment,emprunt,Emprunt (cr‚dit  de la boutique) ,,,
source_aliment,dons_perso,Dons d?amis/de voisins/parents ,,,
source_aliment,chasse,Chasse/cueillette/pˆche/collecte,,,
source_aliment,troc,Echanges d?aliments contre du travail ou biens ,,,
source_aliment,aides_alim,"Aides alimentaires de la soci‚t‚ civile, d?ONG, du gouvernement, du PAM, etc.",,,
,,,,,
HHS,rarement,Rarement (1 … 2 fois),,,
HHS,parfois,Parfois (3 … 10 fois),,,
HHS,souvent,Souvent (plus que 10 fois),,,
,,,,,
acces_agric_raisons,manque_terre,Pas d?accŠs … la terre / Parcelle trop loin / Manque de terre,,,
acces_agric_raisons,insecurite,Ins‚curit‚ lors de la culture ou la r‚colte,,,
acces_agric_raisons,manque_semences,Manque de semences / outils ,,,
acces_agric_raisons,manque_staff,Manque / Insuffisance de main d??uvre ,,,
acces_agric_raisons,sol_pauvre,Sols trop pauvres,,,
acces_agric_raisons,manque_pluie,Manque / Insuffisance de pluie  ,,,
acces_agric_raisons,inondation,Inondation                    ,,,
acces_agric_raisons,autre_activite,Jamais cultiv‚ / Autres sources de revenu ,,,
acces_agric_raisons,manque_financier,Manque de moyens financiers,,,
acces_agric_raisons,autre,Autre,,,
,,,,,
elevage_prod,constante,Non la production n'a pas chang‚,,,
elevage_prod,animaux_morts,Des animaux sont morts d'une ‚pid‚mie,,,
elevage_prod,animaux_voles,Des animaux ont ‚t‚ vol‚s / tu‚s,,,
elevage_prod,animaux_vendus,Des animaux ont d– ˆtre vendus ou abattus pour la consommation personnelle,,,
elevage_prod,animaux_insecu,L'ins‚curit‚ pour le b‚tail a augment‚,,,
elevage_prod,acces_alim,Moins d'accŠs … l'alimentation animale ou … de la terre,,,
elevage_prod,acces_soin,Moins d'accŠs … des soins v‚t‚rinaires,,,
elevage_prod,acces_staff,Moins de mains d'oeuvre pour prendre soin des animaux,,,
elevage_prod,acces_marches,Moins d'accŠs aux march‚s pour la vente de produits,,,
elevage_prod,autre,Autres (merci de pr‚ciser),,,
elevage_prod,nsp,Je ne sais pas / pr‚fŠre ne pas r‚pondre,,,
,,,,,
acces_marche,marche_inexist,Il n'y a pas de march‚s … distance de marche dans la zone (aller-retour impossible dans la journ‚e),,,
acces_marche,marche_exist_acces_dangereux,"Il y a un march‚ dans la zone, mais je ne peux m'y rendre (ins‚curit‚ sur la route, absence de moyens de transport, je ne peux m'y rendre car j'ai des difficult‚s … me d‚placer)",,,
acces_marche,marche_trop_cher,"J'ai accŠs … un march‚, mais les prix sont trop ‚lev‚s, et je ne peux m'y approvisionner complŠtement par cons‚quent",,,
acces_marche,marche_non_appro_bien_alim,"Le march‚ est accessible, mais il n'est pas correctement approvisionn‚ en biens alimentaires",,,
acces_marche,marche_non_appro_nfi,"Le march‚ est accessible, mais il n'est pas correctement approvisionn‚ en articles non-alimentaires",,,
acces_marche,marche_accessible,"Le march‚ est accessible, approvisionn‚, et … prix abordable pour mon m‚nage",,,
,,,,,
food_insuf_raison_OK,faible_recolte,Faible r‚colte / Pas de r‚colte,,,
food_insuf_raison_OK,manque_marche,Pas ou peu de c‚r‚ales locales sur les march‚s,,,
food_insuf_raison_OK,prix_trop_eleve,Prix des denr‚es trop ‚lev‚s,,,
food_insuf_raison_OK,perte_revenu,Perte de revenu,,,
food_insuf_raison_OK,baisse_prix_betail,Baisse du prix du b‚tail,,,
food_insuf_raison_OK,plus_emprunt,Les commer‡ants ne vendent plus … cr‚dit,,,
food_insuf_raison_OK,marche_trop_loin,Eloignement des march‚s,,,
food_insuf_raison_OK,marche_inexis,Absence de march‚s,,,
food_insuf_raison_OK,insecurite,Ins‚curit‚,,,
food_insuf_raison_OK,autre,Autre (… pr‚ciser),,,
,,,,,
food_insuf_saison,jan_mar,Janvier … mars,,,
food_insuf_saison,apr_june,Avril … juin,,,
food_insuf_saison,jul_sep,Juillet … septembre,,,
food_insuf_saison,oct_dec,Octobre … d‚cembre,,,
,,,,,
LCS_ac_pert,non_besoin,"Non, parce que je n?en ai pas eu besoin",,,
LCS_ac_pert,non_deja_fait,"Non, parce que j?ai d‚j… vendu ces actifs ou men‚ cette activit‚ au cours des derniers mois et je ne peux pas continuer … le faire",,,
LCS_ac_pert,oui,Oui ,,,
LCS_ac_pert,non_perti,Non applicable,,,
,,,,,
LCS,non_besoin,"Non, parce que je n?en ai pas eu besoin",,,
LCS,non_deja_fait,"Non, parce que j?ai d‚j… vendu ces actifs ou men‚ cette activit‚ au cours des derniers mois et je ne peux pas continuer … le faire",,,
LCS,oui,Oui ,,,
,,,,,
secal_inquiet,nourriture,Etre capable d'avoir suffisamment de nourriture pour mon m‚nage,,,
secal_inquiet,intrant_elevage,Etre capable d'acc‚der … des intrants pour l'‚levage ,,,
secal_inquiet,intrant_peche,Etre capable d'acc‚der … des intrants pour la pˆche,,,
secal_inquiet,acces_champs,Etre capable d'acc‚der … mon champ,,,
secal_inquiet,acces_marche_bien_alim,Etre capable d'acc‚der … un march‚ approvisionn‚ en biens alimentaires,,,
secal_inquiet,acces_marche_nfi,Etre capable d'acc‚der … un march‚ approvisionn‚ en biens non-alimentaires,,,
secal_inquiet,autre,Autre,,,
secal_inquiet,none,Aucun problŠme particulier ,,,
,,,,,
secal_reponse,cash_nourrit,De l'argent pour pouvoir acheter de la nourriture ,,,
secal_reponse,cash_intrant_agri,"De l'argent pour pouvoir acheter des intrants agricoles (semences, engrais, pesticide par exemple)",,,
secal_reponse,cash_intrant_elev,"De l'argent pour pouvoir acheter des intrants d'‚levage (aliment b‚tail, produits v‚t‚rinaires, pierres … l‚cher)",,,
secal_reponse,cash_nfi,De l'argent pour pouvoir acheter d'autres bien sur le march‚,,,
secal_reponse,prov_nourrit,Provision direct de nourriture,,,
secal_reponse,prov_intrant_agri,"Provision direct d'intrants agricoles (semences, engrais, pesticide par exemple)",,,
secal_reponse,prov_intrant_elev,"Provision direct d'intrants d'‚levage (aliment b‚tail, produits v‚t‚rinaires, pierres … l‚cher)",,,
secal_reponse,conseils_agri,Conseils sur comment g‚rer de maniŠre optimale ses activit‚s agraires,,,
secal_reponse,conseils_argent,Conseils sur comment g‚rer son argent,,,
secal_reponse,acces_vet,AccŠs … un service de soins v‚t‚rinaire,,,
secal_reponse,autre,Autre,,,
,,,,,
source_eau,eau_robinet,Eau du robinet / fontaine publique,,,
source_eau,forage_mec,Forage m‚canique,,,
source_eau,forage_man,Forage manuel,,,
source_eau,puit_prot,Puits prot‚g‚,,,
source_eau,puit_non_prot,Puits NON prot‚g‚,,,
source_eau,bouteilles,Bouteilles d'eau / sachets d'eau,,,
source_eau,eau_camion,Eau amen‚e par camion,,,
source_eau,source_amen,Source am‚nag‚e,,,
source_eau,source_non_amen,Source NON am‚nag‚e,,,
source_eau,eau_de_pluie,Eau de pluie,,,
source_eau,cours_d_eau,"Cours d'eau (fleuve, riviŠre, ruisseau, eau de surface, etc.), lac / ‚tang / mare ou flaque / Eau stagnante",,,
source_eau,autre,Autre,,,
source_eau,nsp,Je ne sais pas / pr‚fŠre ne pas r‚pondre,,,
,,,,,
temps_d_acces,sur_place,J'y ai accŠs dans mon m‚nage,,,
temps_d_acces,0_5_min,Moins de 5 minutes,,,
temps_d_acces,5_15_min,Entre 5 et 15 minutes,,,
temps_d_acces,16_30_min,Entre 16 et 30 minutes ,,,
temps_d_acces,31_plus_min,Plus de 31 minutes,,,
temps_d_acces,nsp,Je ne sais pas / pr‚fŠre ne pas r‚pondre,,,
,,,,,
acces_suffisant,plus_que_suff,Plus que suffisant ,,,
acces_suffisant,suff,Suffisant,,,
acces_suffisant,juste_assez,Juste assez ,,,
acces_suffisant,insuff,Insuffisant ,,,
acces_suffisant,pas_suff_du_tout,Pas suffisant du tout,,,
,,,,,
eau_insuff_raison,distance,La distance au point d'eau est trop grande,,,
eau_insuff_raison,route_non_access,La route est difficile d?accŠs,,,
eau_insuff_raison,inacc_pr_certains_groupes,"Certains groupes (enfants, femmes, personnes ƒg‚es, minorit‚s ethniques) n?ont pas accŠs aux sources d?eau",,,
eau_insuff_raison,route_dangereux,La route ou le lieu de d'accŠs … l'eau est trop dangereux,,,
eau_insuff_raison,attente_longue,L'attente est trop longue / nombre insuffisant de sources d?eau,,,
eau_insuff_raison,source_non_fonct,La source d?eau ne fonctionne pas / est ferm‚e,,,
eau_insuff_raison,eau_indisp,L?eau n?est pas disponible au march‚,,,
eau_insuff_raison,raisons_fin,Pas de moyens financiers / l?eau est trop cher,,,
eau_insuff_raison,manque_recip,Pas assez de r‚cipients pour stocker l?eau,,,
eau_insuff_raison,qualite_eau,"La qualit‚ de l?eau n?est pas bonne (l'eau est brunƒtre, odorante ou sal‚e)",,,
eau_insuff_raison,source_inexist,Pas de ressources en eau,,,
eau_insuff_raison,autre,Autre (merci de pr‚ciser) ,,,
eau_insuff_raison,aucune,Aucune autre raison,,,
eau_insuff_raison,nsp,Je ne sais pas / pr‚fŠre ne pas r‚pondre ,,,
,,,,,
certains_groupes,filles,Les filles (moins de 18 ans),,,
certains_groupes,gracons,Les gar‡ons (moins de 18 ans),,,
certains_groupes,femmes,Les femmes (plus de 18 ans),,,
certains_groupes,hommes,Les hommes (plus de 18 ans),,,
certains_groupes,personnes_agees,Les personnes ag‚es (plus de 60 ans),,,
certains_groupes,minorites_ethniques,Les minorit‚s ethniques,,,
certains_groupes,personnes_handi,Les personnes en situation de handicap,,,
certains_groupes,autre,Autres (merci de pr‚ciser),,,
,,,,,
infra_sanit,latrine_acceptable,Toilette / latrine hygi‚nique acceptable,,,
infra_sanit,latrine_non_acceptable,Latrine non hygi‚nique / non acceptable,,,
infra_sanit,defec_air_libre,D‚f‚cation … l'air libre sans zone pr‚cise,,,
infra_sanit,defec_air_libre_cours_d_eau,D‚f‚cation … l'air libre dans le cours d'eau ,,,
infra_sanit,defec_air_libre_zone_precise,D‚f‚cation … l'air libre dans une zone pr‚cise et contr“l‚e ,,,
infra_sanit,autre,Autre,,,
infra_sanit,nsp,Je ne sais pas ou je ne souhaite pas r‚pondre,,,
,,,,,
latrine_insuff_raison,quantite_insuff,Il n'y a pas assez de latrines ou trop de monde utilise les mˆmes infrastructures,,,
latrine_insuff_raison,qualite_insuff,Les infrastructures sanitaires (latrines ou toilettes) ne fonctionnent pas ou sont pleines,,,
latrine_insuff_raison,hygiene_insuff,Les infrastructures sanitaires (latrines ou toilettes) ne sont pas propres / pas hygi‚niques,,,
latrine_insuff_raison,mixte,Les infrastructures sanitaires (latrines ou toilettes) ne sont pas s‚par‚es par genre,,,
latrine_insuff_raison,trop_loin,Les infrastructures sanitaires (latrines ou toilettes) sont trop ‚loign‚es,,,
latrine_insuff_raison,access_difficile,Les infrastructures sanitaires (latrines ou toilettes) sont difficile d'accŠs (chemin en mauvais ‚tat),,,
latrine_insuff_raison,trop_dangereux,Aller jusqu'aux infrastructures sanitaires (latrines ou toilettes) est dangereux,,,
latrine_insuff_raison,inacc_pr_certains_groupes,"Certains groupes (enfants, femmes, personnes ƒg‚es, minorit‚s ethniques) n?ont pas accŠs aux infrastructures sanitaires (latrines ou toilettes)",,,
latrine_insuff_raison,autre,Autres (merci de pr‚ciser) ,,,
latrine_insuff_raison,aucune,Aucune autre raison,,,
latrine_insuff_raison,nsp,Je ne sais pas ou je ne souhaite pas r‚pondre ,,,
,,,,,
lavage_main_moment,apres_toilette,AprŠs la toilette ou la latrine,,,
lavage_main_moment,apres_nettoyage,AprŠs le nettoyage ou changement des couches de l?enfant,,,
lavage_main_moment,avant_cuisiner,Avant de pr‚parer les aliments,,,
lavage_main_moment,avant_manger,Avant de manger,,,
lavage_main_moment,avant_allaitement,Avant de donner le sein … l?enfant,,,
lavage_main_moment,apres_champs,Au retour des champs,,,
lavage_main_moment,autre,"Autres (Ablution, aprŠs manger?)",,,
lavage_main_moment,nsp,Je ne sais pas ou je ne souhaite pas r‚pondre ,,,
,,,,,
lavage_main_moyens,eau,Avec de l'eau simple,,,
lavage_main_moyens,savon,Avec du savon,,,
lavage_main_moyens,cendre,Avec de la cendre,,,
lavage_main_moyens,nsp,Je ne sais pas ou je ne souhaite pas r‚pondre ,,,
,,,,,
wash_inquiet,eau,"Etre capable d'acc‚der … de l'eau de qualit‚ et en quantit‚ pour boire, cuisiner, se laver et laver ",,,
wash_inquiet,sanitaire,Etre capable d'acc‚der … des infrastructures sanitaires (toilettes / latrines) ad‚quates,,,
wash_inquiet,hygiene,Etre capable d'assurer son hygiŠne personnelle,,,
wash_inquiet,environment,"Avoir un environnement propre et sain autour de la maison, par exemple ne pas avoir de d‚chets visibles ou d'eau stagnante dans les environs",,,
wash_inquiet,none,Aucun problŠme en particulier,,,
wash_inquiet,nsp,Je ne sais pas ou je ne souhaite pas r‚pondre ,,,
,,,,,
wash_reponse,cash_recipient_eau,De l'argent pour acheter des articles pour aller chercher de l'eau (des r‚cipients par exemple) ou pour acheter de l'eau,,,
wash_reponse,cash_infra,De l'argent pour acheter pouvoir construire ou am‚liorer les infrastructures sanitaires (toilettes ou latrines) ,,,
wash_reponse,cash_hygiene,"De l'argent pour acheter des articles hygi‚niques (savon, couches pour b‚b‚s, serviettes hygi‚niques, brosse … dent ou dentifrices par exemple)",,,
wash_reponse,prov_recipient,Provision direct d'articles pour aller chercher de l'eau (des r‚cipients par exemple),,,
wash_reponse,prov_eau,Provision direct d'eau (par camion d'eau),,,
wash_reponse,prov_infra_eau,Construction / am‚lioration de points d'eau,,,
wash_reponse,prov_infra_sanit,Construction / am‚lioration d'infrastructures sanitaires (toilettes ou latrines) ,,,
wash_reponse,prov_hygiene,"Provision direct d'articles hygi‚niques (savon, couches pour b‚b‚s, serviettes hygi‚niques, brosse … dent ou dentifrices par exemple)",,,
wash_reponse,conseils_infra_eau,Conseils sur construction / am‚liorer les points d'eau,,,
wash_reponse,conseils_assainiss,Conseils sur comment assainir l'eau,,,
wash_reponse,conseils_infra_sanit,Conseils sur construction / am‚liorer des infrastructures sanitaires (toilettes ou latrines) ,,,
wash_reponse,conseils_hygiene,Conseils / renseignement sur l'hygiŠne personnelle,,,
wash_reponse,autre,Autre,,,
,,,,,
accouch,maison,A la maison,,,
accouch,cs,Au Centre de Sant‚,,,
accouch,autre,Autre,,,
accouch,nsp,Je ne sais pas / pr‚fŠre ne pas r‚pondre,,,
,,,,,
accouch_maison,mat_fermee,La maternit‚ ou centre de sant‚ ‚tait ferm‚e ou non fonctionnelle (Occup‚e par des groupes arm‚s ; Partiellement / totalement endommag‚e ; Occup‚e par des IDPs ; Manque de personnels soignant qualifi‚s),,,
accouch_maison,acces_mat_dangereux,"L'accŠs … la maternit‚ ou au centre de sant‚ n'‚tait pas s–r (Le trajet n'est pas s‚curis‚ jusqu?… la maternit‚ ou le centre de sant‚ ; Risque d?enlŠvements, de violence contre les patients (violences corporelles, harcŠlement))",,,
accouch_maison,mat_trop_cher,La maternit‚ ou le centre de sant‚ ‚tait financiŠrement inaccessible (Les charges sont trop ‚lev‚es ; Les moyens de transport sont trop chers),,,
accouch_maison,impossibilite_physique,Physiquement impossible pour la mŠre enceinte de se rendre … la maternit‚ ou centre de sant‚ (enfants … charge … la maison ; distance avec la maternit‚ ou le centre de sant‚ ; Aucun transport n?est disponible),,,
accouch_maison,mat_surpeupl,La maternit‚ ou le centre de sant‚ est surpeupl‚,,,
accouch_maison,manque_staff,Il manque du personnel pour g‚rer la maternit‚ ou le centre de sant‚ (Manque de personnels ; manque de personnels qualifi‚s),,,
accouch_maison,qualite_infrastructure,"Les infrastructures de la maternit‚ ou du centre de sant‚ ‚taient dans un mauvais ‚tat (Le bƒtiment est dans un mauvais ‚tat (e.g. manque de mat‚riels, manque d?‚lectricit‚, fuite d?eau, manque de latrines, etc.) ; Les infrastructures EHA sont dans un mauvais ‚tat (entretien des latrines, odeurs, s‚gr‚gation du genre, etc.))",,,
accouch_maison,accouch_assiste,J'ai b‚n‚fici‚ d'un accouchement assist‚e par une personnel qualifi‚ … domicile,,,
accouch_maison,culture,Je ne souhaite pas rejoindre une maternit‚ ou un centre de sant‚ pour accoucher (pour causes de coutumes / traditions ; je ne pense pas que cela soit n‚cessaire),,,
accouch_maison,autre,Autre,,,
accouch_maison,nsp,Je ne sais pas ou je ne souhaite pas r‚pondre ,,,
,,,,,
soin_recu,maison,"Oui, … la maison",,,
soin_recu,cs,"Oui, dans un centre de sant‚",,,
soin_recu,autre,"Oui, ailleurs",,,
soin_recu,non,Non,,,
,,,,,
soin_non_recu,infra_detruite_nat,"Les infrastructures ont ‚t‚ d‚truites par des catastrophes naturelles (inondation, incendie, etc.)",,,
soin_non_recu,infra_detruite_ca,Les infrastructures ont ‚t‚ d‚truites durant les combats,,,
soin_non_recu,infra_inexis,Il n'y a jamais eu d'infrastructures de sant‚ … proximit‚,,,
soin_non_recu,medic_indisp,Il n'y a pas de m‚dicaments disponibles,,,
soin_non_recu,staff_indisp,Il n'y a pas de travailleurs de sant‚ dans la zone,,,
soin_non_recu,insecurite,L'ins‚curit‚ est trop forte dans la zone,,,
soin_non_recu,infra_trop_loin,Les infrastructures sont trop ‚loign‚es,,,
soin_non_recu,trop_cher,Le m‚nage n?a pas les ressources financiŠres pour s?octroyer des soins m‚dicaux,,,
soin_non_recu,qualite_trop_faible,Le m‚nage estime que la qualit‚ des soins fournis n?est pas suffisante,,,
soin_non_recu,autre,Autre,,,
soin_non_recu,nsp,Je ne sais pas ou ne souhaite pas r‚pondre,,,
,,,,,
maladies_0_4,fievre,FiŠvres,,,
maladies_0_4,diarrhee,Diarrh‚e,,,
maladies_0_4,toux,Toux,,,
maladies_0_4,autre,Autres (merci de pr‚ciser),,,
maladies_0_4,nsp,Je ne sais pas / pr‚fŠre ne pas r‚pondre,,,
,,,,,
maladies,palu,Paludisme,,,
maladies,fievre,FiŠvre ,,,
maladies,infec_resp,Infections Respiratoires Aiges,,,
maladies,diarrhee,Diarrh‚es,,,
maladies,rougeole,Rougeole,,,
maladies,hepat,H‚patite,,,
maladies,cholera,Chol‚ra,,,
maladies,vih_sida,VIH/SIDA,,,
maladies,mening,M‚ningite,,,
maladies,autre,Autre (pr‚cisez),,,
maladies,nsp,Je ne sais pas / pr‚fŠre ne pas r‚pondre,,,
,,,,,
deces_relation,famille_proche,"Famille proche (parents, grands-parents, enfants)",,,
deces_relation,famille_eloignee,"Famille plus ‚loign‚e (cousins, oncle, tante, neveu, niŠce, autre)",,,
deces_relation,autre,Pas de lien biologique (merci de pr‚ciser),,,
,,,,,
deces_cause,acc_travail,D‚cŠs suite … un accident de travail,,,
deces_cause,acc_CA,D‚cŠs suite … un accident li‚ au conflit arm‚ (conflit / violence),,,
deces_cause,acc_route,"D‚cŠs suite … un accident de la route (accident de voiture, moto, bus, etc.)",,,
deces_cause,catast_nat,"D‚cŠs suite … une catastrophe naturelle (inondation, ‚boulements de terrain, incendie, etc.) ",,,
deces_cause,cause_animale,D‚cŠs suite … une morsure / piq–re animale / attaque animale ( Paludisme / Rage),,,
deces_cause,maladie_diarr,"D‚cŠs suite … une maladie (diarrh‚e, liquide ou sanglante)",,,
deces_cause,maladie_autre,D‚cŠs suite … une maladie (autre),,,
deces_cause,manque_nourrit,D‚cŠs suite … un manque de nourriture (Famine / Malnutrition),,,
deces_cause,naturelle,Cause naturelle de d‚cŠs (ex. ƒge) ,,,
deces_cause,autre,Autre,,,
,,,,,
sante_reponse,cash_frais_med,De l'argent pour payer les frais m‚dicaux,,,
sante_reponse,prov_medicament,Provision direct de m‚dicaments,,,
sante_reponse,prov_vaccins,Provision direct de vaccins,,,
sante_reponse,acces_transport,Avoir accŠs … des transports jusqu'aux installations de sant‚,,,
sante_reponse,acces_staff_cs,Avoir accŠs … d'avantage de travailleurs de la sant‚ qualifi‚s dans les ‚tablissements,,,
sante_reponse,acces_staff_domicile,Avoir accŠs … un personnel de sant‚ plus qualifi‚ pour les visites … domicile,,,
sante_reponse,acces_vaccin_domicile,Avoir accŠs … des visites … domicile pour les vaccinations,,,
sante_reponse,acces_pr_handic,Avoir plus d'accŠs pour les personnes handicap‚es physiques/mentales,,,
sante_reponse,services_FE_FA,Avoir plus de services pour les femmes enceintes ou allaitantes,,,
sante_reponse,prov_cs,Avoir plus d'‚tablissements de soins de sant‚,,,
sante_reponse,prov_cs_proximite,Avoir plus d‚tablissements de soins de sant‚ … proximit‚,,,
sante_reponse,autre,Autres (merci de pr‚ciser),,,
,,,,,
niveau_scolaire,prescol,Niveau pr‚scolaire,,,
niveau_scolaire,primaire,Niveau primaire,,,
niveau_scolaire,secondaire,Niveau secondaire,,,
,,,,,
educ_presence,12M,Pr‚sent toute l'ann‚e,,,
educ_presence,6M_12M,Pr‚sent pour la majorit‚ de l'ann‚e (> 6 mois),,,
educ_presence,3M_6M,Pr‚sent entre 3 et 6 mois,,,
educ_presence,0M_3M,Pr‚sent moins de 3 mois,,,
educ_presence,0M,Jamais pr‚sent,,,
,,,,,
educ_enfant_handi,descol_autre,Mon enfant ne va pas … l?‚cole mais ce n?est pas en raison de son handicap,,,
educ_enfant_handi,descol_acces,"Mon enfant ne va pas … l?‚cole car l?accŠs … l?‚cole est impossible d– … son handicap (route inadapt‚e, transport impossible, ?)",,,
educ_enfant_handi,descol_enseignement,Mon enfant ne va pas … l?‚cole car l?enseignement n?est pas adapt‚ (absence d?‚quipements am‚nag‚s et/ou de mat‚riel p‚dagogiques adapt‚s),,,
educ_enfant_handi,scol_non_opti,Mon enfant s?adapte aux conditions de l?‚cole mais la situation n?est pas optimale vis-…-vis de son handicap (manque d?‚quipements am‚nag‚s et/ou de mat‚riel p‚dagogiques adapt‚s),,,
educ_enfant_handi,scol_ok,Mon enfant est parfaitement … l?aise avec les conditions de l?‚cole,,,
educ_enfant_handi,autre,Autre situation,,,
,,,,,
educ_acces,non_fonct,L?‚cole est ferm‚e ou non fonctionnelle (Occup‚e par des groupes arm‚s ; Partiellement / totalement endommag‚e ; Occup‚e par des IDPs ; Manque de professeurs ; Manque d?‚lŠves),,,
educ_acces,acces_dangereux,"L'accŠs … l'‚cole ou ˆtre dans l'‚cole n'est pas s–r (Ce n?est pas s–r de faire le trajet jusqu?… l?‚cole ; Risque d?enlŠvements, de bombardements, de violence contre l'enfant (violences corporelles, harcŠlement de la part des professeurs ou des ‚lŠves))",,,
educ_acces,financier,"L?‚cole est financiŠrement non accessible (Les charges sont trop ‚lev‚es (fournitures scolaire, frais scolaires, nourriture, uniformes, etc.) ; Les moyens de transport sont trop chers)",,,
educ_acces,logistique,"Impossibilit‚ d?enregistrer les enfants … l?‚cole (Manque de documentations officielles ; Mouvement r‚cent ou continu d?emplacement ; Nouveaux sur la localisation, enregistrement pr‚vu pour l?ann‚e suivante ; Discrimination de l?enfant ; R‚sultats trop faible pour continuer l?‚cole)",,,
educ_acces,physique,Physiquement impossible pour l?enfant de se rendre … l'‚cole (Enfant en situation d?handicap ; Enfant traumatis‚ ; L?enfant a ‚t‚ malade (pendant plus de 6 mois) ),,,
educ_acces,acces_impossible,L'accŠs … l'‚cole est impossible (L?‚cole et trop loin ;  Aucun transport n?est disponible ; Manque d?essence pour transporter l?enfant … l?‚cole ; L?enfant est trop jeune),,,
educ_acces,surpeuplee,L?‚cole est surpeupl‚e,,,
educ_acces,manque_staff,Il manque du personnel pour g‚rer l?‚cole (Manque de professeurs ; Manque de professeurs comp‚tents),,,
educ_acces,infra,"Les infrastructures de l?‚cole sont mauvaises (Le bƒtiment est dans un mauvais ‚tat (e.g. manque de fourniture, manque d?‚lectricit‚, fuite d?eau, manque de latrines, etc.) ; Les infrastructures EHA sont dans un mauvais ‚tat (entretien des latrines, odeurs, s‚gr‚gation du genre, etc.))",,,
educ_acces,cursus,Le cursus scolaire n?est pas adapt‚ pour nos enfants (Le programme n?est pas appropri‚ ; La langue d?enseignement n?est pas appropri‚e),,,
educ_acces,enfants_occupes,Nos enfants sont d‚j… occup‚s (Les enfants doivent rester … la maison pour assister la famille dans l?entretien du m‚nage ou contribuer au revenu du m‚nage ; Les enfants sont d‚j… mari‚s ; Les enfants doivent ramener de l'argent),,,
educ_acces,culturel,Je ne veux pas que mon enfant aille … l?‚cole (Pour causes de coutumes / traditions ; Je ne pense pas que l?‚cole soit n‚cessaire / je ne considŠre pas l?‚ducation comme important ; L?‚cole a d‚j… ‚t‚ trop souvent manqu‚e pour rattraper le retard accumul‚ ; L?enfant ne doit pas recevoir une ‚ducation occidentale),,,
educ_acces,manque_interet,L?enfant n?est pas int‚ress‚ par l?‚cole,,,
educ_acces,autre,Autres,,,
educ_acces,aucune,Aucune,,,
,,,,,
educ_reponse,cash_frais,De l'argent pour payer les frais scolaire,,,
educ_reponse,cash_fournitures,"De l'argent pour acheter les fournitures scolaires (sac, stylos, etc.)",,,
educ_reponse,cash_livres,De l'argent pour acheter des livres scolaires,,,
educ_reponse,cash_transport,De l'argent pour payer le transport jusqu'… l'‚cole,,,
educ_reponse,cash_nourriture,De l'argent pour payer la nourriture … l'‚cole,,,
educ_reponse,prov_fournitures,"Provision direct de fournitures scolaires (sac, stylos, etc.)",,,
educ_reponse,prov_livres,Provision direct de livres scolaires,,,
educ_reponse,prov_uniformes,Provision direct d'uniforme scolaire,,,
educ_reponse,acces_transport,Avoir accŠs … des transports jusqu'… l'‚cole,,,
educ_reponse,acces_repas,Avoir accŠs … des repas … l'‚cole,,,
educ_reponse,autre,Autres (merci de pr‚ciser),,,
,,,,,
risque ,vol_betail,Vol de b‚tail ,,,
risque ,pillage_criminalite,Pillage / criminalit‚ ,,,
risque ,harcelement,HarcŠlement pour r‚v‚ler des informations,,,
risque ,mariage_force,Mariage avant 18 ans (mariage pr‚coce) / mariage forc‚ (contre sa volont‚) ,,,
risque ,separation_famille,S‚paration de la famille ,,,
risque ,violence_voisins,Violence entre voisins,,,
risque ,conflits_fonciers,Conflits fonciers ,,,
risque ,incident_transhumance,Incident caus‚ par la transhumance,,,
risque ,violence_sexuelles,Violences sexuelles,,,
risque ,rumeurs_attaques,Rumeurs d'attaques,,,
risque ,recrutement_force,Recrutement forc‚ ,,,
risque ,travail_force,Travail forc‚ (contre sa volont‚) ,,,
risque ,enlevement,EnlŠvements / kidnapping ? g‚n‚ral ,,,
risque ,enlevement_travail_force,EnlŠvements / kidnapping pour du travail forc‚ (contre sa volont‚) ,,,
risque ,meurtre_diff_groupes,Meurtre / blessure entre membre de diff‚rents groupes ,,,
risque ,meurtre_meme_groupe,Meurtre / blessure au sein d'un mˆme groupe,,,
risque ,tensions_communautes,Tensions entre communaut‚ h“te / communaut‚ d‚plac‚,,,
risque ,autre,Autre,,,
risque ,nsp ,Je ne sais pas ou je ne souhaite pas r‚pondre,,,
,,,,,
type_activite_4_18,agric,Agriculture/Travaux champetres,,,
type_activite_4_18,peche,Pˆche,,,
type_activite_4_18,elevage,Elevage /chasse,,,
type_activite_4_18,carriere,CarriŠre / Mines,,,
type_activite_4_18,petit_commerce,Petit commerce,,,
type_activite_4_18,restauration,Restauration,,,
type_activite_4_18,artisanat,"Artisanat (menuiserie, forge, soudure...)",,,
type_activite_4_18,travaux_domestiques,Travaux domestiques,,,
type_activite_4_18,construction,Construction / Batiment,,,
type_activite_4_18,transport,Transport,,,
type_activite_4_18,recrutes,Recrutes,,,
type_activite_4_18,prostitution,Prostitution,,,
type_activite_4_18,autre,Autre,,,
type_activite_4_18,nsp,Je ne sais pas / je ne souhaite pas r‚pondre,,,
,,,,,
travail_force,agriculture_forets,Agriculture / exploitation forestiŠre,,,
travail_force,peche,Pˆche,,,
travail_force,mines,Mines / carriŠres,,,
travail_force,indutrie,Production industrielle,,,
travail_force,construction,Construction,,,
travail_force,commerce_automobile,Commerce de gros et de d‚tail / r‚paration de v‚hicules automobiles et de motocycles,,,
travail_force,hotellerie_restauration,H“tellerie et services de restauration,,,
travail_force,militaire,Militaire,,,
travail_force,arts,"Arts, spectacles et loisirs",,,
travail_force,prostitution,Prostitution / exploitation sexuelle,,,
travail_force,drogue,Production de drogues / vente ou trafic de drogues,,,
travail_force,mendicite,Mendicit‚,,,
travail_force,services_personnels,"Services personnels (p. ex. salons de massage, salons de beaut‚)",,,
travail_force,travail_domestique,Travail domestique,,,
travail_force,combats,Engagement dans des combats,,,
travail_force,autres_actions_militaires,Participation … d'autres actions militaires,,,
travail_force,soutien_ga,"Fournir des services de soutien … la force ou au groupe arm‚ (p. ex. cuisiner, aller chercher de l'eau, ramasser du bois de chauffage)",,,
travail_force,portier,Portier,,,
travail_force,espion,Espionner,,,
travail_force,services_sexuels,Fourniture de services sexuels,,,
travail_force,autre,Autre ,,,
travail_force,nsp,Je ne sais pas ou je ne souhaite pas r‚pondre,,,
,,,,,
relations_communautes,accueil_longtemps,Communaut‚ prˆte … accueillir les d‚plac‚s aussi longtemps que n‚cessaire,,,
relations_communautes,accueil_limite,Communaut‚ prˆte … accueillir les d‚plac‚s pour une p‚riode limit‚e,,,
relations_communautes,tensions,Des tensions existent d‚j…,,,
relations_communautes,autre,Autre ,,,
relations_communautes,nsp,Je ne sais pas ou je ne souhaite pas r‚pondre,,,
,,,,,
raison_separation,mariage,Mari‚ et a quitt‚ la maison ,,,
raison_separation,travail,A quitt‚ la maison pour chercher du travail / pour travailler,,,
raison_separation,etudes,A quitt‚ la maison pour ‚tudier,,,
raison_separation,armee,A quitt‚ la maison pour s'engager avec l'arm‚e ou un groupe arm‚,,,
raison_separation,disparition,"A disparu (kidnapp‚, enlev‚, est parti sans nouvelles)",,,
raison_separation,perte,S'est perdu pendant les d‚placements,,,
raison_separation,ailleurs_famille,Est avec d'autres membres de la familles/tuteurs,,,
raison_separation,detention,Est d‚tenu / arrˆt‚,,,
raison_separation,deces_lien_conflit,Est d‚c‚d‚ par causes li‚es aux conflits,,,
raison_separation,autre,Autre,,,
raison_separation,nsp,Je ne sais pas ou je ne souhaite pas r‚pondre,,,
,,,,,
probleme_protection,comite_protection,Comit‚ de protection,,,
probleme_protection,relais_communautaire,Relais communautaire,,,
probleme_protection,administration_leg,Administration l‚gale,,,
probleme_protection,administration_loc,Administration locale,,,
probleme_protection,centre_ecoute,Centre ‚coute et conseil,,,
probleme_protection,autre,Autres,,,
probleme_protection,aucun,"Non, aucun",,,
probleme_protection,nsp,Je ne sais pas / pr‚fŠre ne pas r‚pondre,,,
,,,,,
coping,aliments_moins_preferes,"Consommer des aliments moins pr‚f‚r‚s, de moins bonnes qualit‚s et/ou moins chers ?",,,
coping,restriction_adultes,Restreindre la consommation de nourriture des adultes pour permettre aux plus jeunes de manger davantage ? ,,,
coping,diminution_quantite,Diminuer la quantit‚ consomm‚e pendant les repas ?,,,
coping,reduction_eau_domestique,"R‚duire la quantit‚ d'eau utilis‚e … des fins domestiques (pour boire, laver, cuisiner, etc.) ?",,,
coping,utilisation_eau_non_sure,Utiliser de l'eau non s–re (sans la bouillir ou la purifier) d'une source non-am‚lior‚e ? ,,,
coping,emprunt_nourriture_argent,"Emprunter de la nourriture ou d‚pendre de l'aide d'amis ou de proches pour se nourrir, ou emprunter de l'argent pour acheter de la nourriture ou des biens essentiels ? ",,,
coping,maison_endommagee,"Vivre dans une maison partiellement endommag‚e ou pr‚caire, un abri sur-peupl‚ ou collectif, une tente, un espace pr‚vu … d'autres fins (par exemple pr‚vu pour les animaux) ou en plein air ?",,,
coping,reduction_repas,"R‚duire le nombre de repas mang‚s, compar‚ … votre fr‚quence habituelle ?",,,
coping,vente_biens,"Vendre des actifs (incluant b‚tails, bijoux, meubles, objets ‚lectronique, etc) en urgence … cause de la situation de crise actuelle ?",,,
coping,travail_journalier,Chercher du travail ou une quelconque source de revenu comme du travail journalier ou du commerce de rue ? (Seulement pour les membres de la famille de plus de 16 ans),,,
coping,travail_enfant,Engager un enfant (fille ou gar‡on) dans un travail journalier ou du commerce de rue pour combler le revenu de la famille ?,,,
coping,repousser_soins_sante,Repousser une visite m‚dicale n‚cessaire pour soigner un problŠme de sant‚ critique … cause de la situation d'urgence actuelle ?,,,
,,,,,
source_confiance,faca,De la part de la Force arm‚e (FACA),,,
source_confiance,gendarmerie,De la part de la gendarmerie,,,
source_confiance,groupes_armes,De la part de GA (Groupes arm‚s),,,
source_confiance,chef_communaut‚,De la part du chef de la communaut‚,,,
source_confiance,leaders_religieux,De la part d'un leader religieux ,,,
source_confiance,fonctionnaires_gouvernement,De la part des fonctionnaires du gouvernement,,,
source_confiance,amis_famille,De la part d'amis et de la famille ,,,
source_confiance,humanitaires_onu,De la part des travailleurs humanitaires des Nations Unies,,,
source_confiance,humanitaires_ong_nationales,De la part des travailleurs humanitaires des ONG nationales,,,
source_confiance,humanitaires_ong_internationales,De la part des travailleurs humanitaires des ONG internationales,,,
source_confiance,autre,Autre                                       ,,,
source_confiance,nsp,Je ne sais pas ou je ne souhaite pas r‚pondre,,,
,,,,,
type_information,nouvelles_zone_actuelle,Des nouvelles sur ce qu?il se passe dans la zone o— vous vous situez,,,
type_information,nouvelles_zone_passee,Des nouvelles sur ce qu?il se passe dans la zone o— vous habitiez avant (si diff‚rent),,,
type_information,personnes_manquantes,Retrouver des personnes manquantes,,,
type_information,securite_zone_actuelle,De l?information sur la situation de s‚curit‚ dans la zone o— vous vous situez,,,
type_information,enregistrement_aide_humanitaire,Savoir comment s?enregistrer pour obtenir de l?aide humanitaire,,,
type_information,eau,Savoir comment obtenir de l?eau,,,
type_information,nourriture,Savoir comment obtenir de la nourriture,,,
type_information,abri_logement_materiel,Savoir comment obtenir un abri / un logement / du mat‚riel pour construire un abri,,,
type_information,nutrition,De l?information sur la nutrition,,,
type_information,nourriture_prix,De l?information sur les prix de la nourriture,,,
type_information,cultures_prix_betail,De l?information sur les cultures locales / prix du b‚tail,,,
type_information,combustible_bois_chauffage,Savoir comment obtenir du combustible pour la cuisine / bois de chauffage,,,
type_information,meteo_locale,De l?information sur la m‚t‚o locale,,,
type_information,soins_consultation,Savoir comment obtenir des soins / une consultation m‚dicale,,,
type_information,aide_attaque_harcelement_enlevement,"Savoir comment obtenir de l?aide ou du soutien aprŠs avoir ‚t‚ attaqu‚, harcel‚ ou enlev‚",,,
type_information,aide_travail_force,Savoir comment obtenir de l?aide aprŠs avoir ‚t‚ forc‚ … faire un travail ou … exercer une activit‚ contre sa volont‚ ,,,
type_information,aide_violences_sexuelles,Savoir comment obtenir de l'aide ou du soutien aprŠs avoir ‚t‚ victime de violences sexuelles,,,
type_information,prevention_attaques_harcelement_enlevement,"Savoir comment rester en s‚curit‚ afin de pr‚venir les attaques, le harcŠlement ou les enlŠvements",,,
type_information,documents_personnels,Savoir comment remplacer ses documents personnels (e.g. certificat de naissance / carte d'identit‚),,,
type_information,education,Savoir comment avoir accŠs … de l?‚ducation,,,
type_information,travail,Savoir comment trouver du travail,,,
type_information,transport,Savoir comment avoir accŠs … des moyens de transport,,,
type_information,argent_soutien_financier,Savoir comment obtenir de l?argent / un soutien financier,,,
type_information,retour_lieu_origine,Avoir de l'information sur la possibilit‚ de retourner dans les lieux d'origine,,,
type_information,retrouver_logement,Avoir de l'information sur comment pouvoir retrouver un logement,,,
type_information,aide_agences_humanitaires,Avoir de l'information sur les agences humanitaires qui leur fournissent de l'aide,,,
type_information,plaite_type_aide,Savoir comment pouvoir se plaindre sur le type d'aide re‡u ,,,
type_information,plainte_maniere_aide,Savoir comment pouvoir se plaindre sur la maniŠre dont l'aide est re‡ue (mauvais comportement des fournisseurs d'aide),,,
type_information,comportement_fournisseurs_aide,Savoir comment les fournisseurs d'aide doivent se comporter,,,
type_information,autre,Autre,,,
type_information,nsp ,Je ne sais pas ou je ne souhaite pas r‚pondre,,,
,,,,,
canal_information,appel,Appel t‚l‚phonique ,,,
canal_information,sms,SMS,,,
canal_information,twitter,Twitter,,,
canal_information,facebook,Facebook,,,
canal_information,whatsapp,WhatsApp,,,
canal_information,autre_reseau_social,Autre r‚seau social,,,
canal_information,tv,T‚l‚vision,,,
canal_information,journaux,Journaux,,,
canal_information,panneaux_informatifs,Sur des panneaux informatifs,,,
canal_information,posters,Sur des posters,,,
canal_information,feuillets,Par feuillets,,,
canal_information,hauts_parleurs,Par des hauts parleurs,,,
canal_information,musique,En musique,,,
canal_information,theatre,Au th‚ƒtre,,,
canal_information,film,Dans un film,,,
canal_information,face_a_face,"En personne, face … face (merci de pr‚ciser avec qui vous souhaiteriez en discuter)",,,
canal_information,autre,Autre,,,
canal_information,nsp ,Je ne sais pas ou je ne souhaite pas r‚pondre ,,,
,,,,,
retour_fournisseurs,face_a_face_maison,Face … face … la maison avec le travailleur humanitaire,,,
retour_fournisseurs,face_a_face_bureau ,Face … face dans un bureau ou autre avec le travailleur humanitaire,,,
retour_fournisseurs,reunion_communautaire,Lors de r‚union communautaire dans les localit‚s / du village,,,
retour_fournisseurs,telephone,Par t‚l‚phone,,,
retour_fournisseurs,sms,Par SMS,,,
retour_fournisseurs,email,Par email,,,
retour_fournisseurs,lettre,"Par lettre, courriel",,,
retour_fournisseurs,reseau_social,"Via un r‚seau social (Facebook, Twitter, etc.)",,,
retour_fournisseurs,boite_plaintes_suggestions,Via une boŒte … plaintes / … suggestion,,,
retour_fournisseurs,autre,Autre,,,
retour_fournisseurs,nsp ,Je ne sais pas ou je ne souhaite pas r‚pondre ,,,
,,,,,
rep_souhaitee,aucun,Aucun besoin,,,
rep_souhaitee,secal,Avoir accŠs … de la nourriture,,,
rep_souhaitee,wash,Avoir accŠs … de l'eau / … des latrines ou … une meilleure hygiŠne de vie ,,,
rep_souhaitee,sante,Avoir accŠs … la sant‚ ,,,
rep_souhaitee,regroup_fam,Pouvoir rejoindre les membres de ma famille ,,,
rep_souhaitee,support_psychosocial,Avoir accŠs … un service de support psychosocial,,,
rep_souhaitee,doc_leg,R‚cup‚rer des documents l‚gaux d'identit‚ pour ma famille,,,
rep_souhaitee,educ,Avoir accŠs … l'‚ducation pour les enfants de ma famille,,,
rep_souhaitee,nfi,"Avoir accŠs … un abri ou … des biens non-alimentaires (couvertures, moustiquaires, seaux, etc.)",,,
