aap_1_1_source_confiance_autre,aap_1_1_source_confiance_autre_recoded,aap_3_canal_information_autre,aap_3_canal_information_autre_recoded,sante_5_deces_cause_autre,sante_5_deces_cause_autre_recoded,nfi_propr_abri_autre,nfi_propr_abri_autre_recoded
De la part de radio communautaire,autre,Radio locale,radio,Suite a l'accouchement,autre,Site,autre
Auprï¿½ï¿½ï¿½ï¿½ï¿½ï¿½s de nos ,autre,Radio,radio,Torture a une fausse accusations de la de la sociï¿½ï¿,autre,Pour un pï¿½ï¿½ï¿½ï¿½ï¿½ï¿½re qui a r,autre
Auprï¿½ï¿½ï¿½ï¿½ï¿½ï¿½s de respo,autre,Radio,radio,C'EST serpent qui l'a piquï,cause_animale,On vient retournï¿½ï¿½ï¿½ï¿½ï,autre
Auprï¿½ï¿½ï¿½ï¿½ï¿½ï¿½s de nos ,autre,Radio,radio,iPod,autre,Nous sommes retournï¿½ï¿½ï¿½ï¿½ï¿½ï¿½s pour pouvoir constr,autre
Auprï¿½ï¿½ï¿½ï¿½ï¿½ï¿½s de nos ,autre,Radio,radio,L'anï¿½ï,maladie_autre,Aprï¿½ï¿½ï¿½ï¿½ï¿½ï¿½s le retou,autre
Auprï¿½ï¿½ï¿½ï¿½ï¿½ï¿½s de nos chefs des villages et travai,autre,Radio,radio,Poursuite aprï¿½ï¿½ï¿½ï¿½ï¿½ï¿½,maladie_autre,Abris construire dans l'urgence,autre
Prï¿½ï¿½ï¿½ï¿½ï¿½ï¿½side,chef_communautï,Radio locale,radio,Maladie suite au soucis de ses biens qu'il a perdu dans des crise et ï¿½ï¿½ï¿½ï¿½ï¿½ï¿½ventuellement que no,autre,Abris de la famille,pret
Le prï¿½ï¿½ï¿½ï¿½ï¿½,chef_communautï,Par radio communautaire,radio,Morsure de serpent,cause_animale,J'ai ï¿½ï¿½ï¿½ï¿½ï¿½ï¿½tï¿½ï¿½ï¿½ï¿½ï¿½ï¿½ accu,pret
Radio FM,radio,Par radio communautaire,radio,Dï¿½ï¿½ï¿½ï¿½ï¿½ï¿½cï¿½ï¿½ï¿½,autre,Maison en famille d'accueil,pret
Par mettre,autre,Auprï¿½ï¿½ï¿½ï¿½ï¿½ï¿½s de nos,face_a_face,Cette personne a participï¿½ï¿½ï¿½ï¿½,acc_CA,Maison en famille d'accueil,pret
Par lettre,autre,Auprï¿½ï¿½ï¿½ï¿½ï¿½ï¿½s de nos ,face_a_face,Tuï¿½ï¿½ï¿½ï¿½ï¿½ï¿½ par les groupes armï¿½ï¿,acc_CA,L'hï¿½ï¿½ï¿½ï¿½ï¿½ï¿½r,autre
Chez le reprï¿½ï¿½ï¿½ï¿½ï¿½ï,chef_communautï,Auprï¿½ï¿½ï¿½ï¿½ï¿½ï¿½s de nos ,face_a_face,Suite ï¿½ï¿½ï¿½ï¿½ï¿½ï¿½ un bagarre avec ,acc_CA,abri d' urgence,autre
Responsables des blocs du site,chef_communautï,Auprï¿½ï¿½ï¿½ï¿½ï¿½ï¿½s de nos ,face_a_face,Suite a l'accouchement,autre,Je suis chez un parent,pret
Journaliste,autre,Auprï¿½ï¿½ï¿½ï¿½ï¿½ï¿½s de nos ,face_a_face,Accident,autre,Personnel,autre
Journaliste,autre,Auprï¿½ï¿½ï¿½ï¿½ï¿½ï¿½s de nos ,face_a_face,Tuberculose,maladie_autre,Pour les familles d'accueil,pret
Pas des informations fiables,autre,Parfois par nos chefs de village.ou humanitaire,face_a_face,Dï¿½ï¿½ï¿½ï¿½ï¿½ï¿½cï¿½ï¿½ï¿½,manque_nourrit,Rester provisoirement,pret
Journaliste,autre,Problï¿½ï¿½ï¿½ï¿½ï¿½ï¿½me d'information il faut que tu vas en ville pour recev,autre,Suit a mauvais accouchement,autre,Famille,pret
Les commerï¿½ï¿,autre,Toujours par radio communautaire,radio,Santï¿½ï¿½ï¿½,maladie_autre,Bien commun,autre
Aucunement pas,autre,Par radio communautaire,radio,Dï¿½ï¿½ï¿½ï¿½ï¿½ï¿½cï¿½ï¿½ï¿,autre,Bien commun,autre
Un voyageur revenant de la grande ville comme bambari et autres,autre,Rien,autre,Drepanositose,autre,Maison familiale,autre
A travers les chefs de bloque,chef_communautï,Aucune,autre,Noyade,autre,Maison familiale,autre
Les groupes armï¿,groupes_armes,Radio,radio,Dï¿½ï¿½ï¿½ï¿½ï¿½ï¿,naturelle,Maison familiale,autre
Dieu,autre,Radio,radio,Morte quelques aprï¿½ï¿½ï¿½ï¿½ï¿½,autre,Maison familiale,autre
A la radio,autre,Radio,radio,Suite ï¿½ï¿½ï¿½ï¿½ï¿½,autre,Maison familiale,autre
Radio,radio,Avec une radio,radio,Suite a une opï¿½ï¿½ï,autre,Bien commun,autre
Dieu le tout puissant,autre,Sur le mï¿½ï¿½ï¿½ï¿,radio,Suite a une maladie datï,maladie_autre,Bien commun,autre
Nous sommes sans nouvelle depuis longtemps.,autre,Radio,radio,Mort subitement,autre,Bien commun,autre
Journaliste,autre,Le mï¿½ï¿½ï¿½ï,radio,Tu pendant la crise,autre,Bien commun,autre
Journaliste,autre,Rien,autre,Mort subite,autre,souls couvers,autre
Journaliste,autre,Radio,radio,Tuï¿½ï¿½ï¿½ï¿½ï¿½ï¿½ par les g,acc_CA,Bien commun,autre
Journaliste,autre,Par les voyageurs,face_a_face,Paralysie,autre,Famille d'accueil,pret
Radio,radio,Par les voyageurs,face_a_face,Sorcellerie qui l'a tuï,autre,Sous couvert,pret
radio,radio,Nous pouvons aller centre vil pour avoir des informations,autre,Forte paludisme,cause_animale,Sous couvert de mon beau   pï¿½,pret
Chef du site,chef_communautï,Par les voyageurs,face_a_face,Suite ï¿½ï¿½ï¿½ï¿½ï¿½ï,maladie_autre,Bien commun,autre
Journalistes,autre,Par les voyageurs,face_a_face,Suite a un cancer,maladie_autre,Maison familiale,autre
Les journalistes,autre,Par les voyageurs,face_a_face,Mort nï,autre,Maison familiale,autre
Poste radio,radio,Radio locale,radio,Par la suite d'une vomissement sanguine,maladie_autre,Maison familiale,autre
Poste radio,radio,Par les voyageurs,face_a_face,Assassinat,autre,Bien commun,autre
Journaliste,autre,Par les voyageurs,face_a_face,Aprï¿½ï¿½ï¿½ï¿½ï¿,autre,Sous couvert(famille d'accueil),pret
Journaliste,autre,Radio,radio,Assasina,autre,Hï¿½ï¿½ï,autre
Journaliste,autre,Radio locale,radio,Hernie,maladie_autre,Site elevage,autre
Chef du bloc,chef_communautï,Rien,autre,Infections dans le ventre,maladie_autre,Deplacï,autre
Coordonnateur,autre,Radio,radio,Mort bizarre,autre,Maison d urgence,autre
Coordonnateur du site,autre,Radio,radio,Acouchement,autre,Abri. Urgence ( Site),autre
Poste radio,radio,Radio,radio,Dï¿½ï¿½ï¿½ï¿½ï¿½ï¿½cï¿½ï¿½ï¿,autre,Abri urgence,autre
Poste radio,radio,Par radio communautaire,radio,Mort nï¿,autre,La personne a fabriquer elles mï¿½ï,autre
Journaliste,autre,Par radio communautaire,radio,Aprï¿½ï¿½ï¿½ï¿½ï¿½ï¿½s opï¿½,autre,"Famille d, accueil",pret
Journaliste,autre,Par radio communautaire,radio,Avortement,autre,Maison Etatique,autre
Radio,radio,Toujours par radio communautaire,radio,Anï¿½ï,maladie_autre,Maison ï¿½ï¿½ï¿,autre
Radio,radio,Pendant la rï¿½ï¿½ï¿½ï¿½ï¿½ï¿½u,face_a_face,Aprï¿½ï¿½ï¿½ï¿½ï¿½ï¿,maladie_autre,Je dors chez une famille,pret
Radio,radio,Par le chef de groupe,face_a_face,Naufrage,autre,Site alternatif maison en paille,autre
Radio,radio,Par le dï¿½ï¿½ï¿½ï¿½ï¿½ï¿,face_a_face,Meutre,autre,Nous vivons sur le site alternatif,autre
Radio,radio,Par le chef de village,face_a_face,Dï¿½ï¿½ï¿½ï¿½ï¿½ï¿½cï¿,maladie_autre,Site alternatif,autre
Radio,radio,Par le chef de village,face_a_face,Anï¿½ï,maladie_autre,Site parc,autre
Radio,radio,Par le dï¿½ï¿½ï¿½ï¿½ï¿½ï¿,face_a_face,Suite a une longue maladie,maladie_autre,Site parc,autre
Radio,radio,Par le chef de village,face_a_face,Mort subite,autre,Don,autre
Radio,radio,Par un coup de sifflet,autre,Poisonnï,autre,Regroupez   avec la famille e,autre
Radio,radio,Radio FM,radio,Mort nï¿,autre,Maison familiale,autre
Radio,radio,Par lettre,autre,Dï¿½ï¿½ï¿½ï¿½ï¿½ï¿½cï¿½ï¿½ï¿½ï¿½ï¿½ï¿½s suite,autre,Maison de grand pï¿½ï,autre
Radio,radio,Par lettre,autre,Suite ï¿½ï¿½ï¿½ï¿½ï¿½ï¿½ une mal,maladie_autre,Maison familiale,autre
Mon Voisin,amis_famille,Par lettre,autre,Dï¿½ï¿½ï¿½ï¿½ï¿½ï¿½cï¿½ï¿½ï¿½ï¿½ï,autre,Maison dï¿½ï¿½ï¿½ï¿½ï¿½ï¿½laissï¿½ï¿½ï¿½ï¿½ï¿½ï¿½ mais utiliser grï¿½ï¿½ï¿½ï¿½ï¿½ï,pret
De la par de Leaders communautaire,chef_communautï,Les parents et les passants,face_a_face,Tro ï¿½,naturelle,Maison donnï¿½ï¿½ï¿½ï¿½ï¿½ï¿½ ï¿½ï¿½ï¿½ï¿½ï¿½ï¿½,autre
Poste radio,radio,Les passants,face_a_face,"Paralysï¿½ï¿½ï¿½ï¿½ï¿½",maladie_autre,Maison familiale,autre
Radio,radio,Radio et les passants,face_a_face,ýpilepsie,maladie_autre,La propriï¿½ï¿½ï¿½ï¿½ï¿½ï¿½taire est en voyage mais le chef de quartier les ï¿½ï¿½ï¿½ï¿½,pret
Non Personnes d'autres,autre,Les autoritï¿½ï¿½ï¿½ï,fonctionnaires_gouvernement,"Foie, problï¿½ï¿½ï¿½ï¿",maladie_autre,Je suis dans la maison de mon garï¿½,pret
Chef de groupe et quartier,chef_communautï,Les autoritï¿½ï¿½ï¿½ï,fonctionnaires_gouvernement,Un nourrisson suite d'une maladie inconnu...,autre,En famille d'accueil,pret
Radio,radio,Les autoritï¿½ï¿½ï¿½ï,fonctionnaires_gouvernement,Diarrhï¿½ï¿½ï¿½ï¿½ï¿½ï¿½,maladie_diarr,La maison appartient un parent de mon mari,pret
Radio,radio,Les autoritï¿½ï¿½ï¿½ï,fonctionnaires_gouvernement,Sorcellerie de sa famille...,autre,On est dans la maison du monsieur le maire du village,autre
Radio,radio,La radio,radio,Maladie,maladie_autre,La maison de mon grand frï¿½,pret
Radio,radio,La radio,radio,Maladie,maladie_autre,Je suis accueillir chez mes parents,pret
ý la radio,radio,La radio,radio,Suite d une maladie,maladie_autre,Je suis chez les parents,pret
Chef de quartier,chef_communautï,La radio,radio,Suite d une maladie,maladie_autre,Maison construit par intersos,autre
Dï¿½ï¿½ï¿½ï¿½ï¿,autre,La radio,radio,Suite d une maladie,maladie_autre,En famille d'accueil,pret
Radio fm,radio,Radio,radio,Suite d une maladie,maladie_autre,En famille d'accueil,pret
Chef de quartier,chef_communautï,Radio,radio,Elevement,autre,En famille d'accueil,pret
De la part d'une autre personne qui n'est pas de la communautï,autre,De bouche a oreille,face_a_face,Avortement,autre,En famille d'accueil,pret
Il est difficile d'avoir des informations sï¿½,autre,Radio,radio,Il a ï¿½ï¿½ï¿½ï¿½ï¿½ï¿½tï¿½ï¿½ï¿½ï¿½,acc_CA,En famille d'accueil,pret
Dieu,autre,Radio,radio,Manque de soin medicaux,autre,En famille d'accueil,pret
Dieu,autre,Radio,radio,Je ne sais pas,autre,Maison de mon fils,pret
La radio RFI,radio,Radio,radio,Tuberculose,maladie_autre,Maison de mon pï¿½,pret
Du conseiller local,fonctionnaires_gouvernement,Radio,radio,La faim,manque_nourrit,Sous tutelle de Une famille dï¿½ï¿½ï¿½ï¿½ï¿½ï¿½p,autre
Radio,radio,Visite ONG,face_a_face,Suite ï¿½ï¿½ï¿½ï¿½ï¿½ï¿,autre,En famille d'accueil,pret
La radio,radio,La radio,radio,Suite ï¿½ï¿½ï¿½ï¿½ï¿½ï¿½ un incendie ca,autre,De la famille,autre
Radio Guira,radio,La radio pour ï¿½ï¿½ï¿½ï¿½ï¿½ï¿½couter ,radio,Anï¿½ï,maladie_autre,Occupation sans le consentement du propriï¿½ï¿½,occupe
Prï¿½ï¿½ï¿½ï¿½,chef_communautï,La radio,radio,Tuberculose pulmonaire,maladie_autre,En famille d'accueil,pret
Prï¿½ï¿½ï¿½ï¿½ï¿½,chef_communautï,La radio,radio,Opï¿½ï¿½ï,autre,Famille,pret
Personnelle,autre,"La radio,ou tï¿½ï¿½ï¿½",radio,Dï¿½ï¿½ï¿½ï¿½ï¿½ï¿½cï¿½ï¿½ï¿½ï¿½ï¿½ï¿½s ,acc_CA,Occupant secondaire ( installation dans la maison  sous permission de la personne qu'on l'avait confiï¿½ï¿½ï¿½ï¿½ï¿½ï¿½e la responsabilitï¿½ï¿½ï¿½ï¿½ï¿½ï¿½ du local) qui ï¿½ï¿½ï¿½ï¿½ï¿½ï¿½ eut peur de rester de,pret
Prï¿½ï¿½ï¿½ï¿½ï¿½ï¿½side,chef_communautï,La radio,radio,Mort nï¿½,autre,Maison du grand pï¿½,pret
Prï¿½ï¿½ï¿½ï¿½ï¿½ï¿½side,chef_communautï,Radio national et privey,radio,Suite ï¿½ï¿½ï¿½ï¿½ï¿½ï¿½ un,maladie_autre,Maison familiale,pret
Aucun,autre,Radio,radio,Tuer Par balle,acc_CA,Occupï¿½ï¿½ï¿½ï¿½ï¿½ï¿½e par le consentemen,pret
 Radio ,radio,Radio,radio,Mort tragique sans malade,autre,Pour ma grande mï¿½,pret
Aucun,autre,De bouche a oreille,face_a_face,Dï¿½ï¿½ï¿½ï¿½ï¿½ï¿½cï¿½ï¿½ï¿½ï¿½ï¿½ï¿½s,autre,Occupï¿½ï¿½ï¿½ï¿½ï¿½ï¿½e par le consentemen,pret
Aucun,autre,Radio,radio,Tuberculose,maladie_autre,Sous tutelle de mon cousin,pret
Par Tï¿½ï¿½ï¿,autre,De bouche a l'oreille,face_a_face,Annemie,maladie_autre,J'habite sous tutelle d'un parnt,pret
Radio,radio,De bouche a l'oreille c tout,face_a_face,Dï¿½ï¿½ï¿½ï¿½ï¿½ï¿½cï¿½ï¿½ï¿,autre,Sous couvert de ma mï¿½,pret
Par la radio,radio,Radio,radio,Accouchement,autre,Pour les beaux parents,pret
Radio,radio,La radio,radio,Aprï¿½ï¿½ï¿½ï¿½ï¿½,autre,Sous tutelle,pret
Radio,radio,La radio,radio,Aprï¿½ï¿½ï¿½ï¿½ï¿½ï¿½s u,maladie_autre,Pour un ami,pret
A travers les voyageurs,autre,Radio,radio,Mort nï,autre,Maison de la famille,pret
A travers les voyageurs,autre,Radio,radio,Dï¿½ï¿½ï¿½ï¿½ï¿½ï¿½cï¿½,maladie_autre,Maison de la famille,pret
Rien que par la poste radio,radio,Radio,radio,Mort nï,autre,Hï¿½ï¿½ï¿½ï¿½ï¿½ï¿½bergï¿½ï,pret
Radio,radio,Radio diffusion,radio,Gonflement de ventre,autre,Maison familiale,pret
Monsieur le maire,fonctionnaires_gouvernement,Radio diffusion,radio,Mort ne,autre,Maison familiale,pret
Les autoritï¿½ï¿½ï¿½ï,fonctionnaires_gouvernement,La radio,radio,Suite a une torture,autre,Maison des parents,pret
Les autoritï¿½ï¿½ï¿½ï,fonctionnaires_gouvernement,Conseil de familles,face_a_face,Metamorphose,autre,Je dors chez familles,pret
Les autoritï¿½ï¿½ï¿½ï,fonctionnaires_gouvernement,Radio,radio,Tuï¿½ï¿½ï¿½ï¿½ï¿½ï¿½ par ,acc_CA,Maison familiale,pret
Radio f m,radio,Pour bouche l'oreille,face_a_face,SUITE ï¿½ï¿½ï¿½ï¿½ï¿½ï¿½ Une  ,maladie_autre,Aide humanitaire,autre
Par lettre,autre,Chef communautaire,face_a_face,Dï¿½ï¿½ï¿½ï¿½ï¿½ï¿½cï¿½ï¿½ï¿,autre,Maison des personnels de la sociï¿½ï,autre
Par lettre,autre,Chef communautaire,face_a_face,Par buffle,autre,Maison hï¿½ï¿½,autre
Par lettre,autre,Chef communautaire,face_a_face,Malnutrition,manque_nourrit,Maison de service,autre
Par lettre,autre,Chef communautaire,face_a_face,Gastrique,maladie_autre,Maison parental,pret
Par lettre,autre,Radio,radio,Dï¿½ï¿½ï¿½ï¿½ï¿½ï¿½cï¿½ï¿½ï¿½ï¿½ï¿½ï¿½s s,autre,La maison des familles,pret
Radio,radio,Chef du quartier,face_a_face,BK,autre,Maison familiale,pret
Radio,radio,Chef communautaire,face_a_face,Dï¿½ï¿½ï¿½ï¿½ï¿½ï¿½cï¿½ï¿½ï¿½ï¿½ï¿½,autre,Maison familiale,pret
Radio icdi,radio,Chef communautaire,face_a_face,Carie dentaire,autre,En famille d'accueil,pret
Radio guira et radio la voix de la kemo,radio,Chef communautaire,face_a_face,Mort nï¿,autre,En famille d'accueil,pret
Par lettre,autre,Chef communautaire,face_a_face,Cancï¿½,maladie_autre,Aide familiale,autre
Lettre,autre,Chef du village,face_a_face,Assassinï¿½ï¿½ï¿½ï¿½ï¿,autre,Maison de l'ï¿½ï,autre
Par des amis,amis_famille,Par Les rï¿½ï¿½ï¿½ï¿½ï¿½ï¿½un,face_a_face,Naufrage,autre,je suis chez les parent,pret
Par les passages,autre,Par rencontre de la familles,face_a_face,Pied enflï¿½ï¿½ï¿½ï¿½ï¿½ï¿½ diarrhï¿½ï¿½,maladie_diarr,Accueil ,pret
Radio,radio,Les passants,face_a_face,Suite aux ï¿½ï¿½ï¿½ï¿½ï¿½ï¿½vï¿½ï¿½ï¿½ï,acc_CA,Pour mon frï¿½,pret
Il y'a personne de confiance,autre,Par la communautï,face_a_face,Suite a un accouchement,autre,Pour ma belle famille,pret
Radio,radio,Radio,radio,Accident,autre,Pour mon grand frï¿½,pret
Radio,radio,Radio,radio,Tuï¿½ï¿½ï¿½ï¿½ï¿½ï¿½ par ,acc_CA,Pour les parents,pret
Radio,radio,Radio,radio,Malnutrition aiguï,manque_nourrit,Les parents,pret
Radio,radio,Radio,radio,Seignement du sang par voie orale.,maladie_autre,Je suis sous couvert,pret
Radio,radio,Radio,radio,Par les groupes armes ,acc_CA,Je suis chez ma belle famille,pret
Radio,radio,Radio,radio,Tuï¿½ï¿½ï¿½ï¿½ï¿½ï¿½ par le group,acc_CA,Famille accueil ,pret
Radio,radio,Chef du quartier,face_a_face,Dï¿½ï¿½ï¿½ï¿½ï¿½ï¿½ce suit,autre,Pour le service,autre
Radio,radio,Chef communautaire,face_a_face,Mort nee,autre,Famille d'accueil,pret
Chef du quartier et les leaders religieux,autre,Chef communautaire,face_a_face,Fait mistique,autre,Famille d'accueil,pret
De la part des chefs de Commune et des leaders religieux,autre,Chef de quartier,face_a_face,Sida ,maladie_autre,Famille d'accueil,pret
Monsieur le Maire,fonctionnaires_gouvernement,Chef du quartier,face_a_face,Sans malade,autre,J'ï¿½ï¿½ï¿½ï¿½ï¿½ï¿½tais avec ma grande sï,pret
Chef de la communautï¿½ï¿½ï¿½ï¿½ï¿½ï¿½ et les ,autre,Chef communautaire,face_a_face,Bï¿½ï¿½ï¿½ï¿,autre,Hangar construite pour accueillir les malades,autre
Radio,radio,Rï¿½ï¿½ï¿½ï¿½ï¿½ï¿½,face_a_face,Torture,autre,Pour le membres de la famille,pret
Prï¿½ï¿½ï¿½ï¿½ï¿½ï¿½side,chef_communautï,Radio,radio,SIDA VIH,maladie_autre,Pour les membres de la famille pas nous ,pret
Prï¿½ï¿½ï¿½ï¿½ï¿½ï¿½sid,chef_communautï,Radio,radio,ýpilepsie,maladie_autre,Maison de la famille qui nous acceuillir,pret
Radio,radio,Radio,radio,Mort subite,autre,Maison familiale,pret
Radio,radio,Radio,radio,Ernie,maladie_autre,Maison administrative,autre
Radio,radio,Radio,radio,Hernie,maladie_autre,Maison familiale,pret
Radio,radio,Radio,radio,Hernie,maladie_autre,Maison familiale,pret
Radio,radio,Radio,radio,Dï¿½ï¿½ï¿½ï¿½ï¿½ï¿½cï¿½ï¿½ï¿½ï¿½ï¿½ï¿½s ï¿½ï¿½,acc_CA,Maison de son pï¿½,pret
Radio,radio,A la radio,radio,Tuberculose,maladie_autre,Maison hï¿½ï¿½ï¿,autre
Radio,radio,A la radio,radio,Son malade,autre,Pour mon mari,pret
Radio,radio,Radio,radio,Maladie du VIH/SIDA,maladie_autre,Pour lui-mï¿½ï,pret
Radio,radio,Radio,radio,Famine,manque_nourrit,Maison  propre ,autre
Radio,radio,Radio,radio,Aprï¿½ï¿½ï¿½ï¿½ï¿½ï¿,autre,Empreintes,pret
Radio,radio,Radio,radio,Mort nï¿,autre,Don par le tuteur ,autre
Radio,radio,A la radio,radio,Cï¿½ï¿½ï¿½,autre,La maison de mon pï¿½ï,pret
Radio,radio,A la radio,radio,Mort tragique sans maladie,autre,Maison parental,pret
Maire de la ville de ABBA,fonctionnaires_gouvernement,Radio,radio,Fausse accouchement,autre,Abri donner par le prï¿½ï¿½ï¿½ï¿½ï¿½ï,autre
Via radio,radio,A la radio,radio,Infections tï¿½ï¿½,maladie_autre,Abri ï¿½ï¿½ï¿½ï¿½ï¿½ï¿½ prï¿½ï¿½ï¿½ï¿½ï¿½ï¿½s une pe,autre
De la radio communautaire,radio,A la radio,radio,La personne n'avait pas rï¿½ï¿½ï¿½ï¿½ï¿½ï¿½gler pendant ,autre,Aucun,autre
Radio communautaire,radio,A la radio et au tï¿½ï¿½ï¿½,radio,Avortement.,autre,Maison de mon pï¿½,pret
Les chasseurs,autre,A la radio.,radio,Maladie de goï¿½,maladie_autre,Maison familiale,pret
Radio,radio,A la radio,radio,L'enfant souffre du ballonnement au niveau du ventre.,maladie_autre,Le mari,pret
Radio,radio,A la radio,radio,Empoisonnement Gonflement du ventre.,autre,Bien commun,autre
Sur les radios trottoir,radio,Radio,radio,Suicide par le poison lui mï¿½ï¿½,autre,Maison familiale,pret
Si en va ï¿½ï¿½ï¿½ï¿,autre,Radio,radio,Suite a un accouchement il n'ya pas un centre de santï¿½ï¿,autre,Maison construite par l'ONG ASA sur terrain de chef,autre
La radio,radio,Radio,radio,Suite a hernie il n'arrive pas a se faire opï¿½ï,maladie_autre,Maison familiale,pret
Prï¿½ï¿½ï¿½ï¿½ï¿½ï¿½s,chef_communautï,Radio,radio,Elle a eu la maladie du ballonnement qui est frï¿½ï¿½ï¿½ï¿,maladie_autre,Maison d'urgence construite par NRC sur le site,autre
Par la radio,radio,Radio,radio,ýpilepsie,maladie_autre,Maison occupï¿½ï¿½ï¿½ï¿½ï¿½ï¿½ par l'autorisation du,autre
Radio,radio,A la radio.,radio,Malzdie de Courbature,autre,Construction d' urgence,autre
Prï¿½ï¿½ï¿½ï¿½ï¿½ï¿½s,chef_communautï,A la radio,radio,Dï¿½ï¿½ï¿½ï¿½ï¿½ï¿½cï¿½ï¿½ï¿½ï¿½ï¿½ï¿½s s,maladie_autre,Site de regroupement,autre
Atravers les amis,amis_famille,Radio,radio,Suite a l'accouchent,autre,Habri de transition en bache,autre
Radio,radio,Radio,radio,,,Habri de transition en bache,autre
Radio,radio,Radio,radio,,,Occupï¿½ï¿½ï¿½ï¿½ï¿½ï¿½ par l,autre
Radio,radio,Agent humanitaire,face_a_face,,,"L'abri ou je dors , est pour le service.",autre
Radio,radio,Agents humanitaires,face_a_face,,,Je suis sous mon tuteur,autre
Radio nationale,radio,A la radio,radio,,,La maison a partenire a sa belle mï¿½ï,pret
Radio,radio,A la radio.,radio,,,Bien commun,autre
Radio,radio,Radio,radio,,,Famille d'accueil,pret
Radio,radio,Radio,radio,,,Maison familiale.(appartenant au grand frï¿½ï¿½ï¿½ï¿,pret
Par tï¿½ï¿½ï¿½,autre,A la radio,radio,,,Pasteur de la ï¿½ï¿½,autre
Par lettre,autre,Radio,radio,,,Pour un parent,pret
Par tï¿½ï¿½ï¿,autre,Agents humanitaire,face_a_face,,,Abri d un proche parent,pret
Par lettre,autre,A la radio,radio,,,Je suis un pasteur que les gens mï¿½ï¿½ï¿½ï¿½ï¿½ï¿½ï¿½,autre
Par tï¿½ï¿½ï¿,autre,Chez le chef,face_a_face,,,Maison Familiale.,pret
Les autoritï¿,fonctionnaires_gouvernement,Radio,radio,,,Sous couvert de ma tante paternelle...,pret
A la radio,radio,A la radio,radio,,,Sous couvert ma mï¿½ï¿½ï¿½ï¿½ï¿½ï¿½re suite ï¿½ï¿½ï¿½ï¿½ï¿½ï¿½ une,pret
Radio FM,radio,A la radio,radio,,,Maison auquelle j'habite est pour mon oncle maternel.,pret
Radio,radio,Radio,radio,,,Occupation sans consentement du propriï¿½ï¿½ï¿½ï¿½ï¿½ï¿½taire. Et finalement le  propriï¿½ï¿½ï¿½ï¿½ï¿½ï¿½taire ï¿½ï¿½ï¿½ï¿½ï¿½ï¿½tant musulman lui abandonne le local dï¿½ï¿½ï¿½ï¿½,autre
Radio,radio,Radio,radio,,,Maison de mon beau frï¿½,pret
Par tï¿½ï¿½ï¿,autre,A la radio,radio,,,Pour ma belle famille,pret
Radio,radio,Radio,radio,,,,
Radio,radio,Radio,radio,,,,
C'EST au prï¿½ï¿½ï¿½ï¿½ï¿½ï¿,amis_famille,Radio,radio,,,,
Par le Mr le Maire,fonctionnaires_gouvernement,Radio,radio,,,,
Mr le Maire,fonctionnaires_gouvernement,A la radio,radio,,,,
De la part de sous prï¿½ï,fonctionnaires_gouvernement,Radio,radio,,,,
Par la radio Pende,radio,Radio,radio,,,,
Nous n avons pas assez des informations,autre,Radio,radio,,,,
Tï¿½ï¿½ï¿,autre,A la radio,radio,,,,
Radio,radio,A la radio,radio,,,,
De la part administrateur loco,autre,A la radio,radio,,,,
Chefs du village,chef_communautï,A la radio,radio,,,,
Le chef du village,chef_communautï,Radio,radio,,,,
Chefs du village,chef_communautï,Radio,radio,,,,
Par tï¿½ï¿½ï¿,autre,A la radio,radio,,,,
Par autoritï¿½ï¿½ï,fonctionnaires_gouvernement,A la maison,autre,,,,
Par lettre,autre,Radio,radio,,,,
Par lettre,autre,Rï¿½ï¿½ï¿½ï¿½ï¿½ï¿½un,face_a_face,,,,
Radio r v k,radio,Radio,radio,,,,
Radio f m,radio,Radio,radio,,,,
Par des amis,amis_famille,Radio,radio,,,,
Radio f m,radio,A la radio,radio,,,,
Par radio f m,radio,A la radio,radio,,,,
Radio fm,radio,A la radio,radio,,,,
Radio f m,radio,Radio,radio,,,,
Le chef de lieu,chef_communautï,Radio,radio,,,,
Chez chefs,chef_communautï,A la radio,radio,,,,
Radio,radio,A la radio,radio,,,,
Par la radio,radio,A la radio,radio,,,,
Leaders comminautaires,chef_communautï,A la radio,radio,,,,
Leaders communautaires,chef_communautï, A la Radio,radio,,,,
Media,autre,Radio,radio,,,,
Dï¿½ï¿½ï¿½ï¿½ï¿½ï¿½l,autre,La radio,radio,,,,
Radio,radio,Radio,radio,,,,
Radio,radio,Radio,radio,,,,
Radio,radio,Radio,radio,,,,
Radio,radio,Radio,radio,,,,
Aucun,autre,Radio,radio,,,,
Chef de village,chef_communautï,Radio,radio,,,,
Radio,radio,Radio,radio,,,,
Voisins,amis_famille,A la radio,radio,,,,
ROMA,autre,Radio,radio,,,,
Mon pï¿½,amis_famille,A la maison,autre,,,,
Radio,radio,A la radio,radio,,,,
Radio,radio,A la radio,radio,,,,
Monsieur le Maire,fonctionnaires_gouvernement,A la radio,radio,,,,
Monsieur le Maire,fonctionnaires_gouvernement,Radio,radio,,,,
Monsieur le Maire,fonctionnaires_gouvernement,Radio,radio,,,,
Rumeurs,autre,Radio,radio,,,,
Radio,radio,Radio,radio,,,,
Radio,radio,Radio,radio,,,,
Radio,radio,Radio,radio,,,,
Tï¿½ï¿½ï¿,autre,Radio,radio,,,,
Radio,radio,A la radio,radio,,,,
Radio,radio,Radio,radio,,,,
Radio,radio,Dans la radio,radio,,,,
Radio,radio,La radio,radio,,,,
Radio,radio,La radio,radio,,,,
Radio,radio,La  radio,radio,,,,
Radio,radio,La radio,radio,,,,
Radio,radio,La radio,radio,,,,
Radio,radio,"La radio, tï¿½ï¿½ï¿½ï¿½ï¿½ï¿½lï¿½ï¿½ï¿½ï¿½ï¿½ï¿½phone, panneau",autre,,,,
Radio,radio,La radio,radio,,,,
Radio,radio,La radio,radio,,,,
Chef de groupe et le prï¿½ï¿½ï¿½ï¿½ï¿½ï¿½,chef_communautï,La radio,radio,,,,
Chef du groupe et leaders religieux,autre,La radio,radio,,,,
Prï¿½ï¿½ï¿½ï¿½ï¿½ï,chef_communautï,La radio,radio,,,,
A la radio(Bangui eT Ndeke Luka),radio,Radio,radio,,,,
Radio,radio,Radio,radio,,,,
Par tï¿½ï¿½ï¿,autre,Radio,radio,,,,
Par.un.poste.radio,radio,Bouche ï¿½ï¿½ï¿½,face_a_face,,,,
A la radio nationale,radio,Radio,radio,,,,
De bouche a l'oreille,autre,Radio plus tï¿½ï¿½ï¿,autre,,,,
Journaliste,autre,Radio,radio,,,,
Journaliste,autre,Par la radio,radio,,,,
Journaliste,autre,Radio,radio,,,,
Journaliste,autre,Radio,radio,,,,
Journaliste,autre,Radio,radio,,,,
Upc,groupes_armes,Radio,radio,,,,
Radio FM,radio,Radiio et tï¿½ï¿½ï¿,autre,,,,
Chef de groupe,chef_communautï,Par la radio,radio,,,,
Voir le prï¿½ï¿½ï¿½ï¿½ï¿½,chef_communautï,Radio,radio,,,,
Radio,radio,Radio,radio,,,,
Radio,radio,Radio,radio,,,,
Tï¿½ï¿½ï¿,autre,Radio,radio,,,,
Le chef du quartier,chef_communautï,Radio,radio,,,,
Par la voix des ondes,radio,Radio,radio,,,,
La radio,radio,Radio,radio,,,,
Chef du village,chef_communautï,Radio,radio,,,,
Chef du village,chef_communautï,Radio,radio,,,,
Radio,radio,Radio,radio,,,,
Radio ,radio,Radio,radio,,,,
Radio,radio,Radio,radio,,,,
Plateforme,autre,Radio,radio,,,,
Radio,radio,Radio,radio,,,,
Radio,radio,Radio,radio,,,,
Radio,radio,Radio,radio,,,,
Radio rï¿½ï¿½ï¿,radio,La radio,radio,,,,
Radio,radio,Radio,radio,,,,
Radio,radio,Radio,radio,,,,
Radio,radio,Ras,radio,,,,
Par la radio,radio,Radio,radio,,,,
Tï¿½ï¿½ï¿,autre,Radio,radio,,,,
Les agents de la mairie,fonctionnaires_gouvernement,Radio,radio,,,,
Prï¿½ï¿½ï¿½ï¿½ï¿½ï¿½side,chef_communautï,Radio,radio,,,,
La radio,radio,Radio,radio,,,,
Journaliste,autre,La radio,radio,,,,
Rï¿½ï¿½ï¿½ï¿½ï¿½ï¿½,autre,Radio,radio,,,,
Aucune,autre,Radio,radio,,,,
Journaliste,autre,Par l'annonce a l'ï¿½ï¿½,face_a_face,,,,
Difficile d'avoir des informations mais grï¿½ï¿½ï¿½ï¿½ï¿½ï¿½ce aux humanitaire qui commence ï¿½ï¿½,autre,Radio,radio,,,,
Radio,radio,Radio,radio,,,,
Radio,radio,Radio,radio,,,,
Radio,radio,Radio,radio,,,,
Ont prï¿½ï¿½ï¿½ï¿½ï¿½ï¿½fere l,radio,Radio,radio,,,,
Leader communautaires,chef_communautï,Radio,radio,,,,
Radio,radio,Radio,radio,,,,
De la part de cette nouvelle aide humanitaire Reach,autre,Radio,radio,,,,
Leaders communautaires,chef_communautï,Radio,radio,,,,
Leaders communautaires,chef_communautï,Par la radio,radio,,,,
Radio,radio,La radio,radio,,,,
Je suis veille tout le monde me respecte on vienne me consultï¿½ï¿½ï¿½ï¿½ï¿½,autre,Poste radio,radio,,,,
Par la radio de nos voisins,radio,Poste radio,radio,,,,
Radio,radio,Poste radio,radio,,,,
Radio,radio,Radio,radio,,,,
Radio,radio,Radio,radio,,,,
Radio,radio,Radio,radio,,,,
Radio communautaire,radio,Les sï¿½ï¿½ï¿½ï¿½ï¿½ï,autre,,,,
Par lettre,autre,Aide humanitaire,face_a_face,,,,
Par radio,radio,Aide humanitaire,face_a_face,,,,
Radio FM,radio,Radio,radio,,,,
Par tï¿½ï¿½ï¿,autre,Radio,radio,,,,
Par radio FM,radio,Radio,radio,,,,
Tï¿½ï¿½ï¿,autre,Radio,radio,,,,
Par lettre,autre,Communautï¿½ï¿½ï¿,face_a_face,,,,
Par lettre,autre,Bouche ï¿½ï¿½ï¿½,face_a_face,,,,
Par lettre,autre,Communautï¿½ï¿½ï¿,face_a_face,,,,
Par lettre,autre,Radio,radio,,,,
Par lettre,autre,Radio,radio,,,,
Radio FM,radio,Radio,radio,,,,
radiorgionale,radio,Radio,radio,,,,
ontprferelaradionationale,radio,Radio,radio,,,,
,,Radio,radio,,,,
,,Radio,radio,,,,
,,Radio,radio,,,,
,,Radio,radio,,,,
,,Radio,radio,,,,
,,Radio,radio,,,,
,,Bouche a l' oreille,face_a_face,,,,
,,Bouche ï¿½ï¿½ï¿½ï¿½,face_a_face,,,,
,,Poste radio,radio,,,,
,,La radio,radio,,,,
,,Radio,radio,,,,
,,Radio,radio,,,,
,,Radio diffusion,radio,,,,
,,Radio,radio,,,,
,,Radio,radio,,,,
,,Radio,radio,,,,
,,Radio,radio,,,,
,,Radio,radio,,,,
,,La radio,radio,,,,
,,Par les agents ong,face_a_face,,,,
,,Radio,radio,,,,
,,Radio,radio,,,,
,,Radio,radio,,,,
,,Radio,radio,,,,
,,Radio,radio,,,,
,,Radio,radio,,,,
,,Radio,radio,,,,
,,Radio,radio,,,,
,,Radio,radio,,,,
,,Radio,radio,,,,
,,Radio,radio,,,,
,,Radio,radio,,,,
,,Radio,radio,,,,
,,Radios,radio,,,,
,,"Radio,etc...",radio,,,,
,,Vers mes parents quand il viennent de la ville,face_a_face,,,,
,,Diffusion a la radio locale,radio,,,,
,,Diffusion ï¿½ï¿½ï¿½ï¿½ï¿½ï¿,radio,,,,
,,Chef de group,face_a_face,,,,
,,Radio locale,radio,,,,
,,Radio Siri et ndekelouka,radio,,,,
,,Radio locale,radio,,,,
,,Radio locale,radio,,,,
,,Radio,radio,,,,
,,Radio locale,radio,,,,
,,Chef de village,face_a_face,,,,
,,Radio locale,radio,,,,
,,Radio,radio,,,,
,,Sensibilisation des acteurs humanitaire,face_a_face,,,,
,,Informations sur les entene radios,radio,,,,
,,Rï¿½ï¿½,face_a_face,,,,
,,Rï¿½ï¿½,face_a_face,,,,
,,Rï¿½ï¿½,face_a_face,,,,
,,Radio,radio,,,,
,,Radio,radio,,,,
,,Radio,radio,,,,
,,Radio,radio,,,,
,,Radio et le crielleur du chef,autre,,,,
,,Radio ,radio,,,,
,,Radio,radio,,,,
,,Radio(ndekelouka),radio,,,,
,,Radio(Siri Ndekelouka Gira),radio,,,,
,,Radio locale,radio,,,,
,,Radio etc...,radio,,,,
,,Radio locale,radio,,,,
,,Radio,radio,,,,
,,Radio,radio,,,,
,,ý la radio,radio,,,,
,,Avec la radio,radio,,,,
,,Radio locale,radio,,,,
,,Radio locale,radio,,,,
,,Radio,radio,,,,
,,Radio,radio,,,,
,,Chef quartier,face_a_face,,,,
,,Par le chef de quartier oï¿½ï¿½ï¿½ï¿½ï¿½ï¿½ ï¿½ï¿½ï¿½,face_a_face,,,,
,,Chef de quartier,face_a_face,,,,
,,Chef de quartier ou les humanitaires,face_a_face,,,,
,,Par le chef du quartier,face_a_face,,,,
,,ý travers le chef du quartier,face_a_face,,,,
,,ý travers le chef du quartier,face_a_face,,,,
,,Chef de quartier ,face_a_face,,,,
,,Avec,autre,,,,
,,Rï¿½ï¿½,face_a_face,,,,
,,Rï¿½ï¿½,face_a_face,,,,
,,Par la radio,radio,,,,
,,La radio,radio,,,,
,,La radio,radio,,,,
,,Post radio,radio,,,,
,,La radio,radio,,,,
,,Par la radio,radio,,,,
,,Poste radio,radio,,,,
,,Radio,radio,,,,
,,Poste radio ,radio,,,,
,,Poste radio,radio,,,,
,,Postï¿½ï¿½ï,radio,,,,
,,Chef communautï,face_a_face,,,,
,,Par radio,radio,,,,
,,La radio,radio,,,,
,,Information par poste radio,radio,,,,
,,Poste radio,radio,,,,
,,La famille,face_a_face,,,,
,,Sur un poste radio,radio,,,,
,,Rï¿½ï¿½ï¿½ï¿½ï¿½ï¿½u,face_a_face,,,,
,,Par la radio,radio,,,,
,,Par la radio,radio,,,,
,,Par le chef de groupe,face_a_face,,,,
,,Par le chef de groupe,face_a_face,,,,
,,Par sultan ou soit par chef de quartier,face_a_face,,,,
,,Chef de quartier,face_a_face,,,,
,,Chef,face_a_face,,,,
,,Chef de quartier,face_a_face,,,,
,,Chef de quartier,face_a_face,,,,
,,Chef de quartier,face_a_face,,,,
,,Chef,face_a_face,,,,
,,Chef de quartier,face_a_face,,,,
,,Chef de quartier,face_a_face,,,,
,,Radio,radio,,,,
,,A travers l'autoritï¿½ï¿½ï¿½ï¿½ï¿½ï,face_a_face,,,,
,,Par le sous prï¿½ï,face_a_face,,,,
,,A travers le chef du quartier,face_a_face,,,,
,,Par la sensibilisation,face_a_face,,,,
,,A travers la radio,radio,,,,
,,Bouche ï¿½ï¿½ï¿½,face_a_face,,,,
,,Bouche ï¿½ï¿½ï¿½,face_a_face,,,,
,,Bouche ï¿½ï¿½ï¿½,face_a_face,,,,
,,Bouche ï¿½ï¿½ï¿½,face_a_face,,,,
,,Poste radio,radio,,,,
,,Poste radio,radio,,,,
,,Bouche a bouche,face_a_face,,,,
,,Poste radio,radio,,,,
,,De la part des ongs.,face_a_face,,,,
,,Poste radio,radio,,,,
,,Radio,radio,,,,
,,Poste radio,radio,,,,
,,Radio,radio,,,,
,,Poste radio,radio,,,,
,,Radio,radio,,,,
,,Radio,radio,,,,
,,Bouche ï¿½ï¿½ï¿½ï¿½,face_a_face,,,,
,,Radio,radio,,,,
,,Radio,radio,,,,
,,Radio,radio,,,,
,,Radio,radio,,,,
,,Radio,radio,,,,
,,Radio,radio,,,,
,,Radio,radio,,,,
,,Radio,radio,,,,
,,Radio,radio,,,,
,,Radio,radio,,,,
,,Radio,radio,,,,
,,Radio,radio,,,,
,,Radio,radio,,,,
,,Radio,radio,,,,
,,A travers les amis,face_a_face,,,,
,,Par les autoritï¿,face_a_face,,,,
,,Radio,radio,,,,
,,A travers les parents,face_a_face,,,,
,,Les diffï¿½ï¿½ï¿½ï¿½ï¿½ï¿½ren,radio,,,,
,,Nous voulons une antenne tï¿½ï¿½ï¿½ï¿,autre,,,,
,,Antenne tï¿½ï¿½ï¿½ï¿,appel,,,,
,,Nous voulons une antenne tï¿½ï¿½ï¿½ï¿½ï¿½ï¿½lï¿½ï¿½,autre,,,,
,,Radio,radio,,,,
,,"Grande sensibilisation, pendant la rï¿½ï¿½ï¿½ï¿½ï¿½ï¿½u",face_a_face,,,,
,,Radio,radio,,,,
,,Sensibilisation,face_a_face,,,,
,,Poste radio,radio,,,,
,,Radio,radio,,,,
,,Rï¿½ï¿½,face_a_face,,,,
,,Rï¿½ï¿½,face_a_face,,,,
,,Poste radio,radio,,,,
,,Par le chef de village,face_a_face,,,,
,,De la part de chef de village,face_a_face,,,,
,,Je merci ï¿½ï¿½ï¿½ï¿½ï¿½ï,autre,,,,
,,Informations par la radio,radio,,,,
,,Par radio,radio,,,,
,,Par la radio,radio,,,,
,,Communication directe,face_a_face,,,,
,,Par le chef de village,face_a_face,,,,
,,Rï¿½ï¿½,face_a_face,,,,
,,RADIO,radio,,,,
,,Sensibilisation,face_a_face,,,,
,,Les rumeurs,autre,,,,
,,Auprï¿½ï¿½ï¿½ï¿,face_a_face,,,,
,,Par la sensibilitï¿½ï¿½ï¿½ï,face_a_face,,,,
,,Sensibilisation,face_a_face,,,,
,,Sensibilisation,face_a_face,,,,
,,Par les passants et les responsables communautaire,face_a_face,,,,
,,Rï¿½ï¿½,face_a_face,,,,
,,A travers le chef du quartier,face_a_face,,,,
,,Chez Madame le mï¿½ï,face_a_face,,,,
,,Rï¿½ï¿½,face_a_face,,,,
,,Rï¿½ï¿½,face_a_face,,,,
,,Rï¿½ï¿½,face_a_face,,,,
,,Rï¿½ï¿½,face_a_face,,,,
,,Rï¿½ï¿½,face_a_face,,,,
,,Rï¿½ï¿½,face_a_face,,,,
,,Chef de groupe,face_a_face,,,,
,,Radio,radio,,,,
,,Radio,radio,,,,
,,Radio,radio,,,,
,,Radio,radio,,,,
,,Radio,radio,,,,
,,Radio,radio,,,,
,,Radio,radio,,,,
,,Radio,radio,,,,
,,De la part des ongs,face_a_face,,,,
,,Bouche a l' oreille,face_a_face,,,,
,,Les nouvelles de la sï¿½ï¿½ï¿½ï¿½ï¿½ï¿½curitï¿½ï¿½ï¿½ï¿½ï¿½ï¿½ dans n,face_a_face,,,,
,,De la part des autoritï¿½ï¿½ï¿½ï¿½ï¿½ï,face_a_face,,,,
,,Nous avons bï¿½ï¿½ï¿½ï¿½ï¿½ï¿½soin de la sï¿½ï¿½ï¿½ï¿½ï¿½,autre,,,,
,,Bouche ï¿½ï¿½ï¿½ï¿½,face_a_face,,,,
,,De la part de chef de la communautï¿,face_a_face,,,,
,,Radio,radio,,,,
,,Radio,radio,,,,
,,Radio,radio,,,,
,,Poste radio,radio,,,,
,,Poste radio,radio,,,,
,,Poste radio,radio,,,,
,,Poste radio,radio,,,,
,,Poste radio,radio,,,,
,,Poste radio,radio,,,,
,,Aucun,autre,,,,
,,Chef de groupe,face_a_face,,,,
,,Chef du village _ pasteur,face_a_face,,,,
,,Radio et le chef du village,autre,,,,
,,Radio et aussi le chef du villages,autre,,,,
,,ý la radio,radio,,,,
,,ý la radio,radio,,,,
,,Chez le chef,face_a_face,,,,
,,Radio,radio,,,,
,,Radio,radio,,,,
,,Par la radio,radio,,,,
,,ý la place du village,face_a_face,,,,
,,Par le chef du village,face_a_face,,,,
,,A travers la sensibilisation,face_a_face,,,,
,,La radio,radio,,,,
,,Radio nationale,radio,,,,
,,Radio,radio,,,,
,,Radio,radio,,,,
,,Radio,radio,,,,
,,Radio,radio,,,,
,,Radio,radio,,,,
,,Radio,radio,,,,
,,Radio,radio,,,,
,,Radio,radio,,,,
,,Radio,radio,,,,
,,Radio,radio,,,,
,,Radio,radio,,,,
,,Radio,radio,,,,
,,A la radio,radio,,,,
,,A la radio,radio,,,,
,,A la radio,radio,,,,
,,Radio,radio,,,,
,,Radio,radio,,,,
,,Radio,radio,,,,
,,A la radio ,radio,,,,
,,A la radio,radio,,,,
,,Radio,radio,,,,
,,A la radio,radio,,,,
,,A la radio,radio,,,,
,,Radio,radio,,,,
,,A la radio,radio,,,,
,,Radio,radio,,,,
,,A la radio,radio,,,,
,,Radio,radio,,,,
,,A la radio,radio,,,,
,,La radio,radio,,,,
,,Auprï¿½ï¿½ï¿½ï¿,face_a_face,,,,
,,Radio,radio,,,,
,,Radio,radio,,,,
,,Radio,radio,,,,
,,Radio,radio,,,,
,,La radio,radio,,,,
,,A la radio,radio,,,,
,,Radio,radio,,,,
,,A la radio,radio,,,,
,,Radio,radio,,,,
,,Radio ,radio,,,,
,,Radio ,radio,,,,
,,Radio,radio,,,,
,,Radio,radio,,,,
,,Radio,radio,,,,
,,Radio,radio,,,,
,,Radio,radio,,,,
,,Radio,radio,,,,
,,Radio,radio,,,,
,,Radio,radio,,,,
,,Radio,radio,,,,
,,Radio,radio,,,,
,,A la radio,radio,,,,
,,A la radio,radio,,,,
,,A la radio,radio,,,,
,,A la radio,radio,,,,
,,Radio,radio,,,,
,,Radio,radio,,,,
,,Radio,radio,,,,
,,Radio,radio,,,,
,,Par la radio,radio,,,,
,,Radio,radio,,,,
,,Chez le chef,face_a_face,,,,
,,Chez le chef du village,face_a_face,,,,
,,Chez le chef,face_a_face,,,,
,,"Chez le chef
",face_a_face,,,,
,,Radio,radio,,,,
,,Par la radio,radio,,,,
,,Les passants,face_a_face,,,,
,,Les passants,face_a_face,,,,
,,Radio locale ou guitare fm,radio,,,,
,,Les passants,face_a_face,,,,
,,Guitare FM et a travers les passants,face_a_face,,,,
,,Les passants,face_a_face,,,,
,,Radio,radio,,,,
,,Radio et les voisins,autre,,,,
,,Radio,radio,,,,
,,Radio,radio,,,,
,,Radio,radio,,,,
,,Le chef du quartier,face_a_face,,,,
,,Les autoritï¿,face_a_face,,,,
,,Le chef du quartier,face_a_face,,,,
,,Les autoritï¿,face_a_face,,,,
,,Le chef du quartier,face_a_face,,,,
,,Les autoritï¿½ï¿½ï¿½ï,face_a_face,,,,
,,Les autoritï¿½ï¿½ï¿½ï,face_a_face,,,,
,,Les autoritï¿,face_a_face,,,,
,,Le chef du quartier,face_a_face,,,,
,,Le chef du quartier,face_a_face,,,,
,,Par lettre,autre,,,,
,,Par lettre,autre,,,,
,,Par lettre,autre,,,,
,,Radio,autre,,,,
,,Radio,autre,,,,
,,Radio,autre,,,,
,,Radio,autre,,,,
,,Lettre,autre,,,,
,,Par les amis,face_a_face,,,,
,,Chez le chef,face_a_face,,,,
,,Chez le chef,face_a_face,,,,
,,Chez le chef,face_a_face,,,,
,,Chez le chef,face_a_face,,,,
,,Par des amis,face_a_face,,,,
,,Au domicile du chef,face_a_face,,,,
,,Radio et chez le chef,autre,,,,
,,Chez le chef et par des parents ,face_a_face,,,,
,,Radio et par le chef,autre,,,,
,,Par des amis,face_a_face,,,,
,,Radio,radio,,,,
,,Domicile du chef de village,face_a_face,,,,
,,Chez le chef,face_a_face,,,,
,,Radio et pendant la rï¿½ï¿½ï¿½ï¿½ï¿½ï¿½u,autre,,,,
,,Chez le chef,face_a_face,,,,
,,Radio,radio,,,,
,,Lettres,autre,,,,
,,Chef de Quartier,face_a_face,,,,
,,Chef de Quartier,face_a_face,,,,
,,Le chef de Quartier,face_a_face,,,,
,,Le chef de Quartier,face_a_face,,,,
,,Le chef de Quartier,face_a_face,,,,
,,Le chef quartier,face_a_face,,,,
,,Le chef du quartier,face_a_face,,,,
,,Le chef du quartier,face_a_face,,,,
,,Les autoritï¿½ï¿½ï¿½ï,face_a_face,,,,
,,Le chef du quartier,face_a_face,,,,
,,Leader communautaire,face_a_face,,,,
,,R   a.  S,autre,,,,
,,Radio,radio,,,,
,,Radio,radio,,,,
,,Radio,radio,,,,
,,Le chef du quartier,face_a_face,,,,
,,Radio,radio,,,,
,,Radio,radio,,,,
,,"Radio(RFI,siriri)",radio,,,,
,,"Radio(siriri,rfi)",radio,,,,
,,Radio,radio,,,,
,,"Radio(siriri, maï¿½ï¿½ï¿½ï¿½ï¿½ï¿½garo,nde",radio,,,,
,,Radio,radio,,,,
,,Radios,radio,,,,
,,Radio,radio,,,,
,,Radio,radio,,,,
,,Radio,radio,,,,
,,Radio,radio,,,,
,,Radio,radio,,,,
,,Radio,radio,,,,
,,Radio,radio,,,,
,,Radio,radio,,,,
,,Radio,radio,,,,
,,Par la radio...,radio,,,,
,,L'insï¿½ï¿½ï¿½,autre,,,,
,,Siffle,autre,,,,
,,Siffle,autre,,,,
,,Radio locale,radio,,,,
,,Radio locale,radio,,,,
,,Radio locale,radio,,,,
,,Radio,radio,,,,
,,Chef du village et les leaders religieux du village...,face_a_face,,,,
,,Radios,radio,,,,
,,Radios,radio,,,,
,,Radios,radio,,,,
,,Radios,radio,,,,
,,Radios,radio,,,,
,,Radios,radio,,,,
,,Radios,radio,,,,
,,Radios,radio,,,,
,,Face ï¿½ï¿½ï¿½ï¿½ï¿½ï¿½ ,face_a_face,,,,
,,Radio siriri,radio,,,,
,,Par son agent,face_a_face,,,,
,,Verbal,face_a_face,,,,
,,Radio locale,radio,,,,
,,Radio locale,radio,,,,
,,Radio,radio,,,,
,,Radio,radio,,,,
,,Radio,radio,,,,
,,Chef de quartier,face_a_face,,,,
,,Radio,radio,,,,
,,Radio,radio,,,,
,,Radio,radio,,,,
,,Radio,radio,,,,
,,Radio,radio,,,,
,,Radio,radio,,,,
,,Par la Radio,radio,,,,
,,Radio,radio,,,,
,,Radio,radio,,,,
,,Radio,radio,,,,
,,Radios,radio,,,,
,,Radios,radio,,,,
,,Radio locale,radio,,,,
,,Capita,autre,,,,
,,Par la Radio locale...,radio,,,,
,,Radio,radio,,,,
,,Radio,radio,,,,
,,Radio,radio,,,,
,,Radio,radio,,,,
,,Radio,radio,,,,
,,Radio,radio,,,,
,,Radio,radio,,,,
,,Radio,radio,,,,
,,Radio,radio,,,,
,,Radio,radio,,,,
,,Radio,radio,,,,
,,Radio,radio,,,,
,,Diffusion radio,radio,,,,
,,Via radio,radio,,,,
,,Radio communautaire,radio,,,,
,,Par nos voisins,face_a_face,,,,
,,Pendant la rï¿½ï¿½ï¿½ï¿½ï¿½ï¿½,face_a_face,,,,
,,Radio,radio,,,,
,,Radio,radio,,,,
,,Radio,radio,,,,
,,Radio,radio,,,,
,,Radio,radio,,,,
,,Les amis,face_a_face,,,,
,,Par des amis,face_a_face,,,,
,,Par une Sensibilisation de masse dans les site.,face_a_face,,,,
,,Radio Communautaire,radio,,,,
,,Radio communautaire ou une Sensibilisation de Masse dans les quartiers et les sites.,autre,,,,
,,"Sensibilisation,Radio communautaire, comitï¿½ï¿½ï¿½ï¿½ï¿½ï¿½ de suivi, chargï¿½ï¿½ï¿½ï",autre,,,,
,,Sensibilisï¿½ï¿½ï¿½ï¿½ï¿½ï¿½e nous d'avec les infos qui ns concerne nous da,face_a_face,,,,
,,La radio,radio,,,,
,,Radio,radio,,,,
,,Radio,radio,,,,
,,Radio,radio,,,,
,,Radio,radio,,,,
,,Radio,radio,,,,
,,Radio,radio,,,,
,,Radio,radio,,,,
,,Radio,radio,,,,
,,Radio,radio,,,,
,,Radio,radio,,,,
,,Radio,radio,,,,
,,Manque De. Moyens,autre,,,,
,,Maque de reseau,autre,,,,
,,Manque  De. entaine,autre,,,,
,,Manque de Entaine,autre,,,,
,,Manque De. Entaine,autre,,,,
,,Manque de Reseau,autre,,,,
,,Pas  De Reseau,autre,,,,
,,Pas De.  Reseau,autre,,,,
,,Pas De Reseau,autre,,,,
,,Dï¿½ï¿½ï¿½ï,autre,,,,
,,Si je sors hors du village,autre,,,,
,,Radio,radio,,,,
,,Crieur,autre,,,,
,,Rï¿½ï¿½,face_a_face,,,,
,,Rï¿½ï¿½,face_a_face,,,,
,,Rï¿½ï¿½,face_a_face,,,,
,,Rï¿½ï¿½,face_a_face,,,,
,,Rï¿½ï¿½,face_a_face,,,,
,,Par le chef du village,face_a_face,,,,
,,Radio,radio,,,,
,,Radio,radio,,,,
,,Pas De Reseau,autre,,,,
,,Pas De Reseau,autre,,,,
,,Rï¿½ï¿½,face_a_face,,,,
,,Rï¿½ï¿½,face_a_face,,,,
,,Rï¿½ï¿½,face_a_face,,,,
,,Rï¿½ï¿½,face_a_face,,,,
,,Rï¿½ï¿½,face_a_face,,,,
,,Rï¿½ï¿½,face_a_face,,,,
,,Rï¿½ï¿½,face_a_face,,,,
,,Rï¿½ï¿½,face_a_face,,,,
,,Rï¿½ï¿½,face_a_face,,,,
,,Rï¿½ï¿½,face_a_face,,,,
,,Rï¿½ï¿½,face_a_face,,,,
,,Rï¿½ï¿½,face_a_face,,,,
,,Rï¿½ï¿½,face_a_face,,,,
,,Rï¿½ï¿½,face_a_face,,,,
,,Rï¿½ï¿½,face_a_face,,,,
,,Rï¿½ï¿½,face_a_face,,,,
,,Rï¿½ï¿½,face_a_face,,,,
,,Rï¿½ï¿½,face_a_face,,,,
,,Rï¿½ï¿½,face_a_face,,,,
,,Rï¿½ï¿½,face_a_face,,,,
,,Par le chef de village,face_a_face,,,,
,,Communication directe,face_a_face,,,,
,,Bouche ï¿½ï¿½ï¿½ï¿,face_a_face,,,,
,,Par le chef du village,face_a_face,,,,
,,Par le chef de village,face_a_face,,,,
,,Par le chef de village,face_a_face,,,,
,,Par le chef de village,face_a_face,,,,
,,Radio,radio,,,,
,,Radio,radio,,,,
,,Radio,radio,,,,
,,Radio,radio,,,,
,,Radio,radio,,,,
,,Radio,radio,,,,
,,Radio,radio,,,,
,,Radio,radio,,,,
,,Radio,radio,,,,
,,Radio,radio,,,,
,,Radio,radio,,,,
,,Radio,radio,,,,
,,Radio,radio,,,,
,,Radio,radio,,,,
,,Par lettre,autre,,,,
,,Par lettre,autre,,,,
,,Les passants et la radio,autre,,,,
,,Radio et les passants,autre,,,,
,,"Radio Centrafrique,ndeke Luka,guitare FM et les passants",radio,,,,
,,Radio,radio,,,,
,,Les autoritï¿½ï¿½ï¿½ï,face_a_face,,,,
,,Le chef du quartier,face_a_face,,,,
,,Le chef du quartier,face_a_face,,,,
,,Le chef du quartier,face_a_face,,,,
,,Radio FM,radio,,,,
,,Radio FM,radio,,,,
,,Radio FM,radio,,,,
,,Radio FM,radio,,,,
,,Radio FM,radio,,,,
,,Radio FM,radio,,,,
,,Radio Fm,radio,,,,
,,Radio FM,radio,,,,
,,Rï¿½ï¿½,face_a_face,,,,
,,Rï¿½ï¿½,face_a_face,,,,
,,Rassemblement,face_a_face,,,,
,,"Convocation, rï¿½ï¿½",face_a_face,,,,
,,Dans une rï¿½ï¿½ï¿½ï¿½ï¿½ï¿½u,face_a_face,,,,
,,Rï¿½ï¿½,face_a_face,,,,
,,Rï¿½ï¿½,face_a_face,,,,
,,Rï¿½ï¿½,face_a_face,,,,
,,Rï¿½ï¿½ï¿½ï¿½ï¿½ï,face_a_face,,,,
,,Radio FM,radio,,,,
,,Radio FM,radio,,,,
,,Avec le leader religieux,face_a_face,,,,
,,A travers son porte parole,face_a_face,,,,
,,Rï¿½ï¿½,face_a_face,,,,
,,Rï¿½ï¿½,face_a_face,,,,
,,Rï¿½ï¿½,face_a_face,,,,
,,Radio,radio,,,,
,,Radio,radio,,,,
,,Radio,radio,,,,
,,Radio,radio,,,,
,,Radio,radio,,,,
,,Radio,radio,,,,
,,Radio,radio,,,,
,,Radio,radio,,,,
,,Siffle,autre,,,,
,,A la radio,radio,,,,
,,Rï¿½ï¿½ï¿½ï¿½ï¿½ï¿½union chef le ch,face_a_face,,,,
,,Rï¿½ï¿½ï,face_a_face,,,,
,,Par la radio,radio,,,,
,,Radio,radio,,,,
,,Par le porte parole du chef du quartier,face_a_face,,,,
,,Par le chef du quartier ,face_a_face,,,,
,,Par le porte parole du chef du quartier,face_a_face,,,,
,,Lors d'une rï¿½ï¿½ï¿½ï¿½ï¿½ï¿½un,face_a_face,,,,
,,Radio,radio,,,,
,,Par des rï¿½ï¿½ï¿½ï¿½ï¿½ï¿½unions ,face_a_face,,,,
,,Rien que la radio,radio,,,,
,,La radio,radio,,,,
,,La radio,radio,,,,
,,La radio,radio,,,,
,,La radio,radio,,,,
,,Par la radio et les ONG,radio,,,,
,,Le chef du quartier,face_a_face,,,,
,,Le chef du quartier,face_a_face,,,,
,,Le chef du quartier,face_a_face,,,,
,,Le chef du quartier,face_a_face,,,,
,,Le chef du quartier,face_a_face,,,,
,,Le chef du village,face_a_face,,,,
,,Le chef du village,face_a_face,,,,
,,Les autoritï¿,face_a_face,,,,
,,Le chef du quartier,face_a_face,,,,
,,Le chef du village,face_a_face,,,,
,,Par la prï¿½ï¿½ï¿½ï¿½ï¿½ï¿½sen,face_a_face,,,,
,,Pendant la rï¿½ï¿½ï¿½ï¿½ï¿½ï¿½un,face_a_face,,,,
,,Le chef du village,face_a_face,,,,
,,Parmi les sages ou les passants,face_a_face,,,,
,,Chez le chef,face_a_face,,,,
,,Radio et les passants,autre,,,,
,,Radio,radio,,,,
,,Radio,radio,,,,
,,Les passants,face_a_face,,,,
,,Les passants,face_a_face,,,,
,,Les passants,face_a_face,,,,
,,Les passants,face_a_face,,,,
,,Radio,radio,,,,
,,Radio,radio,,,,
,,Radio,radio,,,,
,,Radio,radio,,,,
,,Radio. Locales. La voix    de kemo,radio,,,,
,,Radio,radio,,,,
,,Radio,radio,,,,
,,Le chef du village,face_a_face,,,,
,,Les autoritï¿½ï¿½ï¿½ï,face_a_face,,,,
,,Les autoritï¿½ï¿½ï¿½ï,face_a_face,,,,
,,Les autoritï¿½ï¿½ï¿½ï,face_a_face,,,,
,,Les autoritï¿,face_a_face,,,,
,,Radio,radio,,,,
,, Bouche a l'oreil,face_a_face,,,,
,,"Radio, telephone",autre,,,,
,,Radio f m,radio,,,,
,,Par lettre,autre,,,,
,,Radio f m,face_a_face,,,,
,,Par lettre,autre,,,,
,,Par lettre,autre,,,,
,,Par lettre,autre,,,,
,,Par lettre,autre,,,,
,,Le chef du village,face_a_face,,,,
,,Le chef du village,face_a_face,,,,
,,Colaborateur,face_a_face,,,,
,,Le chef du village,face_a_face,,,,
,,Le chef du quartier,face_a_face,,,,
,,Le chef du quartier,face_a_face,,,,
,,Au prï¿½ï¿½ï¿½ï¿½ï¿½ï,face_a_face,,,,
,,Les autoritï¿½ï¿½ï¿½ï,face_a_face,,,,
,,Le chef du village,face_a_face,,,,
,,Le chef du quartier,face_a_face,,,,
,,Le chef du quartier,face_a_face,,,,
,,Par un parent ou amis de passage,face_a_face,,,,
,,Radio,radio,,,,
,,Radio icdi,radio,,,,
,,Radio icdi,radio,,,,
,,Les passants,face_a_face,,,,
,,Radio icdi ou chez le chef,radio,,,,
,,Radio et chez le chef,radio,,,,
,,Les passants,face_a_face,,,,
,,A travers les ONG et les autoritï¿½ï¿½ï¿½ï,face_a_face,,,,
,,Les autoritï¿½ï¿½ï¿½,face_a_face,,,,
,,Les passants,face_a_face,,,,
,,Taxi moto,face_a_face,,,,
,,Radio,radio,,,,
,,Leader. Comunautaire,face_a_face,,,,
,,Radio,radio,,,,
,,Radio,radio,,,,
,,Radio,radio,,,,
,,Radio,radio,,,,
,,Radio,radio,,,,
,,Radio,radio,,,,
,,Leader communotaire,face_a_face,,,,
,,Radio,radio,,,,
,,Radio Ndekeluca,radio,,,,
,,Par lettre,autre,,,,
,,Par lettre,autre,,,,
,,Par lettre,autre,,,,
,,Par lettre,autre,,,,
,,Par lettre,autre,,,,
,,Par lettre,autre,,,,
,,Par lettre,autre,,,,
,,Par lettre,autre,,,,
,,Par lettre,autre,,,,
,,Par lettre,autre,,,,
,,Lettre,autre,,,,
,,Radio,radio,,,,
,,Le chef de quartier ,face_a_face,,,,
,,Radio,radio,,,,
,,Radio,radio,,,,
,,Radio,radio,,,,
,,Radio,radio,,,,
,,Radio,radio,,,,
,,Radio,radio,,,,
,,Radio,radio,,,,
,,Radio,radio,,,,
,,Radio,radio,,,,
,,Radio,radio,,,,
,,Radio,radio,,,,
,,Radio,radio,,,,
,,Par le chef,face_a_face,,,,
,,N'importe moyens,autre,,,,
,,Radio,radio,,,,
,,Radio,radio,,,,
,,Radio,radio,,,,
,,Radio,radio,,,,
,,Radio,radio,,,,
,,Radio,radio,,,,
,,Radio,radio,,,,
,,Radio,radio,,,,
,,Radio,radio,,,,
,,Radio,radio,,,,
,,Chef de la communautï,face_a_face,,,,
,,Radio,radio,,,,
,,Radio,radio,,,,
,,Radio,radio,,,,
,,Radio,radio,,,,
,,Radio,radio,,,,
,,Radio,radio,,,,
,,Radio,radio,,,,
,,Radio,radio,,,,
,,Radio,radio,,,,
,,Radio,radio,,,,
,,Radio,radio,,,,
,,Ami et radio,autre,,,,
,,Radio,radio,,,,
,,Aucun,autre,,,,
,,Chef de bloc,face_a_face,,,,
,,Radio,radio,,,,
,,Radio,radio,,,,
,,Radio,radio,,,,
,,Mercie,autre,,,,
,,Famille et les amis,face_a_face,,,,
,,Mercie,autre,,,,
,,Mercie,autre,,,,
,,Radio,radio,,,,
,,Radio,radio,,,,
,,Radio,radio,,,,
,,Radio,radio,,,,
,,Radio,radio,,,,
,,Radio,radio,,,,
,,Radio,radio,,,,
,,Radio,radio,,,,
,,Radio,radio,,,,
,,Radio,radio,,,,
,,Radio et le chef du quartier,autre,,,,
,,Radio et le chef du quartier,autre,,,,
,,Radio et le chef du quartier,autre,,,,
,,Radio et le chef du quartier,autre,,,,
,,Par la radio et personnels des ONG.,autre,,,,
,,Par le chef de localitï,face_a_face,,,,
,,Par le chef de localitï,face_a_face,,,,
,,Radio,radio,,,,
,,Radio,radio,,,,
,,Radio,radio,,,,
,,Radio,radio,,,,
,,Radio,radio,,,,
,,Radio,radio,,,,
,,Radio,radio,,,,
,,Radio,radio,,,,
,,Radio,radio,,,,
,,Radio,radio,,,,
,,Radio,radio,,,,
,,Rï¿½ï¿½,radio,,,,
,,Crieur,face_a_face,,,,
,,Les populations,face_a_face,,,,
,,RAS,autre,,,,
,,Radio,radio,,,,
,,Radio,radio,,,,
,,Radio,radio,,,,
,,Radio,radio,,,,
,,Radio,radio,,,,
,,Radio,radio,,,,
,,Radio,radio,,,,
,,Radio,radio,,,,
,,Radio,radio,,,,
,,Radio,radio,,,,
,,Radio,radio,,,,
,,Radio,radio,,,,
,,Radio,radio,,,,
,,Radio,radio,,,,
,,Radio,radio,,,,
,,Radio,radio,,,,
,,Radio,radio,,,,
,,Radio,radio,,,,
,,Radio,radio,,,,
,,Radio,radio,,,,
,,Radio,radio,,,,
,,Au prï¿½ï¿½ï¿½ï¿½ï¿½ï¿½s des ,face_a_face,,,,
,,Radio,radio,,,,
,,A la radio,radio,,,,
,,Rï¿½ï¿½ï¿½ï¿½ï¿½ï¿½union ,face_a_face,,,,
,,Radio,radio,,,,
,,Au niveau de chef de quartier,face_a_face,,,,
,,Rï¿½ï¿½ï¿½ï¿½ï¿½ï¿½union avec l,face_a_face,,,,
,,A la radio,radio,,,,
,,Radio,radio,,,,
,,Radio,radio,,,,
,,A la radio,radio,,,,
,,Au niveau des autoritï¿½ï¿½ï¿½ï,face_a_face,,,,
,,A la radio,radio,,,,
,,Radio,radio,,,,
,,A la radio,radio,,,,
,,A la radio,radio,,,,
,,Radio,radio,,,,
,,A la radio,radio,,,,
,,A la radio,radio,,,,
,,Radio,radio,,,,
,,Radio,radio,,,,
,,Par le chef de la locate,face_a_face,,,,
,,Radio,radio,,,,
,,Informations,autre,,,,
,,Radio,radio,,,,
,,Radio,radio,,,,
,,A travers les autoritï¿½ï¿½ï¿½ï,face_a_face,,,,
,,A la radio,radio,,,,
,,Radio,radio,,,,
,,A la radio,radio,,,,
,,Radio,radio,,,,
,,Radio,radio,,,,
,,A la radio,radio,,,,
,,Autoritï¿½ï¿½ï¿½,face_a_face,,,,
,,La radio ,radio,,,,
,,Radio,radio,,,,
,,Radio,radio,,,,
,,Radio,radio,,,,
,,A la radio,radio,,,,
,,A la radio,radio,,,,
,,A la radio,radio,,,,
,,A la radio,radio,,,,
,,A la radio,radio,,,,
,,Radio,radio,,,,
,,Radio ,radio,,,,
,,Megaphone,hauts_parleurs,,,,
,,Par radio communautaire,radio,,,,
,,Par radio communautaire,radio,,,,
,,Par radio communautaire,radio,,,,
,,Par radio guyra f m,radio,,,,
,,Par radio communautaire,radio,,,,
,,Radio,radio,,,,
,,Radio,radio,,,,
,,Radio,radio,,,,
,,Radio,radio,,,,
,,Mï¿½ï¿,autre,,,,
,,Radio,radio,,,,
,,Radio,radio,,,,
,,Mï¿½ï¿,autre,,,,
,,Radio,radio,,,,
,,Radio,radio,,,,
,,Radio,radio,,,,
,,Radio,radio,,,,
,,Mï¿½ï¿,autre,,,,
,,Radio,radio,,,,
,,Radio,radio,,,,
,,Par les personnes,face_a_face,,,,
,,Par les parents,face_a_face,,,,
,,Par les personnes d'autres personnes sur place,face_a_face,,,,
,,Par les messages de chef,face_a_face,,,,
,,Face en face,face_a_face,,,,
,,Par le projet ecofone+,face_a_face,,,,
,,Par les voyageurs,face_a_face,,,,
,,Par tï¿½ï¿½ï¿,autre,,,,
,,Par tï¿½ï¿½ï¿,autre,,,,
,,Par les personnes voyage,face_a_face,,,,
,,Par les personnes voyage,face_a_face,,,,
,,Par les personnes voyage,face_a_face,,,,
,,Par les personnes voyage,face_a_face,,,,
,,Par les personnes voyage,face_a_face,,,,
,,Par les personnes d'autres voyageurs,face_a_face,,,,
,,Par les personnes voyage,face_a_face,,,,
,,Par les personnes d'autres,face_a_face,,,,
,,Par les personnes voyage,face_a_face,,,,
,,Par les personnes voyage,face_a_face,,,,
,,Par les personnes voyage,face_a_face,,,,
,,Par les personnes voyage,face_a_face,,,,
,,Par les personnes voyage,face_a_face,,,,
,,Par la radio communautaire,radio,,,,
,,Par la radio communautaire,radio,,,,
,,Par la radio communautaire,radio,,,,
,,Par la radio communautaire,radio,,,,
,,Par la radio communautaire,radio,,,,
,,Par la radio communautaire,radio,,,,
,,Radio,radio,,,,
,,Radio,radio,,,,
,,Radio,radio,,,,
,,Radio,radio,,,,
,,Radio,radio,,,,
,,Radio,radio,,,,
,,Radio,radio,,,,
,,Radio,radio,,,,
,,Radio,radio,,,,
,,Radio,radio,,,,
,,Radio,radio,,,,
,,Radio,radio,,,,
,,Radio,radio,,,,
,,Par Radio et avec le chef,autre,,,,
,,A la radio,radio,,,,
,,La RADIO,radio,,,,
,,La Radio,radio,,,,
,,La Radio,radio,,,,
,,La Radio,radio,,,,
,,La Radio,radio,,,,
,,La Radio,radio,,,,
,,Siffle,autre,,,,
,,Sifflet,autre,,,,
,,Sifflï,autre,,,,
,,Capita,autre,,,,
,,Capita,autre,,,,
,,Capita,autre,,,,
,,"On reï¿½ï¿½ï¿½ï¿½ï¿½ï¿½oit des informations par le biais de la radio:Ndeke Luka,radio Centraf",radio,,,,
,,Information radio phonique..,radio,,,,
,,Radio,radio,,,,
,,Radio,radio,,,,
,,Radio,radio,,,,
,,Radio,radio,,,,
,,Radio,radio,,,,
,,Radio,radio,,,,
,,Radio,radio,,,,
,,Postï¿½ï¿½ï,radio,,,,
,,Par.un.poste.radio,radio,,,,
,,Radio,radio,,,,
,,Radio,radio,,,,
,,Radio,radio,,,,
,,Radio,radio,,,,
,,Les radios,radio,,,,
,,Radio,radio,,,,
,,Radio,radio,,,,
,,Radio,radio,,,,
,,Radio,radio,,,,
,,Radio,radio,,,,
,,Radio,radio,,,,
,,Radio,radio,,,,
,,Radio,radio,,,,
,,Radio,radio,,,,
,,Radio diffusion,radio,,,,
,,Radio,radio,,,,
,,Radio,radio,,,,
,,Radio ,radio,,,,
,,Radio,radio,,,,
,,Radio,radio,,,,
,,Radio,radio,,,,
,,De bouche a oreille,face_a_face,,,,
,,Radio,radio,,,,
,,Radio,radio,,,,
,,"La radio, tï¿½ï¿½ï¿",radio,,,,
,,La radio,radio,,,,
,,La radio,radio,,,,
,,La radio tï¿½ï¿½ï¿,autre,,,,
,,La radio et tï¿½ï¿½ï¿,autre,,,,
,,Radio FM ,radio,,,,
,,Radio FM ,radio,,,,
,,Radio FM ou la radio Rfi,radio,,,,
,,Radio FM ,radio,,,,
,,Radio Rfi ou FM ,radio,,,,
,,Dans une rï¿½ï¿½ï,face_a_face,,,,
,,Dans une rï¿½ï¿½ï,face_a_face,,,,
,,Durant la rï¿½ï¿½ï,face_a_face,,,,
,,En rï¿½ï¿½ï,face_a_face,,,,
,,Radio FM ,radio,,,,
,,Par les autoritï¿½ï¿½ï¿½ï,face_a_face,,,,
,,Nous demandons la radio,radio,,,,
,,Avoir une poste radio ,radio,,,,
,,Radio,radio,,,,
,,Par radio communautaire ,radio,,,,
,,Par la radio communautaire ,radio,,,,
,,Radio communautaire ,radio,,,,
,,Par radio communautaire ,radio,,,,
,,Par le chef de quartier ,face_a_face,,,,
,,Chef de communaute,face_a_face,,,,
,,Par des chefs des villages,face_a_face,,,,
,,Par des chefs de la localiter,face_a_face,,,,
,,Radio communautaire,radio,,,,
,,Ala radio,radio,,,,
,,Radio hf,radio,,,,
,,A la radio,radio,,,,
,,A la radio,radio,,,,
,,A'la Radio,radio,,,,
,,Au cours d'une rï¿½ï¿½ï,face_a_face,,,,
,,Suuvre en direct,autre,,,,
,,A la radio,radio,,,,
,,A la radio,radio,,,,
,,A la radio,radio,,,,
,,A la radio,radio,,,,
,,A la radio,radio,,,,
,,A la radio,radio,,,,
,,Autoritï¿½ï¿½ï¿,face_a_face,,,,
,,A la radio,radio,,,,
,,A la radio,radio,,,,
,,Des communautï¿,face_a_face,,,,
,,Auprï¿½ï¿½ï¿½ï¿½ï¿½ï,face_a_face,,,,
,,Leader communautaire,face_a_face,,,,
,,Leader communautaire,face_a_face,,,,
,,Chef de quartier,face_a_face,,,,
,,Auprï¿½ï¿½ï¿½ï,face_a_face,,,,
,,Par les chefs de village,face_a_face,,,,
,,Auprï¿½ï¿½ï¿½ï¿½ï¿½ï¿½s des ,face_a_face,,,,
,,Radio,radio,,,,
,,Radio,radio,,,,
,,A la radio,radio,,,,
,,A la radio,radio,,,,
,,A la radio,radio,,,,
,,A la radio,radio,,,,
,,A la radio,radio,,,,
,,A la radio,radio,,,,
,,Radio,radio,,,,
,,A la radio,radio,,,,
,,A la radio,radio,,,,
,,Autre personne tels que les taxi moto,face_a_face,,,,
,,A la radio,radio,,,,
,,Radio,radio,,,,
,,Radio,radio,,,,
,,Radio,radio,,,,
,,Radio,radio,,,,
,,Radio,radio,,,,
,,Radio,radio,,,,
,,Radio,radio,,,,
,,Radio,radio,,,,
,,Radio,radio,,,,
,,Radio,radio,,,,
,,Radio,radio,,,,
,,Radio,radio,,,,
,,A la radio,radio,,,,
,,Chef de village,face_a_face,,,,
,,Leader communautaire,face_a_face,,,,
,,Autoritï¿½ï¿½ï¿,face_a_face,,,,
,,Au chef,face_a_face,,,,
,,A travers le chef,face_a_face,,,,
,,A la radio,radio,,,,
,,A la radio,radio,,,,
,,A la radio,radio,,,,
,,A la radio,radio,,,,
,,Radio,radio,,,,
,,Radio,radio,,,,
,,Taxi moto,face_a_face,,,,
,,Auprï¿½ï¿½ï¿½ï¿½ï¿½ï¿½s des leaders communautaires e,face_a_face,,,,
,,Leader communautaire,face_a_face,,,,
,,Auprï¿½ï¿½ï¿½ï¿½ï¿,face_a_face,,,,
,,Radio,radio,,,,
,,Radio,radio,,,,
,,Radio,radio,,,,
,,Auprï¿½ï¿½ï¿½ï¿½ï¿½ï¿½s des ,face_a_face,,,,
,,Chef de quartier,chef_communautï,,,,
,,Pas de rï¿½ï¿,autre,,,,
,,Radio,radio,,,,
,,Radio,radio,,,,
,,Radio,radio,,,,
,,Radio,radio,,,,
,,Radio,radio,,,,
,,A la radio,radio,,,,
,,A la radio,radio,,,,
,,A la radio,radio,,,,
,,A la radio,radio,,,,
,,A la radio,radio,,,,
,,A la radio,radio,,,,
,,A la radio,radio,,,,
,,A la radio,radio,,,,
,,A la radio,radio,,,,
,,Auprï¿½ï¿½ï¿½ï¿½ï¿½ï¿½s des ,face_a_face,,,,
,,Radio,radio,,,,
,,Autoritï¿½ï¿½ï¿½ï¿½ï¿½ï,face_a_face,,,,
,,Radio,radio,,,,
,,Radio,radio,,,,
,,Radio,radio,,,,
,,Radio,radio,,,,
,,La radio,radio,,,,
,,Radio,radio,,,,
,,Part des autoritï¿,face_a_face,,,,
,,La radio,radio,,,,
,,Radio,radio,,,,
,,De la part des autoritï¿½,face_a_face,,,,
,,Avec le sifflet,autre,,,,
,,A l' eglise,autre,,,,
,,Poste radio,radio,,,,
,,Problï¿½ï¿½ï¿½ï¿½,radio,,,,
,,Chez  le chef,face_a_face,,,,
,,Le coup de sifflet pour allerter la population le grand matin,autre,,,,
,,Par le chef,face_a_face,,,,
,,Pas de moyen de communication dans la zone due au manque du chef du village.,autre,,,,
,,Les chefs du village dans la zone,face_a_face,,,,
,,"Par la radio, mais pour le moment je n'ai pas le moyen pour acheter un",radio,,,,
,,La voix des ondes,radio,,,,
,,La radio,radio,,,,
,,Reunion,face_a_face,,,,
,,Radio,radio,,,,
,,ý la place du village,autre,,,,
,,Par la radio,radio,,,,
,,Par le canal des autoritï¿,face_a_face,,,,
,,Radio,radio,,,,
,,La radio,radio,,,,
,,Radio,radio,,,,
,,Poste radio,radio,,,,
,,Poste radio,radio,,,,
,,Radio,radio,,,,
,,Radio,radio,,,,
,,Rï¿½ï¿½,face_a_face,,,,
,,Chef du village,face_a_face,,,,
,,"Autoritï¿½ï¿½ï¿½ï¿½ï¿½ï",face_a_face,,,,
,,Autoritï¿½ï¿½ï¿½,face_a_face,,,,
,,Autoritï¿½ï¿½ï¿½,face_a_face,,,,
,,"Radio, autoritï¿½ï¿½ï¿½ï",autre,,,,
,,Autoritï¿½ï¿½ï¿½,face_a_face,,,,
,,Radio,radio,,,,
,,Autoritï¿½ï¿½ï¿½,face_a_face,,,,
,,Autoritï¿½ï¿½ï¿½,face_a_face,,,,
,,Son du sifflet dans le quartier avertir la population,autre,,,,
,,Criï¿½ï¿½ï¿½ï¿½ï¿½ï¿½ avec du siffl,autre,,,,
,,La population est allertee  par les sons du sifflet,autre,,,,
,,ý travers la rýunion chez le chef,face_a_face,,,,
,,L' adjoint du chef cri dans le quartier avec un sifflet pour allï¿½ï¿½ï¿½ï¿½ï¿½ï¿½,autre,,,,
,,Chez le chef,face_a_face,,,,
,,Lors des rï¿½ï¿½ï,face_a_face,,,,
,,Par le chef,face_a_face,,,,
,,Sur une poste radio.,radio,,,,
,,Radio,radio,,,,
,,Par le chef du village,face_a_face,,,,
,,Problï¿½ï¿½ï¿½ï¿½ï¿,autre,,,,
,,Problï¿½ï¿½ï¿½ï¿½ï¿½ï¿½mes,autre,,,,
,,Manque de l'information,autre,,,,
,,Problï¿½ï¿½ï¿½ï¿½ï¿½ï¿½me,autre,,,,
,,"Amis, parents, autoritï¿½ï¿½ï¿",face_a_face,,,,
,,"Radio Guirra FM , Radio locale de Berberati,Ndeke Luka",radio,,,,
,,"Amis, autoritï¿½ï¿½ï¿½",face_a_face,,,,
,,Autoritï¿½ï¿½ï¿½ï¿,face_a_face,,,,
,,"Autoritï¿½ï¿½ï¿½ï¿½ï¿½ï¿½ loca",face_a_face,,,,
,,"Parents, amis",face_a_face,,,,
,,"Autoritï¿½ï¿½ï¿½ï¿½ï¿½ï¿½ locales, radio : ",autre,,,,
,,"Personnel humanitaire, parents, amis, autoritï¿½ï¿½ï¿½ï",face_a_face,,,,
,,Radio,radio,,,,
,,"Amis, parents,chef du village",face_a_face,,,,
,,"Autoritï¿½ï¿½ï¿½ï¿½ï¿½ï¿½s locales, person",face_a_face,,,,
,,Le responsable de la jeunesse va de porte en porte allertee la population,face_a_face,,,,
,,Crier avec un sifflet,autre,,,,
,,Signaler la population avec les coups de sifflet,face_a_face,,,,
,,Par le canal du chef,face_a_face,,,,
,,Par le pasteur de mon ï¿½ï¿½,face_a_face,,,,
,,Grï¿½ï¿½ï¿½ï¿½ï¿½ï¿½ce au chef que nous ,face_a_face,,,,
,,Grï¿½ï¿½ï¿½ï¿½ï¿½ï¿½ce au sifflet d,autre,,,,
,,La radio,radio,,,,
,,Radio,radio,,,,
,,Radio,radio,,,,
,,Par radio,radio,,,,
,,Radio,radio,,,,
,,Radio,radio,,,,
,,Radio,radio,,,,
,,Radio,radio,,,,
,,Chez le chef,face_a_face,,,,
,,Radio,radio,,,,
,,Radio ou mï¿½ï¿½ï¿,radio,,,,
,,Sur une poste radio,radio,,,,
,,Surtout dans une poste radio,radio,,,,
,,Radio,radio,,,,
,,Radio,radio,,,,
,,Radio,radio,,,,
,,Radio,radio,,,,
,,Radio,radio,,,,
,,Radio,radio,,,,
,,Radio,radio,,,,
,,Par le chef du village,face_a_face,,,,
,,Problï¿½ï¿½ï¿½ï¿½ï,autre,,,,
,,Problï¿½ï¿½ï¿½ï¿½ï¿½ï,autre,,,,
,,Par le chef du village,face_a_face,,,,
,,Par le chef du village,face_a_face,,,,
,,Par le chef du village,face_a_face,,,,
,,Par le chef du village,face_a_face,,,,
,,Par le chef du village,face_a_face,,,,
,,Par le chef du village,face_a_face,,,,
,,Par le chef du village,face_a_face,,,,
,,Par le chef du village,face_a_face,,,,
,,Chef du quartier,face_a_face,,,,
,,Radio,radio,,,,
,,Autoritï¿½ï¿½ï¿½ï,face_a_face,,,,
,,Radio,radio,,,,
,,"Parents, amis, autoritï¿½ï¿½ï¿½ï¿½ï¿½ï¿½s l",face_a_face,,,,
,,Tï¿½ï¿½ï¿,autre,,,,
,,Tï¿½ï¿½ï¿,autre,,,,
,,Par la sensibilisation,face_a_face,,,,
,,Par la sensibilisation,face_a_face,,,,
,,Tï¿½ï¿½ï¿,autre,,,,
,,Par les mï¿½ï¿½ï¿,hauts_parleurs,,,,
,,Par les envoyer du chef,face_a_face,,,,
,,Par mï¿½ï¿½ï¿,hauts_parleurs,,,,
,,Par sensibilisation et mï¿½ï¿½ï¿,autre,,,,
,,Par le chef,face_a_face,,,,
,,Mï¿½ï¿½ï¿,hauts_parleurs,,,,
,,Le chef de la communautï,face_a_face,,,,
,,Par le chef,face_a_face,,,,
,,Par les envoyer du chef,face_a_face,,,,
,,ý la place du village,autre,,,,
,,Par les envoyer du chef,face_a_face,,,,
,,Sur une poste radio.,radio,,,,
,,Le chef du village qui nous informe,face_a_face,,,,
,,De la par du chef de village,face_a_face,,,,
,,Par le chef du village,face_a_face,,,,
,,Tï¿½ï¿½ï¿,autre,,,,
,,Tï¿½ï¿½ï¿,autre,,,,
,,Radio,radio,,,,
,,La radio,radio,,,,
,,Nous voulons ï¿½ï¿½ï¿½ï¿½ï¿½ï¿½coutï¿½ï¿½ï¿½ï¿½ï¿½,radio,,,,
,,Radio nationale,radio,,,,
,,Radio nationale,radio,,,,
,,Radio nationale,radio,,,,
,,Radio nationale,radio,,,,
,,Radio nationale,radio,,,,
,,Radio communautaire,radio,,,,
,,Radio nationale,radio,,,,
,,Radio nationale,radio,,,,
,,Radio nationale,radio,,,,
,,Radio nationale,radio,,,,
,,Radio,radio,,,,
,,Rï¿½ï¿½ï¿½ï¿½ï¿½ï¿½,autre,,,,
,,Radio,radio,,,,
,,Radio,radio,,,,
,,Radio,radio,,,,
,,Radio,radio,,,,
,,Radio diffusion,radio,,,,
,,Radio diffusion,radio,,,,
,,Radio,radio,,,,
,,Radio diffusion,radio,,,,
,,Par la sensibilisation,face_a_face,,,,
,,Les rumeurs,autre,,,,
,,Crieur,autre,,,,
,,Crieur,autre,,,,
,,Crieur,autre,,,,
,,Rï¿½ï¿½,face_a_face,,,,
,,Crieur,autre,,,,
,,Radio,radio,,,,
,,Radio,radio,,,,
,,Radio,radio,,,,
,,Rumeurs,radio,,,,
,,Lettre,autre,,,,
,,Rï¿½ï¿½,face_a_face,,,,
,,Rï¿½ï¿½,face_a_face,,,,
,,Rï¿½ï¿½,face_a_face,,,,
,,Rï¿½ï¿½,face_a_face,,,,
,,Rï¿½ï¿½,face_a_face,,,,
,,Radio,radio,,,,
,,Rï¿½ï¿½,face_a_face,,,,
,,Par le chef de groupe,face_a_face,,,,
,,Par le chef de village,face_a_face,,,,
,,Par le chef de village,face_a_face,,,,
,,Par le chef de village,face_a_face,,,,
,,Par le chef de village,face_a_face,,,,
,,Sifflet,autre,,,,
,,Par le chef de village,face_a_face,,,,
,,Par de sifflet,autre,,,,
,,Par le chef de village,face_a_face,,,,
,,Par le chef de village,face_a_face,,,,
,,Par le chef de village,face_a_face,,,,
,,Par le chef de village,face_a_face,,,,
,,Radio,radio,,,,
,,Radio,radio,,,,
,,Fadio,radio,,,,
,,Radio,radio,,,,
,,Radio,radio,,,,
,,Radio,radio,,,,
,,Radio,radio,,,,
,,Par Radio,radio,,,,
,,Radio,radio,,,,
,,Radio,radio,,,,
,,Radio,radio,,,,
,,Radio,radio,,,,
,,Radio,radio,,,,
,,Radio,radio,,,,
,,Radio,radio,,,,
,,Radio,radio,,,,
,,Radio,radio,,,,
,,Radio,radio,,,,
,,Radio,radio,,,,
,,Radio,radio,,,,
,,Radio,radio,,,,
,,Radio,radio,,,,
,,Radio,radio,,,,
,,Radio nationale,radio,,,,
,,Radio nationale,radio,,,,
,,Radio nationale,radio,,,,
,,Radio nationale,radio,,,,
,,Radio nationale,radio,,,,
,,Radio,radio,,,,
,,Entaine modern,face_a_face,,,,
,,Radio,radio,,,,
,,Non,autre,,,,
,,Radio locale,radio,,,,
,,Radio locale,radio,,,,
,,Radio locale,radio,,,,
,,Radio locale,radio,,,,
,,Radio locale,radio,,,,
,,Radio locale,radio,,,,
,,Radio locale,radio,,,,
,,Sur la radio mais malheureusement nous n'avons pas la radio.,radio,,,,
,,Radio locale,radio,,,,
,,Radio locale,radio,,,,
,,Radio locale,radio,,,,
,,Radio locale,radio,,,,
,,Leaders communautaires,face_a_face,,,,
,,Radio,radio,,,,
,,Crier a voi simple,autre,,,,
,,Nous devons nous informer ï¿½ï¿½ï¿½ï¿½ï¿½ï¿½ travers la radio mais malheureusemen,radio,,,,
,,A la radio,radio,,,,
,,Radio locale,radio,,,,
,,Radio,radio,,,,
,,Radio nationale,radio,,,,
,,Radio nationale,radio,,,,
,,Radio nationale,radio,,,,
,,Radio nationale,radio,,,,
,,Radio locale,radio,,,,
,,Radio nationale,radio,,,,
,,Radio nationale,radio,,,,
,,Radio nationale,radio,,,,
,,Radio nationale,radio,,,,
,,Radio nationale piusquy ici nous n avons pas de tï¿½ï¿½ï¿½ï¿½ï¿½ï¿½lï¿½ï¿½ï¿½ï¿½ï¿½ï¿½phone comme les autres donc ont prï¿½ï¿½ï¿½ï¿½ï¿½ï¿½fere la radio nationale mais hï¿½,radio,,,,
,,Leaders communautaires,face_a_face,,,,
,,Bouche ï¿½ï¿½ï¿,face_a_face,,,,
,,Bouche ï¿½ï¿½ï¿½,face_a_face,,,,
,,Bouche ï¿½ï¿½ï¿½,face_a_face,,,,
,,Je prï¿½ï¿½ï¿½ï¿½ï¿½ï¿½fï¿½ï¿½ï¿½ï¿,radio,,,,
,,La radio,radio,,,,
,,Radio nationale,radio,,,,
,,Radio nationale,radio,,,,
,,Radio nationale,radio,,,,
,,Radio nationale,radio,,,,
,,Radio nationale,radio,,,,
,,Radio nationale,radio,,,,
,,Radio nationale,radio,,,,
,,Radio nationale,radio,,,,
,,Radio nationale,radio,,,,
,,Radio locale,radio,,,,
,,Radio nationale,radio,,,,
,,Radio locale,radio,,,,
,,Radio locale,radio,,,,
,,Radio,radio,,,,
,,Radio,radio,,,,
,,Radio nationale,radio,,,,
,,Radio nationale,radio,,,,
,,Radio nationale,radio,,,,
,,On prï¿½ï¿½ï¿½ï¿½ï¿½ï¿½fï¿½ï¿½ï¿½ï¿½ï¿½ï¿½re la radio nationale pour avoir des info,radio,,,,
,,Radio nationale,radio,,,,
,,Radio nationale,radio,,,,
,,Radio nationale,radio,,,,
,,Radio nationale,radio,,,,
,,Radio nationale,radio,,,,
,,Radio nationale,radio,,,,
,,Radio nationale,radio,,,,
,,Radio,radio,,,,
,,Radio,radio,,,,
,,Radio,radio,,,,
,,Chef du village,face_a_face,,,,
,,Gendarmerie,face_a_face,,,,
,,Je vais trouvï¿½ï¿½ï¿½ï¿½ï¿½ï¿½ tous ceux don,autre,,,,
,,Toujours par le canal du chef de village.,face_a_face,,,,
,,Comme nous avons dit c'est dans  la radio,radio,,,,
,,Chef de Quartier,face_a_face,,,,
,,Radio,radio,,,,
,,Radio locale,radio,,,,
,,Radio locale,radio,,,,
,,Radio locale,radio,,,,
,,Radio locale,radio,,,,
,,Radio,radio,,,,
,,Par la radio,radio,,,,
,,Nous voulons bien ï¿½ï¿½ï¿½ï¿½ï¿½ï¿½cou,radio,,,,
,,Par la radio.,radio,,,,
,,Par la radio,radio,,,,
,,Radio nationale,radio,,,,
,,Radio locale,radio,,,,
,,Radio locale,radio,,,,
,,Radio locale,radio,,,,
,,Radio nationale,radio,,,,
,,Radio nationale,radio,,,,
,,Par la radio mais hï¿½ï¿½ï¿½ï¿½ï¿½ï¿½las la radio nationale ne fonctionne pas sur toute ï¿½,radio,,,,
,,Radio communautaire,radio,,,,
,,Radio communautaire,radio,,,,
,,Radio communautaire,radio,,,,
,,Radio communautaire,radio,,,,
,,Radio,radio,,,,
,,Radio,radio,,,,
,,Par lettre,autre,,,,
,,Par radio,radio,,,,
,,Radio FM,radio,,,,
,,Par lettre,autre,,,,
,,Par lettre,autre,,,,
,,Par lettre,autre,,,,
,,Par lettre ,autre,,,,
,,Par lettre,autre,,,,
,,Radio FM,radio,,,,
,,Radio,radio,,,,
,,Radio,radio,,,,
,,Radio et les passants,autre,,,,
,,Radio et les passants,autre,,,,
,,Radio et les passants,autre,,,,
,,Radio et les passants,autre,,,,
,,Radio,radio,,,,
,,Radio et tï¿½ï¿½ï¿½ï¿½ï¿½ï¿½lï¿½ï¿,autre,,,,
,,Les passants,face_a_face,,,,
,,Les parents et les passants,face_a_face,,,,
,,Les passants,face_a_face,,,,
,,Les passants,face_a_face,,,,
,,Les parents et les passants,face_a_face,,,,
,,Radio et les passants,autre,,,,
,,Par la radio,radio,,,,
,,Par la radio,radio,,,,
,,Le chef du quartier,face_a_face,,,,
,,Les autoritï¿,face_a_face,,,,
,,Les autoritï¿,face_a_face,,,,
,,Les autoritï¿½ï¿½ï¿½ï,face_a_face,,,,
,,Le chef du quartier,face_a_face,,,,
,,Le chef du quartier,face_a_face,,,,
,,Les autoritï¿,face_a_face,,,,
,,Le chef du quartier,face_a_face,,,,
,,Les autoritï¿,face_a_face,,,,
,,Les autoritï¿,face_a_face,,,,
,,Le chef du quartier,face_a_face,,,,
,,Les autoritï¿½ï¿½ï¿½ï,face_a_face,,,,
