"","index","value","variable","has_issue","issue_type"
"1",39,"5","males.18.59",TRUE,"log normal distribution outlier"
"2",56,"5","males.18.59",TRUE,"log normal distribution outlier"
"3",339,"5","males.18.59",TRUE,"log normal distribution outlier"
"4",576,"5","males.18.59",TRUE,"log normal distribution outlier"
"5",606,"5","males.18.59",TRUE,"log normal distribution outlier"
"6",677,"5","males.18.59",TRUE,"log normal distribution outlier"
"7",1213,"5","males.18.59",TRUE,"log normal distribution outlier"
"8",1225,"5","males.18.59",TRUE,"log normal distribution outlier"
"9",1273,"7","males.18.59",TRUE,"log normal distribution outlier"
"10",1275,"7","males.18.59",TRUE,"log normal distribution outlier"
"11",1301,"5","males.18.59",TRUE,"log normal distribution outlier"
"12",1458,"5","males.18.59",TRUE,"log normal distribution outlier"
"13",1496,"5","males.18.59",TRUE,"log normal distribution outlier"
"14",1509,"5","males.18.59",TRUE,"log normal distribution outlier"
"15",1520,"6","males.18.59",TRUE,"log normal distribution outlier"
"16",1529,"6","males.18.59",TRUE,"log normal distribution outlier"
"17",1549,"5","males.18.59",TRUE,"log normal distribution outlier"
"18",1566,"6","males.18.59",TRUE,"log normal distribution outlier"
"19",1785,"5","males.18.59",TRUE,"log normal distribution outlier"
"20",1846,"5","males.18.59",TRUE,"log normal distribution outlier"
"21",1854,"6","males.18.59",TRUE,"log normal distribution outlier"
"22",1879,"7","males.18.59",TRUE,"log normal distribution outlier"
"23",1930,"5","males.18.59",TRUE,"log normal distribution outlier"
"24",2075,"5","males.18.59",TRUE,"log normal distribution outlier"
"25",2420,"6","males.18.59",TRUE,"log normal distribution outlier"
"26",2698,"5","males.18.59",TRUE,"log normal distribution outlier"
"27",2753,"5","males.18.59",TRUE,"log normal distribution outlier"
"28",2851,"5","males.18.59",TRUE,"log normal distribution outlier"
"29",3028,"5","males.18.59",TRUE,"log normal distribution outlier"
"30",3296,"5","males.18.59",TRUE,"log normal distribution outlier"
"31",3361,"5","males.18.59",TRUE,"log normal distribution outlier"
"32",3534,"5","males.18.59",TRUE,"log normal distribution outlier"
"33",4297,"5","males.18.59",TRUE,"log normal distribution outlier"
"34",4333,"5","males.18.59",TRUE,"log normal distribution outlier"
"35",4343,"5","males.18.59",TRUE,"log normal distribution outlier"
"36",4365,"8","males.18.59",TRUE,"log normal distribution outlier"
"37",4373,"5","males.18.59",TRUE,"log normal distribution outlier"
"38",4392,"5","males.18.59",TRUE,"log normal distribution outlier"
"39",4397,"6","males.18.59",TRUE,"log normal distribution outlier"
"40",4402,"5","males.18.59",TRUE,"log normal distribution outlier"
"41",4609,"5","males.18.59",TRUE,"log normal distribution outlier"
"42",4735,"5","males.18.59",TRUE,"log normal distribution outlier"
"43",4775,"5","males.18.59",TRUE,"log normal distribution outlier"
"44",5245,"5","males.18.59",TRUE,"log normal distribution outlier"
"45",5308,"6","males.18.59",TRUE,"log normal distribution outlier"
"46",5310,"5","males.18.59",TRUE,"log normal distribution outlier"
"47",5421,"5","males.18.59",TRUE,"log normal distribution outlier"
"48",5429,"5","males.18.59",TRUE,"log normal distribution outlier"
"49",5478,"5","males.18.59",TRUE,"log normal distribution outlier"
"50",5626,"11","males.18.59",TRUE,"log normal distribution outlier"
"51",5644,"9","males.18.59",TRUE,"log normal distribution outlier"
"52",5703,"12","males.18.59",TRUE,"log normal distribution outlier"
"53",5862,"5","males.18.59",TRUE,"log normal distribution outlier"
"54",6031,"5","males.18.59",TRUE,"log normal distribution outlier"
"55",6236,"5","males.18.59",TRUE,"log normal distribution outlier"
"56",6357,"6","males.18.59",TRUE,"log normal distribution outlier"
"57",6367,"5","males.18.59",TRUE,"log normal distribution outlier"
"58",6435,"6","males.18.59",TRUE,"log normal distribution outlier"
"59",6445,"5","males.18.59",TRUE,"log normal distribution outlier"
"60",6481,"6","males.18.59",TRUE,"log normal distribution outlier"
"61",6548,"5","males.18.59",TRUE,"log normal distribution outlier"
"62",6641,"25","males.18.59",TRUE,"log normal distribution outlier"
"63",6653,"5","males.18.59",TRUE,"log normal distribution outlier"
"64",2254,"14","calc.boys.ed",TRUE,"log normal distribution outlier"
"65",2420,"14","calc.boys.ed",TRUE,"log normal distribution outlier"
"66",2575,"17","calc.boys.ed",TRUE,"log normal distribution outlier"
"67",5980,"19","calc.boys.ed",TRUE,"log normal distribution outlier"
"68",1848,"12","calc.girls.ed",TRUE,"log normal distribution outlier"
"69",2254,"12","calc.girls.ed",TRUE,"log normal distribution outlier"
"70",2765,"12","calc.girls.ed",TRUE,"log normal distribution outlier"
"71",2795,"12","calc.girls.ed",TRUE,"log normal distribution outlier"
"72",3086,"12","calc.girls.ed",TRUE,"log normal distribution outlier"
"73",4059,"12","calc.girls.ed",TRUE,"log normal distribution outlier"
"74",4609,"13","calc.girls.ed",TRUE,"log normal distribution outlier"
"75",5980,"18","calc.girls.ed",TRUE,"log normal distribution outlier"
"76",2420,"17","calc.boys",TRUE,"log normal distribution outlier"
"77",2575,"18","calc.boys",TRUE,"log normal distribution outlier"
"78",5980,"19","calc.boys",TRUE,"log normal distribution outlier"
"79",2254,"19","calc.girls",TRUE,"log normal distribution outlier"
"80",2795,"14","calc.girls",TRUE,"log normal distribution outlier"
"81",3086,"14","calc.girls",TRUE,"log normal distribution outlier"
"82",4609,"14","calc.girls",TRUE,"log normal distribution outlier"
"83",5980,"18","calc.girls",TRUE,"log normal distribution outlier"
"84",1232,"10","calc.5.and.under",TRUE,"log normal distribution outlier"
"85",1410,"11","calc.5.and.under",TRUE,"log normal distribution outlier"
"86",1427,"10","calc.5.and.under",TRUE,"log normal distribution outlier"
"87",1782,"11","calc.5.and.under",TRUE,"log normal distribution outlier"
"88",1854,"13","calc.5.and.under",TRUE,"log normal distribution outlier"
"89",1867,"12","calc.5.and.under",TRUE,"log normal distribution outlier"
"90",2254,"15","calc.5.and.under",TRUE,"log normal distribution outlier"
"91",2713,"10","calc.5.and.under",TRUE,"log normal distribution outlier"
"92",2795,"12","calc.5.and.under",TRUE,"log normal distribution outlier"
"93",3086,"17","calc.5.and.under",TRUE,"log normal distribution outlier"
"94",4303,"10","calc.5.and.under",TRUE,"log normal distribution outlier"
"95",5266,"17","calc.5.and.under",TRUE,"log normal distribution outlier"
"96",6435,"13","calc.5.and.under",TRUE,"log normal distribution outlier"
"97",6570,"12","calc.5.and.under",TRUE,"log normal distribution outlier"
"98",6607,"15","calc.5.and.under",TRUE,"log normal distribution outlier"
"99",2254,"34","calc.minors",TRUE,"log normal distribution outlier"
"100",2420,"23","calc.males",TRUE,"log normal distribution outlier"
"101",6435,"21","calc.males",TRUE,"log normal distribution outlier"
"102",6641,"26","calc.males",TRUE,"log normal distribution outlier"
"103",2254,"26","calc.females",TRUE,"log normal distribution outlier"
"104",2795,"19","calc.females",TRUE,"log normal distribution outlier"
"105",3086,"23","calc.females",TRUE,"log normal distribution outlier"
"106",4059,"19","calc.females",TRUE,"log normal distribution outlier"
"107",4609,"19","calc.females",TRUE,"log normal distribution outlier"
"108",576,"26","calc.household",TRUE,"normal distribution outlier"
"109",606,"25","calc.household",TRUE,"normal distribution outlier"
"110",677,"21","calc.household",TRUE,"normal distribution outlier"
"111",730,"23","calc.household",TRUE,"normal distribution outlier"
"112",1089,"23","calc.household",TRUE,"normal distribution outlier"
"113",1129,"21","calc.household",TRUE,"normal distribution outlier"
"114",1213,"26","calc.household",TRUE,"normal distribution outlier"
"115",1255,"20","calc.household",TRUE,"normal distribution outlier"
"116",1331,"20","calc.household",TRUE,"normal distribution outlier"
"117",1427,"20","calc.household",TRUE,"normal distribution outlier"
"118",1458,"21","calc.household",TRUE,"normal distribution outlier"
"119",1495,"27","calc.household",TRUE,"normal distribution outlier"
"120",1550,"20","calc.household",TRUE,"normal distribution outlier"
"121",1633,"23","calc.household",TRUE,"normal distribution outlier"
"122",1657,"21","calc.household",TRUE,"normal distribution outlier"
"123",1739,"23","calc.household",TRUE,"normal distribution outlier"
"124",1747,"23","calc.household",TRUE,"normal distribution outlier"
"125",1754,"24","calc.household",TRUE,"normal distribution outlier"
"126",1782,"28","calc.household",TRUE,"normal distribution outlier"
"127",1785,"20","calc.household",TRUE,"normal distribution outlier"
"128",1830,"24","calc.household",TRUE,"normal distribution outlier"
"129",1846,"32","calc.household",TRUE,"normal distribution outlier"
"130",1848,"23","calc.household",TRUE,"normal distribution outlier"
"131",1851,"20","calc.household",TRUE,"normal distribution outlier"
"132",1854,"31","calc.household",TRUE,"normal distribution outlier"
"133",1860,"20","calc.household",TRUE,"normal distribution outlier"
"134",1861,"29","calc.household",TRUE,"normal distribution outlier"
"135",1867,"21","calc.household",TRUE,"normal distribution outlier"
"136",1879,"27","calc.household",TRUE,"normal distribution outlier"
"137",1889,"24","calc.household",TRUE,"normal distribution outlier"
"138",2152,"32","calc.household",TRUE,"normal distribution outlier"
"139",2208,"21","calc.household",TRUE,"normal distribution outlier"
"140",2254,"41","calc.household",TRUE,"normal distribution outlier"
"141",2420,"37","calc.household",TRUE,"normal distribution outlier"
"142",2575,"23","calc.household",TRUE,"normal distribution outlier"
"143",2672,"22","calc.household",TRUE,"normal distribution outlier"
"144",2712,"34","calc.household",TRUE,"normal distribution outlier"
"145",2722,"21","calc.household",TRUE,"normal distribution outlier"
"146",2753,"25","calc.household",TRUE,"normal distribution outlier"
"147",2765,"24","calc.household",TRUE,"normal distribution outlier"
"148",2795,"33","calc.household",TRUE,"normal distribution outlier"
"149",3028,"22","calc.household",TRUE,"normal distribution outlier"
"150",3081,"21","calc.household",TRUE,"normal distribution outlier"
"151",3086,"38","calc.household",TRUE,"normal distribution outlier"
"152",3131,"21","calc.household",TRUE,"normal distribution outlier"
"153",3148,"24","calc.household",TRUE,"normal distribution outlier"
"154",3276,"22","calc.household",TRUE,"normal distribution outlier"
"155",3789,"20","calc.household",TRUE,"normal distribution outlier"
"156",4059,"33","calc.household",TRUE,"normal distribution outlier"
"157",4188,"20","calc.household",TRUE,"normal distribution outlier"
"158",4281,"20","calc.household",TRUE,"normal distribution outlier"
"159",4331,"20","calc.household",TRUE,"normal distribution outlier"
"160",4343,"26","calc.household",TRUE,"normal distribution outlier"
"161",4365,"24","calc.household",TRUE,"normal distribution outlier"
"162",4368,"26","calc.household",TRUE,"normal distribution outlier"
"163",4402,"24","calc.household",TRUE,"normal distribution outlier"
"164",4609,"28","calc.household",TRUE,"normal distribution outlier"
"165",4980,"21","calc.household",TRUE,"normal distribution outlier"
"166",5266,"21","calc.household",TRUE,"normal distribution outlier"
"167",5416,"21","calc.household",TRUE,"normal distribution outlier"
"168",5648,"21","calc.household",TRUE,"normal distribution outlier"
"169",5703,"20","calc.household",TRUE,"normal distribution outlier"
"170",5712,"24","calc.household",TRUE,"normal distribution outlier"
"171",5720,"23","calc.household",TRUE,"normal distribution outlier"
"172",5759,"22","calc.household",TRUE,"normal distribution outlier"
"173",5836,"21","calc.household",TRUE,"normal distribution outlier"
"174",5883,"20","calc.household",TRUE,"normal distribution outlier"
"175",5980,"37","calc.household",TRUE,"normal distribution outlier"
"176",5985,"21","calc.household",TRUE,"normal distribution outlier"
"177",5993,"23","calc.household",TRUE,"normal distribution outlier"
"178",6006,"22","calc.household",TRUE,"normal distribution outlier"
"179",6048,"20","calc.household",TRUE,"normal distribution outlier"
"180",6098,"21","calc.household",TRUE,"normal distribution outlier"
"181",6100,"24","calc.household",TRUE,"normal distribution outlier"
"182",6134,"20","calc.household",TRUE,"normal distribution outlier"
"183",6274,"20","calc.household",TRUE,"normal distribution outlier"
"184",6357,"24","calc.household",TRUE,"normal distribution outlier"
"185",6358,"21","calc.household",TRUE,"normal distribution outlier"
"186",6364,"21","calc.household",TRUE,"normal distribution outlier"
"187",6435,"38","calc.household",TRUE,"normal distribution outlier"
"188",6481,"26","calc.household",TRUE,"normal distribution outlier"
"189",6567,"25","calc.household",TRUE,"normal distribution outlier"
"190",6568,"20","calc.household",TRUE,"normal distribution outlier"
"191",6570,"27","calc.household",TRUE,"normal distribution outlier"
"192",6594,"21","calc.household",TRUE,"normal distribution outlier"
"193",6607,"28","calc.household",TRUE,"normal distribution outlier"
"194",6617,"22","calc.household",TRUE,"normal distribution outlier"
"195",6641,"27","calc.household",TRUE,"normal distribution outlier"
"196",6658,"21","calc.household",TRUE,"normal distribution outlier"
"197",6670,"28","calc.household",TRUE,"normal distribution outlier"
"198",6679,"21","calc.household",TRUE,"normal distribution outlier"
"199",576,"14","calc.working.age",TRUE,"log normal distribution outlier"
"200",606,"11","calc.working.age",TRUE,"log normal distribution outlier"
"201",1213,"10","calc.working.age",TRUE,"log normal distribution outlier"
"202",1275,"10","calc.working.age",TRUE,"log normal distribution outlier"
"203",1458,"12","calc.working.age",TRUE,"log normal distribution outlier"
"204",1520,"10","calc.working.age",TRUE,"log normal distribution outlier"
"205",1854,"11","calc.working.age",TRUE,"log normal distribution outlier"
"206",1879,"12","calc.working.age",TRUE,"log normal distribution outlier"
"207",2420,"11","calc.working.age",TRUE,"log normal distribution outlier"
"208",2712,"11","calc.working.age",TRUE,"log normal distribution outlier"
"209",3028,"10","calc.working.age",TRUE,"log normal distribution outlier"
"210",3086,"12","calc.working.age",TRUE,"log normal distribution outlier"
"211",3455,"10","calc.working.age",TRUE,"log normal distribution outlier"
"212",4343,"11","calc.working.age",TRUE,"log normal distribution outlier"
"213",4365,"15","calc.working.age",TRUE,"log normal distribution outlier"
"214",4397,"12","calc.working.age",TRUE,"log normal distribution outlier"
"215",4609,"11","calc.working.age",TRUE,"log normal distribution outlier"
"216",5626,"11","calc.working.age",TRUE,"log normal distribution outlier"
"217",5703,"15","calc.working.age",TRUE,"log normal distribution outlier"
"218",6367,"10","calc.working.age",TRUE,"log normal distribution outlier"
"219",6435,"16","calc.working.age",TRUE,"log normal distribution outlier"
"220",6641,"26","calc.working.age",TRUE,"log normal distribution outlier"
"221",576,"26","household.size",TRUE,"normal distribution outlier"
"222",606,"25","household.size",TRUE,"normal distribution outlier"
"223",677,"21","household.size",TRUE,"normal distribution outlier"
"224",730,"23","household.size",TRUE,"normal distribution outlier"
"225",1089,"23","household.size",TRUE,"normal distribution outlier"
"226",1129,"21","household.size",TRUE,"normal distribution outlier"
"227",1213,"26","household.size",TRUE,"normal distribution outlier"
"228",1255,"20","household.size",TRUE,"normal distribution outlier"
"229",1331,"20","household.size",TRUE,"normal distribution outlier"
"230",1427,"20","household.size",TRUE,"normal distribution outlier"
"231",1458,"21","household.size",TRUE,"normal distribution outlier"
"232",1495,"27","household.size",TRUE,"normal distribution outlier"
"233",1550,"20","household.size",TRUE,"normal distribution outlier"
"234",1633,"23","household.size",TRUE,"normal distribution outlier"
"235",1657,"21","household.size",TRUE,"normal distribution outlier"
"236",1739,"23","household.size",TRUE,"normal distribution outlier"
"237",1747,"23","household.size",TRUE,"normal distribution outlier"
"238",1754,"24","household.size",TRUE,"normal distribution outlier"
"239",1782,"28","household.size",TRUE,"normal distribution outlier"
"240",1785,"20","household.size",TRUE,"normal distribution outlier"
"241",1830,"24","household.size",TRUE,"normal distribution outlier"
"242",1846,"32","household.size",TRUE,"normal distribution outlier"
"243",1848,"23","household.size",TRUE,"normal distribution outlier"
"244",1851,"20","household.size",TRUE,"normal distribution outlier"
"245",1854,"31","household.size",TRUE,"normal distribution outlier"
"246",1860,"20","household.size",TRUE,"normal distribution outlier"
"247",1861,"29","household.size",TRUE,"normal distribution outlier"
"248",1867,"21","household.size",TRUE,"normal distribution outlier"
"249",1879,"27","household.size",TRUE,"normal distribution outlier"
"250",1889,"24","household.size",TRUE,"normal distribution outlier"
"251",2152,"32","household.size",TRUE,"normal distribution outlier"
"252",2208,"21","household.size",TRUE,"normal distribution outlier"
"253",2254,"41","household.size",TRUE,"normal distribution outlier"
"254",2420,"37","household.size",TRUE,"normal distribution outlier"
"255",2575,"23","household.size",TRUE,"normal distribution outlier"
"256",2672,"22","household.size",TRUE,"normal distribution outlier"
"257",2712,"34","household.size",TRUE,"normal distribution outlier"
"258",2722,"21","household.size",TRUE,"normal distribution outlier"
"259",2753,"25","household.size",TRUE,"normal distribution outlier"
"260",2765,"24","household.size",TRUE,"normal distribution outlier"
"261",2795,"33","household.size",TRUE,"normal distribution outlier"
"262",3028,"22","household.size",TRUE,"normal distribution outlier"
"263",3081,"21","household.size",TRUE,"normal distribution outlier"
"264",3086,"38","household.size",TRUE,"normal distribution outlier"
"265",3131,"21","household.size",TRUE,"normal distribution outlier"
"266",3148,"24","household.size",TRUE,"normal distribution outlier"
"267",3276,"22","household.size",TRUE,"normal distribution outlier"
"268",3789,"20","household.size",TRUE,"normal distribution outlier"
"269",4059,"33","household.size",TRUE,"normal distribution outlier"
"270",4188,"20","household.size",TRUE,"normal distribution outlier"
"271",4281,"20","household.size",TRUE,"normal distribution outlier"
"272",4331,"20","household.size",TRUE,"normal distribution outlier"
"273",4343,"26","household.size",TRUE,"normal distribution outlier"
"274",4365,"24","household.size",TRUE,"normal distribution outlier"
"275",4368,"26","household.size",TRUE,"normal distribution outlier"
"276",4402,"24","household.size",TRUE,"normal distribution outlier"
"277",4609,"28","household.size",TRUE,"normal distribution outlier"
"278",4980,"21","household.size",TRUE,"normal distribution outlier"
"279",5266,"21","household.size",TRUE,"normal distribution outlier"
"280",5416,"21","household.size",TRUE,"normal distribution outlier"
"281",5648,"21","household.size",TRUE,"normal distribution outlier"
"282",5703,"20","household.size",TRUE,"normal distribution outlier"
"283",5712,"24","household.size",TRUE,"normal distribution outlier"
"284",5720,"23","household.size",TRUE,"normal distribution outlier"
"285",5759,"22","household.size",TRUE,"normal distribution outlier"
"286",5836,"21","household.size",TRUE,"normal distribution outlier"
"287",5883,"20","household.size",TRUE,"normal distribution outlier"
"288",5980,"37","household.size",TRUE,"normal distribution outlier"
"289",5985,"21","household.size",TRUE,"normal distribution outlier"
"290",5993,"23","household.size",TRUE,"normal distribution outlier"
"291",6006,"22","household.size",TRUE,"normal distribution outlier"
"292",6048,"20","household.size",TRUE,"normal distribution outlier"
"293",6098,"21","household.size",TRUE,"normal distribution outlier"
"294",6100,"24","household.size",TRUE,"normal distribution outlier"
"295",6134,"20","household.size",TRUE,"normal distribution outlier"
"296",6274,"20","household.size",TRUE,"normal distribution outlier"
"297",6357,"24","household.size",TRUE,"normal distribution outlier"
"298",6358,"21","household.size",TRUE,"normal distribution outlier"
"299",6364,"21","household.size",TRUE,"normal distribution outlier"
"300",6435,"38","household.size",TRUE,"normal distribution outlier"
"301",6481,"26","household.size",TRUE,"normal distribution outlier"
"302",6567,"25","household.size",TRUE,"normal distribution outlier"
"303",6568,"20","household.size",TRUE,"normal distribution outlier"
"304",6570,"27","household.size",TRUE,"normal distribution outlier"
"305",6594,"21","household.size",TRUE,"normal distribution outlier"
"306",6607,"28","household.size",TRUE,"normal distribution outlier"
"307",6617,"22","household.size",TRUE,"normal distribution outlier"
"308",6641,"27","household.size",TRUE,"normal distribution outlier"
"309",6658,"21","household.size",TRUE,"normal distribution outlier"
"310",6670,"28","household.size",TRUE,"normal distribution outlier"
"311",6679,"21","household.size",TRUE,"normal distribution outlier"
"312",2152,"15","orphan",TRUE,"log normal distribution outlier"
"313",6408,"13","orphan",TRUE,"log normal distribution outlier"
"314",37,"11","separated.minor",TRUE,"log normal distribution outlier"
"315",593,"12","separated.minor",TRUE,"log normal distribution outlier"
"316",2722,"16","separated.minor",TRUE,"log normal distribution outlier"
"317",2766,"14","separated.minor",TRUE,"log normal distribution outlier"
"318",2795,"17","separated.minor",TRUE,"log normal distribution outlier"
"319",3081,"11","separated.minor",TRUE,"log normal distribution outlier"
"320",3086,"12","separated.minor",TRUE,"log normal distribution outlier"
"321",5812,"13","separated.minor",TRUE,"log normal distribution outlier"
"322",5836,"12","separated.minor",TRUE,"log normal distribution outlier"
"323",5980,"19","separated.minor",TRUE,"log normal distribution outlier"
"324",6205,"12","separated.minor",TRUE,"log normal distribution outlier"
"325",593,"20","vulnerable.members",TRUE,"log normal distribution outlier"
"326",1213,"21","vulnerable.members",TRUE,"log normal distribution outlier"
"327",2420,"21","vulnerable.members",TRUE,"log normal distribution outlier"
"328",2722,"20","vulnerable.members",TRUE,"log normal distribution outlier"
"329",2795,"22","vulnerable.members",TRUE,"log normal distribution outlier"
"330",3086,"26","vulnerable.members",TRUE,"log normal distribution outlier"
"331",5980,"19","vulnerable.members",TRUE,"log normal distribution outlier"
"332",2158,"30376","date.displaced",TRUE,"log normal distribution outlier"
"333",2159,"32540","date.displaced",TRUE,"log normal distribution outlier"
"334",2163,"34001","date.displaced",TRUE,"log normal distribution outlier"
"335",2164,"34366","date.displaced",TRUE,"log normal distribution outlier"
"336",2171,"34455","date.displaced",TRUE,"log normal distribution outlier"
"337",2177,"33359","date.displaced",TRUE,"log normal distribution outlier"
"338",2178,"34759","date.displaced",TRUE,"log normal distribution outlier"
"339",2179,"33604","date.displaced",TRUE,"log normal distribution outlier"
"340",2199,"33604","date.displaced",TRUE,"log normal distribution outlier"
"341",2238,"32568","date.displaced",TRUE,"log normal distribution outlier"
"342",2242,"32448","date.displaced",TRUE,"log normal distribution outlier"
"343",2244,"32568","date.displaced",TRUE,"log normal distribution outlier"
"344",2245,"34425","date.displaced",TRUE,"log normal distribution outlier"
"345",2246,"33635","date.displaced",TRUE,"log normal distribution outlier"
"346",2250,"34425","date.displaced",TRUE,"log normal distribution outlier"
"347",2253,"34516","date.displaced",TRUE,"log normal distribution outlier"
"348",2259,"32509","date.displaced",TRUE,"log normal distribution outlier"
"349",2260,"32568","date.displaced",TRUE,"log normal distribution outlier"
"350",2270,"34425","date.displaced",TRUE,"log normal distribution outlier"
"351",2278,"33178","date.displaced",TRUE,"log normal distribution outlier"
"352",2281,"34029","date.displaced",TRUE,"log normal distribution outlier"
"353",2284,"32568","date.displaced",TRUE,"log normal distribution outlier"
"354",2285,"32509","date.displaced",TRUE,"log normal distribution outlier"
"355",2298,"34151","date.displaced",TRUE,"log normal distribution outlier"
"356",2300,"32509","date.displaced",TRUE,"log normal distribution outlier"
"357",2303,"32568","date.displaced",TRUE,"log normal distribution outlier"
"358",2304,"34001","date.displaced",TRUE,"log normal distribution outlier"
"359",2325,"34516","date.displaced",TRUE,"log normal distribution outlier"
"360",2333,"33482","date.displaced",TRUE,"log normal distribution outlier"
"361",2334,"32690","date.displaced",TRUE,"log normal distribution outlier"
"362",2366,"34455","date.displaced",TRUE,"log normal distribution outlier"
"363",2409,"33543","date.displaced",TRUE,"log normal distribution outlier"
"364",2419,"35125","date.displaced",TRUE,"log normal distribution outlier"
"365",2448,"29952","date.displaced",TRUE,"log normal distribution outlier"
"366",2452,"33725","date.displaced",TRUE,"log normal distribution outlier"
"367",2505,"32599","date.displaced",TRUE,"log normal distribution outlier"
"368",2506,"32568","date.displaced",TRUE,"log normal distribution outlier"
"369",2509,"32568","date.displaced",TRUE,"log normal distribution outlier"
"370",2511,"33725","date.displaced",TRUE,"log normal distribution outlier"
"371",2516,"34759","date.displaced",TRUE,"log normal distribution outlier"
"372",2517,"35125","date.displaced",TRUE,"log normal distribution outlier"
"373",2518,"32203","date.displaced",TRUE,"log normal distribution outlier"
"374",2527,"34759","date.displaced",TRUE,"log normal distribution outlier"
"375",2550,"35065","date.displaced",TRUE,"log normal distribution outlier"
"376",2557,"32568","date.displaced",TRUE,"log normal distribution outlier"
"377",2584,"34425","date.displaced",TRUE,"log normal distribution outlier"
"378",2586,"34790","date.displaced",TRUE,"log normal distribution outlier"
"379",2589,"33970","date.displaced",TRUE,"log normal distribution outlier"
"380",2590,"35034","date.displaced",TRUE,"log normal distribution outlier"
"381",2591,"31107","date.displaced",TRUE,"log normal distribution outlier"
"382",2593,"32933","date.displaced",TRUE,"log normal distribution outlier"
"383",2609,"32568","date.displaced",TRUE,"log normal distribution outlier"
"384",2648,"32568","date.displaced",TRUE,"log normal distribution outlier"
"385",2659,"31107","date.displaced",TRUE,"log normal distribution outlier"
"386",2660,"34425","date.displaced",TRUE,"log normal distribution outlier"
"387",2666,"33635","date.displaced",TRUE,"log normal distribution outlier"
"388",2702,"34973","date.displaced",TRUE,"log normal distribution outlier"
"389",2710,"33298","date.displaced",TRUE,"log normal distribution outlier"
"390",2721,"33635","date.displaced",TRUE,"log normal distribution outlier"
"391",2754,"34759","date.displaced",TRUE,"log normal distribution outlier"
"392",2768,"34943","date.displaced",TRUE,"log normal distribution outlier"
"393",2769,"34366","date.displaced",TRUE,"log normal distribution outlier"
"394",2792,"32568","date.displaced",TRUE,"log normal distribution outlier"
"395",2796,"34090","date.displaced",TRUE,"log normal distribution outlier"
"396",2800,"30713","date.displaced",TRUE,"log normal distribution outlier"
"397",2801,"34394","date.displaced",TRUE,"log normal distribution outlier"
"398",2802,"30713","date.displaced",TRUE,"log normal distribution outlier"
"399",2815,"31990","date.displaced",TRUE,"log normal distribution outlier"
"400",2816,"34486","date.displaced",TRUE,"log normal distribution outlier"
"401",2817,"34366","date.displaced",TRUE,"log normal distribution outlier"
"402",2851,"31898","date.displaced",TRUE,"log normal distribution outlier"
"403",2854,"31898","date.displaced",TRUE,"log normal distribution outlier"
"404",2856,"34425","date.displaced",TRUE,"log normal distribution outlier"
"405",2857,"34455","date.displaced",TRUE,"log normal distribution outlier"
"406",2942,"34455","date.displaced",TRUE,"log normal distribution outlier"
"407",2959,"32933","date.displaced",TRUE,"log normal distribution outlier"
"408",2970,"32994","date.displaced",TRUE,"log normal distribution outlier"
"409",3015,"32568","date.displaced",TRUE,"log normal distribution outlier"
"410",3023,"32568","date.displaced",TRUE,"log normal distribution outlier"
"411",3027,"32568","date.displaced",TRUE,"log normal distribution outlier"
"412",3037,"32629","date.displaced",TRUE,"log normal distribution outlier"
"413",3039,"34029","date.displaced",TRUE,"log normal distribution outlier"
"414",3042,"32568","date.displaced",TRUE,"log normal distribution outlier"
"415",3046,"32568","date.displaced",TRUE,"log normal distribution outlier"
"416",3051,"31809","date.displaced",TRUE,"log normal distribution outlier"
"417",3062,"34029","date.displaced",TRUE,"log normal distribution outlier"
"418",3063,"34029","date.displaced",TRUE,"log normal distribution outlier"
"419",3065,"34029","date.displaced",TRUE,"log normal distribution outlier"
"420",3078,"32660","date.displaced",TRUE,"log normal distribution outlier"
"421",3079,"33664","date.displaced",TRUE,"log normal distribution outlier"
"422",3084,"35186","date.displaced",TRUE,"log normal distribution outlier"
"423",3085,"32568","date.displaced",TRUE,"log normal distribution outlier"
"424",3090,"32994","date.displaced",TRUE,"log normal distribution outlier"
"425",3116,"32568","date.displaced",TRUE,"log normal distribution outlier"
"426",3117,"34425","date.displaced",TRUE,"log normal distribution outlier"
"427",3122,"29707","date.displaced",TRUE,"log normal distribution outlier"
"428",3146,"34455","date.displaced",TRUE,"log normal distribution outlier"
"429",3149,"34366","date.displaced",TRUE,"log normal distribution outlier"
"430",3179,"33390","date.displaced",TRUE,"log normal distribution outlier"
"431",3181,"33573","date.displaced",TRUE,"log normal distribution outlier"
"432",3184,"33786","date.displaced",TRUE,"log normal distribution outlier"
"433",3185,"32629","date.displaced",TRUE,"log normal distribution outlier"
"434",3194,"33239","date.displaced",TRUE,"log normal distribution outlier"
"435",3207,"33604","date.displaced",TRUE,"log normal distribution outlier"
"436",3212,"35034","date.displaced",TRUE,"log normal distribution outlier"
"437",3216,"30376","date.displaced",TRUE,"log normal distribution outlier"
"438",3299,"34394","date.displaced",TRUE,"log normal distribution outlier"
"439",3303,"33604","date.displaced",TRUE,"log normal distribution outlier"
"440",3304,"34121","date.displaced",TRUE,"log normal distribution outlier"
"441",3305,"34425","date.displaced",TRUE,"log normal distribution outlier"
"442",3307,"34425","date.displaced",TRUE,"log normal distribution outlier"
"443",3315,"34516","date.displaced",TRUE,"log normal distribution outlier"
"444",3317,"35217","date.displaced",TRUE,"log normal distribution outlier"
"445",3340,"33573","date.displaced",TRUE,"log normal distribution outlier"
"446",3342,"34243","date.displaced",TRUE,"log normal distribution outlier"
"447",3347,"33178","date.displaced",TRUE,"log normal distribution outlier"
"448",3356,"34029","date.displaced",TRUE,"log normal distribution outlier"
"449",3362,"34425","date.displaced",TRUE,"log normal distribution outlier"
"450",3373,"34516","date.displaced",TRUE,"log normal distribution outlier"
"451",3374,"34486","date.displaced",TRUE,"log normal distribution outlier"
"452",3378,"34486","date.displaced",TRUE,"log normal distribution outlier"
"453",3381,"34425","date.displaced",TRUE,"log normal distribution outlier"
"454",3387,"28642","date.displaced",TRUE,"log normal distribution outlier"
"455",3391,"34547","date.displaced",TRUE,"log normal distribution outlier"
"456",3395,"32782","date.displaced",TRUE,"log normal distribution outlier"
"457",3398,"34425","date.displaced",TRUE,"log normal distribution outlier"
"458",3418,"34425","date.displaced",TRUE,"log normal distribution outlier"
"459",3428,"34608","date.displaced",TRUE,"log normal distribution outlier"
"460",3462,"34608","date.displaced",TRUE,"log normal distribution outlier"
"461",3527,"35309","date.displaced",TRUE,"log normal distribution outlier"
"462",3528,"29677","date.displaced",TRUE,"log normal distribution outlier"
"463",3548,"35096","date.displaced",TRUE,"log normal distribution outlier"
"464",3578,"34182","date.displaced",TRUE,"log normal distribution outlier"
"465",3582,"34820","date.displaced",TRUE,"log normal distribution outlier"
"466",3594,"34608","date.displaced",TRUE,"log normal distribution outlier"
"467",3605,"34486","date.displaced",TRUE,"log normal distribution outlier"
"468",3606,"34486","date.displaced",TRUE,"log normal distribution outlier"
"469",3607,"34547","date.displaced",TRUE,"log normal distribution outlier"
"470",3610,"34425","date.displaced",TRUE,"log normal distribution outlier"
"471",3611,"34455","date.displaced",TRUE,"log normal distribution outlier"
"472",3612,"34425","date.displaced",TRUE,"log normal distribution outlier"
"473",3613,"34425","date.displaced",TRUE,"log normal distribution outlier"
"474",3614,"34425","date.displaced",TRUE,"log normal distribution outlier"
"475",3620,"34425","date.displaced",TRUE,"log normal distribution outlier"
"476",3621,"34425","date.displaced",TRUE,"log normal distribution outlier"
"477",3622,"34425","date.displaced",TRUE,"log normal distribution outlier"
"478",3627,"21671","date.displaced",TRUE,"log normal distribution outlier"
"479",3628,"34335","date.displaced",TRUE,"log normal distribution outlier"
"480",3630,"34335","date.displaced",TRUE,"log normal distribution outlier"
"481",3633,"34425","date.displaced",TRUE,"log normal distribution outlier"
"482",3642,"34455","date.displaced",TRUE,"log normal distribution outlier"
"483",3656,"34425","date.displaced",TRUE,"log normal distribution outlier"
"484",3658,"35065","date.displaced",TRUE,"log normal distribution outlier"
"485",3665,"34425","date.displaced",TRUE,"log normal distribution outlier"
"486",3666,"34425","date.displaced",TRUE,"log normal distribution outlier"
"487",4106,"34366","date.displaced",TRUE,"log normal distribution outlier"
"488",4110,"34182","date.displaced",TRUE,"log normal distribution outlier"
"489",4135,"33970","date.displaced",TRUE,"log normal distribution outlier"
"490",4136,"27942","date.displaced",TRUE,"log normal distribution outlier"
"491",4153,"34243","date.displaced",TRUE,"log normal distribution outlier"
"492",4154,"35217","date.displaced",TRUE,"log normal distribution outlier"
"493",4173,"35217","date.displaced",TRUE,"log normal distribution outlier"
"494",4174,"34486","date.displaced",TRUE,"log normal distribution outlier"
"495",4212,"34243","date.displaced",TRUE,"log normal distribution outlier"
"496",5121,"33086","date.displaced",TRUE,"log normal distribution outlier"
"497",5151,"23743","date.displaced",TRUE,"log normal distribution outlier"
"498",5175,"33512","date.displaced",TRUE,"log normal distribution outlier"
"499",5560,"33239","date.displaced",TRUE,"log normal distribution outlier"
"500",6121,"33239","date.displaced",TRUE,"log normal distribution outlier"
"501",6593,"29768","date.displaced",TRUE,"log normal distribution outlier"
"502",6624,"32933","date.displaced",TRUE,"log normal distribution outlier"
"503",6626,"32964","date.displaced",TRUE,"log normal distribution outlier"
"504",6631,"32843","date.displaced",TRUE,"log normal distribution outlier"
"505",6642,"35156","date.displaced",TRUE,"log normal distribution outlier"
"506",6678,"32933","date.displaced",TRUE,"log normal distribution outlier"
"507",6683,"32568","date.displaced",TRUE,"log normal distribution outlier"
"508",2158,"30407","date.arrival",TRUE,"log normal distribution outlier"
"509",2159,"32568","date.arrival",TRUE,"log normal distribution outlier"
"510",2161,"35886","date.arrival",TRUE,"log normal distribution outlier"
"511",2163,"34001","date.arrival",TRUE,"log normal distribution outlier"
"512",2164,"34425","date.arrival",TRUE,"log normal distribution outlier"
"513",2171,"34820","date.arrival",TRUE,"log normal distribution outlier"
"514",2177,"33359","date.arrival",TRUE,"log normal distribution outlier"
"515",2178,"34851","date.arrival",TRUE,"log normal distribution outlier"
"516",2179,"33970","date.arrival",TRUE,"log normal distribution outlier"
"517",2199,"33635","date.arrival",TRUE,"log normal distribution outlier"
"518",2238,"32568","date.arrival",TRUE,"log normal distribution outlier"
"519",2244,"32568","date.arrival",TRUE,"log normal distribution outlier"
"520",2245,"34425","date.arrival",TRUE,"log normal distribution outlier"
"521",2246,"33635","date.arrival",TRUE,"log normal distribution outlier"
"522",2259,"32540","date.arrival",TRUE,"log normal distribution outlier"
"523",2260,"32660","date.arrival",TRUE,"log normal distribution outlier"
"524",2278,"33635","date.arrival",TRUE,"log normal distribution outlier"
"525",2284,"32568","date.arrival",TRUE,"log normal distribution outlier"
"526",2285,"32540","date.arrival",TRUE,"log normal distribution outlier"
"527",2300,"32568","date.arrival",TRUE,"log normal distribution outlier"
"528",2304,"35886","date.arrival",TRUE,"log normal distribution outlier"
"529",2334,"33635","date.arrival",TRUE,"log normal distribution outlier"
"530",2409,"33543","date.arrival",TRUE,"log normal distribution outlier"
"531",2448,"33604","date.arrival",TRUE,"log normal distribution outlier"
"532",2452,"33756","date.arrival",TRUE,"log normal distribution outlier"
"533",2505,"32599","date.arrival",TRUE,"log normal distribution outlier"
"534",2506,"32568","date.arrival",TRUE,"log normal distribution outlier"
"535",2509,"32568","date.arrival",TRUE,"log normal distribution outlier"
"536",2511,"33725","date.arrival",TRUE,"log normal distribution outlier"
"537",2516,"34759","date.arrival",TRUE,"log normal distribution outlier"
"538",2517,"35125","date.arrival",TRUE,"log normal distribution outlier"
"539",2518,"32264","date.arrival",TRUE,"log normal distribution outlier"
"540",2527,"35125","date.arrival",TRUE,"log normal distribution outlier"
"541",2550,"35096","date.arrival",TRUE,"log normal distribution outlier"
"542",2557,"32568","date.arrival",TRUE,"log normal distribution outlier"
"543",2584,"34455","date.arrival",TRUE,"log normal distribution outlier"
"544",2586,"34790","date.arrival",TRUE,"log normal distribution outlier"
"545",2589,"33970","date.arrival",TRUE,"log normal distribution outlier"
"546",2590,"35034","date.arrival",TRUE,"log normal distribution outlier"
"547",2591,"31107","date.arrival",TRUE,"log normal distribution outlier"
"548",2593,"32933","date.arrival",TRUE,"log normal distribution outlier"
"549",2609,"32568","date.arrival",TRUE,"log normal distribution outlier"
"550",2619,"35855","date.arrival",TRUE,"log normal distribution outlier"
"551",2648,"32568","date.arrival",TRUE,"log normal distribution outlier"
"552",2657,"36251","date.arrival",TRUE,"log normal distribution outlier"
"553",2659,"31107","date.arrival",TRUE,"log normal distribution outlier"
"554",2660,"35551","date.arrival",TRUE,"log normal distribution outlier"
"555",2662,"35855","date.arrival",TRUE,"log normal distribution outlier"
"556",2666,"33635","date.arrival",TRUE,"log normal distribution outlier"
"557",2675,"35855","date.arrival",TRUE,"log normal distribution outlier"
"558",2702,"34973","date.arrival",TRUE,"log normal distribution outlier"
"559",2710,"33298","date.arrival",TRUE,"log normal distribution outlier"
"560",2721,"33635","date.arrival",TRUE,"log normal distribution outlier"
"561",2742,"35612","date.arrival",TRUE,"log normal distribution outlier"
"562",2754,"34759","date.arrival",TRUE,"log normal distribution outlier"
"563",2768,"34943","date.arrival",TRUE,"log normal distribution outlier"
"564",2769,"34366","date.arrival",TRUE,"log normal distribution outlier"
"565",2800,"34486","date.arrival",TRUE,"log normal distribution outlier"
"566",2801,"36251","date.arrival",TRUE,"log normal distribution outlier"
"567",2815,"33756","date.arrival",TRUE,"log normal distribution outlier"
"568",2851,"33635","date.arrival",TRUE,"log normal distribution outlier"
"569",2854,"33604","date.arrival",TRUE,"log normal distribution outlier"
"570",2942,"34486","date.arrival",TRUE,"log normal distribution outlier"
"571",2959,"32964","date.arrival",TRUE,"log normal distribution outlier"
"572",2970,"33025","date.arrival",TRUE,"log normal distribution outlier"
"573",3015,"32599","date.arrival",TRUE,"log normal distribution outlier"
"574",3023,"32599","date.arrival",TRUE,"log normal distribution outlier"
"575",3027,"32599","date.arrival",TRUE,"log normal distribution outlier"
"576",3037,"32660","date.arrival",TRUE,"log normal distribution outlier"
"577",3039,"34121","date.arrival",TRUE,"log normal distribution outlier"
"578",3042,"32599","date.arrival",TRUE,"log normal distribution outlier"
"579",3046,"32568","date.arrival",TRUE,"log normal distribution outlier"
"580",3051,"33725","date.arrival",TRUE,"log normal distribution outlier"
"581",3063,"34060","date.arrival",TRUE,"log normal distribution outlier"
"582",3065,"34335","date.arrival",TRUE,"log normal distribution outlier"
"583",3078,"32690","date.arrival",TRUE,"log normal distribution outlier"
"584",3079,"33695","date.arrival",TRUE,"log normal distribution outlier"
"585",3084,"35186","date.arrival",TRUE,"log normal distribution outlier"
"586",3090,"33817","date.arrival",TRUE,"log normal distribution outlier"
"587",3113,"35855","date.arrival",TRUE,"log normal distribution outlier"
"588",3116,"32568","date.arrival",TRUE,"log normal distribution outlier"
"589",3117,"35217","date.arrival",TRUE,"log normal distribution outlier"
"590",3122,"33786","date.arrival",TRUE,"log normal distribution outlier"
"591",3140,"35947","date.arrival",TRUE,"log normal distribution outlier"
"592",3179,"33420","date.arrival",TRUE,"log normal distribution outlier"
"593",3181,"33604","date.arrival",TRUE,"log normal distribution outlier"
"594",3184,"33817","date.arrival",TRUE,"log normal distribution outlier"
"595",3185,"33604","date.arrival",TRUE,"log normal distribution outlier"
"596",3194,"35582","date.arrival",TRUE,"log normal distribution outlier"
"597",3207,"33604","date.arrival",TRUE,"log normal distribution outlier"
"598",3212,"35034","date.arrival",TRUE,"log normal distribution outlier"
"599",3317,"35339","date.arrival",TRUE,"log normal distribution outlier"
"600",3340,"33573","date.arrival",TRUE,"log normal distribution outlier"
"601",3347,"34425","date.arrival",TRUE,"log normal distribution outlier"
"602",3428,"34639","date.arrival",TRUE,"log normal distribution outlier"
"603",3462,"35916","date.arrival",TRUE,"log normal distribution outlier"
"604",3582,"34851","date.arrival",TRUE,"log normal distribution outlier"
"605",3594,"34639","date.arrival",TRUE,"log normal distribution outlier"
"606",3606,"35462","date.arrival",TRUE,"log normal distribution outlier"
"607",3610,"34425","date.arrival",TRUE,"log normal distribution outlier"
"608",3611,"34455","date.arrival",TRUE,"log normal distribution outlier"
"609",3612,"35916","date.arrival",TRUE,"log normal distribution outlier"
"610",3613,"35370","date.arrival",TRUE,"log normal distribution outlier"
"611",3614,"35612","date.arrival",TRUE,"log normal distribution outlier"
"612",3620,"34639","date.arrival",TRUE,"log normal distribution outlier"
"613",3621,"34608","date.arrival",TRUE,"log normal distribution outlier"
"614",3622,"34639","date.arrival",TRUE,"log normal distribution outlier"
"615",3627,"24198","date.arrival",TRUE,"log normal distribution outlier"
"616",3628,"34335","date.arrival",TRUE,"log normal distribution outlier"
"617",3630,"34335","date.arrival",TRUE,"log normal distribution outlier"
"618",3633,"34669","date.arrival",TRUE,"log normal distribution outlier"
"619",3642,"34455","date.arrival",TRUE,"log normal distribution outlier"
"620",3658,"35065","date.arrival",TRUE,"log normal distribution outlier"
"621",3659,"35977","date.arrival",TRUE,"log normal distribution outlier"
"622",3665,"34639","date.arrival",TRUE,"log normal distribution outlier"
"623",3666,"34425","date.arrival",TRUE,"log normal distribution outlier"
"624",3673,"35674","date.arrival",TRUE,"log normal distribution outlier"
"625",4104,"35916","date.arrival",TRUE,"log normal distribution outlier"
"626",4106,"34759","date.arrival",TRUE,"log normal distribution outlier"
"627",4115,"35551","date.arrival",TRUE,"log normal distribution outlier"
"628",4123,"35827","date.arrival",TRUE,"log normal distribution outlier"
"629",4152,"35521","date.arrival",TRUE,"log normal distribution outlier"
"630",4154,"35582","date.arrival",TRUE,"log normal distribution outlier"
"631",4156,"36161","date.arrival",TRUE,"log normal distribution outlier"
"632",4161,"36161","date.arrival",TRUE,"log normal distribution outlier"
"633",4168,"35582","date.arrival",TRUE,"log normal distribution outlier"
"634",4190,"36312","date.arrival",TRUE,"log normal distribution outlier"
"635",4198,"35947","date.arrival",TRUE,"log normal distribution outlier"
"636",4200,"35947","date.arrival",TRUE,"log normal distribution outlier"
"637",5115,"36312","date.arrival",TRUE,"log normal distribution outlier"
"638",5121,"34851","date.arrival",TRUE,"log normal distribution outlier"
"639",5175,"33878","date.arrival",TRUE,"log normal distribution outlier"
"640",5560,"33359","date.arrival",TRUE,"log normal distribution outlier"
"641",5642,"35916","date.arrival",TRUE,"log normal distribution outlier"
"642",5791,"35462","date.arrival",TRUE,"log normal distribution outlier"
"643",6196,"35643","date.arrival",TRUE,"log normal distribution outlier"
"644",6624,"32933","date.arrival",TRUE,"log normal distribution outlier"
"645",6626,"32994","date.arrival",TRUE,"log normal distribution outlier"
"646",6631,"32933","date.arrival",TRUE,"log normal distribution outlier"
"647",6642,"35217","date.arrival",TRUE,"log normal distribution outlier"
"648",6648,"35735","date.arrival",TRUE,"log normal distribution outlier"
"649",6678,"32964","date.arrival",TRUE,"log normal distribution outlier"
"650",6683,"32964","date.arrival",TRUE,"log normal distribution outlier"
"651",2173,"1","months.in.settlement",TRUE,"log normal distribution outlier"
"652",2884,"1","months.in.settlement",TRUE,"log normal distribution outlier"
"653",2913,"1","months.in.settlement",TRUE,"log normal distribution outlier"
"654",3031,"1","months.in.settlement",TRUE,"log normal distribution outlier"
"655",3055,"1","months.in.settlement",TRUE,"log normal distribution outlier"
"656",3544,"1","months.in.settlement",TRUE,"log normal distribution outlier"
"657",3627,"626","months.in.settlement",TRUE,"log normal distribution outlier"
"658",4196,"1","months.in.settlement",TRUE,"log normal distribution outlier"
"659",5096,"1","months.in.settlement",TRUE,"log normal distribution outlier"
"660",5149,"1","months.in.settlement",TRUE,"log normal distribution outlier"
"661",5176,"1","months.in.settlement",TRUE,"log normal distribution outlier"
"662",5201,"1","months.in.settlement",TRUE,"log normal distribution outlier"
"663",5473,"1","months.in.settlement",TRUE,"log normal distribution outlier"
"664",5479,"1","months.in.settlement",TRUE,"log normal distribution outlier"
"665",5481,"1","months.in.settlement",TRUE,"log normal distribution outlier"
"666",5742,"1","months.in.settlement",TRUE,"log normal distribution outlier"
"667",5753,"1","months.in.settlement",TRUE,"log normal distribution outlier"
"668",5756,"1","months.in.settlement",TRUE,"log normal distribution outlier"
"669",5803,"1","months.in.settlement",TRUE,"log normal distribution outlier"
"670",5956,"1","months.in.settlement",TRUE,"log normal distribution outlier"
"671",6017,"1","months.in.settlement",TRUE,"log normal distribution outlier"
"672",6097,"1","months.in.settlement",TRUE,"log normal distribution outlier"
"673",6136,"1","months.in.settlement",TRUE,"log normal distribution outlier"
"674",6219,"1","months.in.settlement",TRUE,"log normal distribution outlier"
"675",6270,"1","months.in.settlement",TRUE,"log normal distribution outlier"
"676",6285,"1","months.in.settlement",TRUE,"log normal distribution outlier"
"677",6301,"1","months.in.settlement",TRUE,"log normal distribution outlier"
"678",6586,"1","months.in.settlement",TRUE,"log normal distribution outlier"
"679",6607,"1","months.in.settlement",TRUE,"log normal distribution outlier"
"680",593,"17","uasc.need.services",TRUE,"log normal distribution outlier"
"681",1213,"21","uasc.need.services",TRUE,"log normal distribution outlier"
"682",2722,"19","uasc.need.services",TRUE,"log normal distribution outlier"
"683",2766,"16","uasc.need.services",TRUE,"log normal distribution outlier"
"684",2795,"22","uasc.need.services",TRUE,"log normal distribution outlier"
"685",3086,"26","uasc.need.services",TRUE,"log normal distribution outlier"
"686",5980,"19","uasc.need.services",TRUE,"log normal distribution outlier"
"687",593,"12","not.family.reunion",TRUE,"log normal distribution outlier"
"688",1213,"14","not.family.reunion",TRUE,"log normal distribution outlier"
"689",2722,"16","not.family.reunion",TRUE,"log normal distribution outlier"
"690",2766,"14","not.family.reunion",TRUE,"log normal distribution outlier"
"691",2795,"17","not.family.reunion",TRUE,"log normal distribution outlier"
"692",3086,"24","not.family.reunion",TRUE,"log normal distribution outlier"
"693",5812,"13","not.family.reunion",TRUE,"log normal distribution outlier"
"694",5836,"12","not.family.reunion",TRUE,"log normal distribution outlier"
"695",5980,"19","not.family.reunion",TRUE,"log normal distribution outlier"
"696",6205,"12","not.family.reunion",TRUE,"log normal distribution outlier"
"697",6570,"12","not.family.reunion",TRUE,"log normal distribution outlier"
"698",2242,"38169","uasc.monitoring.visit.date",TRUE,"log normal distribution outlier"
"699",2351,"42036","uasc.monitoring.visit.date",TRUE,"log normal distribution outlier"
"700",2712,"41671","uasc.monitoring.visit.date",TRUE,"log normal distribution outlier"
"701",2929,"41730","uasc.monitoring.visit.date",TRUE,"log normal distribution outlier"
"702",2938,"41730","uasc.monitoring.visit.date",TRUE,"log normal distribution outlier"
"703",2948,"42064","uasc.monitoring.visit.date",TRUE,"log normal distribution outlier"
"704",3021,"41609","uasc.monitoring.visit.date",TRUE,"log normal distribution outlier"
"705",3571,"41821","uasc.monitoring.visit.date",TRUE,"log normal distribution outlier"
"706",6623,"41640","uasc.monitoring.visit.date",TRUE,"log normal distribution outlier"
"707",2242,"166","uasc.months.since.monitor",TRUE,"log normal distribution outlier"
"708",672,"21","containers",TRUE,"log normal distribution outlier"
"709",754,"22","containers",TRUE,"log normal distribution outlier"
"710",765,"20","containers",TRUE,"log normal distribution outlier"
"711",1525,"20","containers",TRUE,"log normal distribution outlier"
"712",1633,"20","containers",TRUE,"log normal distribution outlier"
"713",1673,"20","containers",TRUE,"log normal distribution outlier"
"714",4742,"20","containers",TRUE,"log normal distribution outlier"
"715",5072,"20","containers",TRUE,"log normal distribution outlier"
"716",6435,"20","containers",TRUE,"log normal distribution outlier"
"717",227,"10","water.total",TRUE,"log normal distribution outlier"
"718",419,"900","water.total",TRUE,"log normal distribution outlier"
"719",439,"860","water.total",TRUE,"log normal distribution outlier"
"720",670,"15","water.total",TRUE,"log normal distribution outlier"
"721",693,"10","water.total",TRUE,"log normal distribution outlier"
"722",1003,"840","water.total",TRUE,"log normal distribution outlier"
"723",1217,"800","water.total",TRUE,"log normal distribution outlier"
"724",1219,"800","water.total",TRUE,"log normal distribution outlier"
"725",1221,"920","water.total",TRUE,"log normal distribution outlier"
"726",1224,"800","water.total",TRUE,"log normal distribution outlier"
"727",1232,"1720","water.total",TRUE,"log normal distribution outlier"
"728",1429,"820","water.total",TRUE,"log normal distribution outlier"
"729",1916,"10","water.total",TRUE,"log normal distribution outlier"
"730",2722,"960","water.total",TRUE,"log normal distribution outlier"
"731",3296,"800","water.total",TRUE,"log normal distribution outlier"
"732",3297,"1800","water.total",TRUE,"log normal distribution outlier"
"733",3355,"15","water.total",TRUE,"log normal distribution outlier"
"734",3370,"15","water.total",TRUE,"log normal distribution outlier"
"735",3482,"10","water.total",TRUE,"log normal distribution outlier"
"736",3520,"15","water.total",TRUE,"log normal distribution outlier"
"737",3712,"840","water.total",TRUE,"log normal distribution outlier"
"738",3763,"10","water.total",TRUE,"log normal distribution outlier"
"739",3804,"1280","water.total",TRUE,"log normal distribution outlier"
"740",3963,"800","water.total",TRUE,"log normal distribution outlier"
"741",4076,"15","water.total",TRUE,"log normal distribution outlier"
"742",4117,"10","water.total",TRUE,"log normal distribution outlier"
"743",4184,"15","water.total",TRUE,"log normal distribution outlier"
"744",4219,"1100","water.total",TRUE,"log normal distribution outlier"
"745",4234,"1820","water.total",TRUE,"log normal distribution outlier"
"746",4240,"6","water.total",TRUE,"log normal distribution outlier"
"747",4276,"13","water.total",TRUE,"log normal distribution outlier"
"748",4292,"10","water.total",TRUE,"log normal distribution outlier"
"749",5413,"5","water.total",TRUE,"log normal distribution outlier"
"750",5436,"12","water.total",TRUE,"log normal distribution outlier"
"751",5485,"3860","water.total",TRUE,"log normal distribution outlier"
"752",6088,"12","water.total",TRUE,"log normal distribution outlier"
"753",6329,"2","water.total",TRUE,"log normal distribution outlier"
"754",6330,"6","water.total",TRUE,"log normal distribution outlier"
"755",6341,"10","water.total",TRUE,"log normal distribution outlier"
"756",6343,"2","water.total",TRUE,"log normal distribution outlier"
"757",6345,"2","water.total",TRUE,"log normal distribution outlier"
"758",6346,"15","water.total",TRUE,"log normal distribution outlier"
"759",6435,"800","water.total",TRUE,"log normal distribution outlier"
"760",6581,"2","water.total",TRUE,"log normal distribution outlier"
"761",6587,"10","water.total",TRUE,"log normal distribution outlier"
"762",6657,"3","water.total",TRUE,"log normal distribution outlier"
"763",672,"21","loop.position.count",TRUE,"log normal distribution outlier"
"764",754,"22","loop.position.count",TRUE,"log normal distribution outlier"
"765",765,"20","loop.position.count",TRUE,"log normal distribution outlier"
"766",1525,"20","loop.position.count",TRUE,"log normal distribution outlier"
"767",1633,"20","loop.position.count",TRUE,"log normal distribution outlier"
"768",1673,"20","loop.position.count",TRUE,"log normal distribution outlier"
"769",4742,"20","loop.position.count",TRUE,"log normal distribution outlier"
"770",5072,"20","loop.position.count",TRUE,"log normal distribution outlier"
"771",6435,"20","loop.position.count",TRUE,"log normal distribution outlier"
"772",821,"12","water.days.last",TRUE,"normal distribution outlier"
"773",889,"10","water.days.last",TRUE,"normal distribution outlier"
"774",1009,"12","water.days.last",TRUE,"normal distribution outlier"
"775",2048,"8","water.days.last",TRUE,"normal distribution outlier"
"776",3712,"14","water.days.last",TRUE,"normal distribution outlier"
"777",3855,"8","water.days.last",TRUE,"normal distribution outlier"
"778",5122,"80","water.days.last",TRUE,"normal distribution outlier"
"779",5123,"120","water.days.last",TRUE,"normal distribution outlier"
"780",5438,"40","water.days.last",TRUE,"normal distribution outlier"
"781",5492,"20","water.days.last",TRUE,"normal distribution outlier"
"782",143,"2.333333333","water.pppd",TRUE,"log normal distribution outlier"
"783",439,"95.55555556","water.pppd",TRUE,"log normal distribution outlier"
"784",821,"2.222222222","water.pppd",TRUE,"log normal distribution outlier"
"785",846,"100","water.pppd",TRUE,"log normal distribution outlier"
"786",857,"85.71428571","water.pppd",TRUE,"log normal distribution outlier"
"787",860,"420","water.pppd",TRUE,"log normal distribution outlier"
"788",862,"100","water.pppd",TRUE,"log normal distribution outlier"
"789",882,"175","water.pppd",TRUE,"log normal distribution outlier"
"790",913,"140","water.pppd",TRUE,"log normal distribution outlier"
"791",981,"115","water.pppd",TRUE,"log normal distribution outlier"
"792",999,"2.448979592","water.pppd",TRUE,"log normal distribution outlier"
"793",1003,"140","water.pppd",TRUE,"log normal distribution outlier"
"794",1009,"2.5","water.pppd",TRUE,"log normal distribution outlier"
"795",1063,"2.5","water.pppd",TRUE,"log normal distribution outlier"
"796",1064,"2.5","water.pppd",TRUE,"log normal distribution outlier"
"797",1143,"2.5","water.pppd",TRUE,"log normal distribution outlier"
"798",1387,"2.142857143","water.pppd",TRUE,"log normal distribution outlier"
"799",1916,"2.5","water.pppd",TRUE,"log normal distribution outlier"
"800",2120,"2.063492063","water.pppd",TRUE,"log normal distribution outlier"
"801",2573,"100","water.pppd",TRUE,"log normal distribution outlier"
"802",2577,"0.5","water.pppd",TRUE,"log normal distribution outlier"
"803",2655,"120","water.pppd",TRUE,"log normal distribution outlier"
"804",2748,"2.142857143","water.pppd",TRUE,"log normal distribution outlier"
"805",3165,"90","water.pppd",TRUE,"log normal distribution outlier"
"806",3277,"2.222222222","water.pppd",TRUE,"log normal distribution outlier"
"807",3299,"2.272727273","water.pppd",TRUE,"log normal distribution outlier"
"808",3308,"2.5","water.pppd",TRUE,"log normal distribution outlier"
"809",3455,"2.222222222","water.pppd",TRUE,"log normal distribution outlier"
"810",3461,"2","water.pppd",TRUE,"log normal distribution outlier"
"811",3483,"2.5","water.pppd",TRUE,"log normal distribution outlier"
"812",3541,"2.222222222","water.pppd",TRUE,"log normal distribution outlier"
"813",3574,"2.142857143","water.pppd",TRUE,"log normal distribution outlier"
"814",4154,"140","water.pppd",TRUE,"log normal distribution outlier"
"815",4234,"202.2222222","water.pppd",TRUE,"log normal distribution outlier"
"816",4240,"1.2","water.pppd",TRUE,"log normal distribution outlier"
"817",4246,"2.222222222","water.pppd",TRUE,"log normal distribution outlier"
"818",4253,"1.111111111","water.pppd",TRUE,"log normal distribution outlier"
"819",4263,"2","water.pppd",TRUE,"log normal distribution outlier"
"820",4318,"1.648351648","water.pppd",TRUE,"log normal distribution outlier"
"821",4372,"2","water.pppd",TRUE,"log normal distribution outlier"
"822",4381,"105","water.pppd",TRUE,"log normal distribution outlier"
"823",4427,"1.19047619","water.pppd",TRUE,"log normal distribution outlier"
"824",4488,"2.222222222","water.pppd",TRUE,"log normal distribution outlier"
"825",4714,"100","water.pppd",TRUE,"log normal distribution outlier"
"826",5122,"0.083333333","water.pppd",TRUE,"log normal distribution outlier"
"827",5123,"0.047619048","water.pppd",TRUE,"log normal distribution outlier"
"828",5124,"0.952380952","water.pppd",TRUE,"log normal distribution outlier"
"829",5205,"1","water.pppd",TRUE,"log normal distribution outlier"
"830",5209,"1.428571429","water.pppd",TRUE,"log normal distribution outlier"
"831",5220,"2.5","water.pppd",TRUE,"log normal distribution outlier"
"832",5433,"1.587301587","water.pppd",TRUE,"log normal distribution outlier"
"833",5436,"2","water.pppd",TRUE,"log normal distribution outlier"
"834",5438,"0.1","water.pppd",TRUE,"log normal distribution outlier"
"835",5452,"150","water.pppd",TRUE,"log normal distribution outlier"
"836",5453,"0.761904762","water.pppd",TRUE,"log normal distribution outlier"
"837",5454,"1.80952381","water.pppd",TRUE,"log normal distribution outlier"
"838",5455,"0.80952381","water.pppd",TRUE,"log normal distribution outlier"
"839",5456,"0.964285714","water.pppd",TRUE,"log normal distribution outlier"
"840",5457,"1.095238095","water.pppd",TRUE,"log normal distribution outlier"
"841",5458,"1.178571429","water.pppd",TRUE,"log normal distribution outlier"
"842",5460,"2.028571429","water.pppd",TRUE,"log normal distribution outlier"
"843",5461,"2.238095238","water.pppd",TRUE,"log normal distribution outlier"
"844",5487,"2.380952381","water.pppd",TRUE,"log normal distribution outlier"
"845",5492,"1","water.pppd",TRUE,"log normal distribution outlier"
"846",5526,"120","water.pppd",TRUE,"log normal distribution outlier"
"847",6202,"2.380952381","water.pppd",TRUE,"log normal distribution outlier"
"848",6329,"0.4","water.pppd",TRUE,"log normal distribution outlier"
"849",6330,"2","water.pppd",TRUE,"log normal distribution outlier"
"850",6341,"2","water.pppd",TRUE,"log normal distribution outlier"
"851",6343,"0.2","water.pppd",TRUE,"log normal distribution outlier"
"852",6345,"0.166666667","water.pppd",TRUE,"log normal distribution outlier"
"853",6346,"2.5","water.pppd",TRUE,"log normal distribution outlier"
"854",6581,"0.023809524","water.pppd",TRUE,"log normal distribution outlier"
"855",6586,"2.5","water.pppd",TRUE,"log normal distribution outlier"
"856",6587,"0.181818182","water.pppd",TRUE,"log normal distribution outlier"
"857",6592,"2.25","water.pppd",TRUE,"log normal distribution outlier"
"858",6629,"2.4","water.pppd",TRUE,"log normal distribution outlier"
"859",6657,"0.6","water.pppd",TRUE,"log normal distribution outlier"
"860",6785,"0.714285714","water.pppd",TRUE,"log normal distribution outlier"
"861",1698,"10","latrine.share",TRUE,"normal distribution outlier"
"862",4218,"12","latrine.share",TRUE,"normal distribution outlier"
"863",5150,"10","latrine.share",TRUE,"normal distribution outlier"
"864",5152,"15","latrine.share",TRUE,"normal distribution outlier"
"865",5203,"10","latrine.share",TRUE,"normal distribution outlier"
"866",5204,"10","latrine.share",TRUE,"normal distribution outlier"
"867",5207,"16","latrine.share",TRUE,"normal distribution outlier"
"868",5595,"10","latrine.share",TRUE,"normal distribution outlier"
"869",6281,"19","latrine.share",TRUE,"normal distribution outlier"
"870",6288,"10","latrine.share",TRUE,"normal distribution outlier"
"871",6581,"12","latrine.share",TRUE,"normal distribution outlier"
"872",585,"5","hh.member.earning.number",TRUE,"normal distribution outlier"
"873",619,"5","hh.member.earning.number",TRUE,"normal distribution outlier"
"874",628,"6","hh.member.earning.number",TRUE,"normal distribution outlier"
"875",630,"6","hh.member.earning.number",TRUE,"normal distribution outlier"
"876",652,"5","hh.member.earning.number",TRUE,"normal distribution outlier"
"877",662,"5","hh.member.earning.number",TRUE,"normal distribution outlier"
"878",678,"5","hh.member.earning.number",TRUE,"normal distribution outlier"
"879",684,"10","hh.member.earning.number",TRUE,"normal distribution outlier"
"880",740,"5","hh.member.earning.number",TRUE,"normal distribution outlier"
"881",1492,"9","hh.member.earning.number",TRUE,"normal distribution outlier"
"882",1633,"5","hh.member.earning.number",TRUE,"normal distribution outlier"
"883",1687,"8","hh.member.earning.number",TRUE,"normal distribution outlier"
"884",1703,"6","hh.member.earning.number",TRUE,"normal distribution outlier"
"885",1807,"5","hh.member.earning.number",TRUE,"normal distribution outlier"
"886",1827,"10","hh.member.earning.number",TRUE,"normal distribution outlier"
"887",1861,"5","hh.member.earning.number",TRUE,"normal distribution outlier"
"888",1866,"5","hh.member.earning.number",TRUE,"normal distribution outlier"
"889",1879,"6","hh.member.earning.number",TRUE,"normal distribution outlier"
"890",2672,"5","hh.member.earning.number",TRUE,"normal distribution outlier"
"891",2712,"10","hh.member.earning.number",TRUE,"normal distribution outlier"
"892",2838,"6","hh.member.earning.number",TRUE,"normal distribution outlier"
"893",3020,"7","hh.member.earning.number",TRUE,"normal distribution outlier"
"894",3064,"6","hh.member.earning.number",TRUE,"normal distribution outlier"
"895",3296,"5","hh.member.earning.number",TRUE,"normal distribution outlier"
"896",3534,"6","hh.member.earning.number",TRUE,"normal distribution outlier"
"897",4169,"7","hh.member.earning.number",TRUE,"normal distribution outlier"
"898",4171,"7","hh.member.earning.number",TRUE,"normal distribution outlier"
"899",4179,"5","hh.member.earning.number",TRUE,"normal distribution outlier"
"900",4197,"10","hh.member.earning.number",TRUE,"normal distribution outlier"
"901",4219,"9","hh.member.earning.number",TRUE,"normal distribution outlier"
"902",4253,"6","hh.member.earning.number",TRUE,"normal distribution outlier"
"903",4255,"5","hh.member.earning.number",TRUE,"normal distribution outlier"
"904",4341,"6","hh.member.earning.number",TRUE,"normal distribution outlier"
"905",4370,"5","hh.member.earning.number",TRUE,"normal distribution outlier"
"906",4372,"5","hh.member.earning.number",TRUE,"normal distribution outlier"
"907",4373,"5","hh.member.earning.number",TRUE,"normal distribution outlier"
"908",4397,"5","hh.member.earning.number",TRUE,"normal distribution outlier"
"909",4464,"5","hh.member.earning.number",TRUE,"normal distribution outlier"
"910",4609,"8","hh.member.earning.number",TRUE,"normal distribution outlier"
"911",4680,"5","hh.member.earning.number",TRUE,"normal distribution outlier"
"912",4708,"6","hh.member.earning.number",TRUE,"normal distribution outlier"
"913",5245,"5","hh.member.earning.number",TRUE,"normal distribution outlier"
"914",5308,"11","hh.member.earning.number",TRUE,"normal distribution outlier"
"915",5319,"5","hh.member.earning.number",TRUE,"normal distribution outlier"
"916",5323,"6","hh.member.earning.number",TRUE,"normal distribution outlier"
"917",5416,"7","hh.member.earning.number",TRUE,"normal distribution outlier"
"918",5429,"6","hh.member.earning.number",TRUE,"normal distribution outlier"
"919",6314,"5","hh.member.earning.number",TRUE,"normal distribution outlier"
"920",6331,"6","hh.member.earning.number",TRUE,"normal distribution outlier"
"921",6333,"8","hh.member.earning.number",TRUE,"normal distribution outlier"
"922",6336,"8","hh.member.earning.number",TRUE,"normal distribution outlier"
"923",6347,"5","hh.member.earning.number",TRUE,"normal distribution outlier"
"924",6351,"10","hh.member.earning.number",TRUE,"normal distribution outlier"
"925",6352,"10","hh.member.earning.number",TRUE,"normal distribution outlier"
"926",6616,"5","hh.member.earning.number",TRUE,"normal distribution outlier"
"927",6645,"5","hh.member.earning.number",TRUE,"normal distribution outlier"
"928",6772,"9","hh.member.earning.number",TRUE,"normal distribution outlier"
"929",6773,"10","hh.member.earning.number",TRUE,"normal distribution outlier"
"930",6774,"8","hh.member.earning.number",TRUE,"normal distribution outlier"
"931",6775,"7","hh.member.earning.number",TRUE,"normal distribution outlier"
"932",6791,"5","hh.member.earning.number",TRUE,"normal distribution outlier"
"933",2300,"42339","food.distributions.date",TRUE,"log normal distribution outlier"
"934",2455,"41640","food.distributions.date",TRUE,"log normal distribution outlier"
"935",2458,"41760","food.distributions.date",TRUE,"log normal distribution outlier"
"936",2465,"41699","food.distributions.date",TRUE,"log normal distribution outlier"
"937",2478,"42522","food.distributions.date",TRUE,"log normal distribution outlier"
"938",2561,"42461","food.distributions.date",TRUE,"log normal distribution outlier"
"939",2743,"39569","food.distributions.date",TRUE,"log normal distribution outlier"
"940",4939,"42522","food.distributions.date",TRUE,"log normal distribution outlier"
"941",5026,"42491","food.distributions.date",TRUE,"log normal distribution outlier"
"942",5143,"42156","food.distributions.date",TRUE,"log normal distribution outlier"
"943",5165,"42401","food.distributions.date",TRUE,"log normal distribution outlier"
"944",5187,"39600","food.distributions.date",TRUE,"log normal distribution outlier"
"945",5196,"40269","food.distributions.date",TRUE,"log normal distribution outlier"
"946",5198,"41426","food.distributions.date",TRUE,"log normal distribution outlier"
"947",5861,"42461","food.distributions.date",TRUE,"log normal distribution outlier"
"948",5961,"42461","food.distributions.date",TRUE,"log normal distribution outlier"
"949",6021,"42461","food.distributions.date",TRUE,"log normal distribution outlier"
"950",6173,"42491","food.distributions.date",TRUE,"log normal distribution outlier"
"951",6678,"33970","food.distributions.date",TRUE,"log normal distribution outlier"
"952",912,"6666","health.needs.when",TRUE,"log normal distribution outlier"
"953",1556,"39661","health.needs.when",TRUE,"log normal distribution outlier"
"954",687,"9","skin",TRUE,"log normal distribution outlier"
"955",1369,"6","skin",TRUE,"log normal distribution outlier"
"956",1854,"9","skin",TRUE,"log normal distribution outlier"
"957",2192,"5","skin",TRUE,"log normal distribution outlier"
"958",4139,"5","skin",TRUE,"log normal distribution outlier"
"959",4506,"5","skin",TRUE,"log normal distribution outlier"
"960",4686,"10","skin",TRUE,"log normal distribution outlier"
"961",5066,"5","skin",TRUE,"log normal distribution outlier"
"962",5135,"5","skin",TRUE,"log normal distribution outlier"
"963",5245,"5","skin",TRUE,"log normal distribution outlier"
"964",5246,"11","skin",TRUE,"log normal distribution outlier"
"965",5266,"5","skin",TRUE,"log normal distribution outlier"
"966",6080,"5","skin",TRUE,"log normal distribution outlier"
"967",6147,"5","skin",TRUE,"log normal distribution outlier"
"968",6167,"8","skin",TRUE,"log normal distribution outlier"
"969",6296,"5","skin",TRUE,"log normal distribution outlier"
"970",6354,"7","skin",TRUE,"log normal distribution outlier"
"971",6364,"7","skin",TRUE,"log normal distribution outlier"
"972",6365,"8","skin",TRUE,"log normal distribution outlier"
"973",6366,"8","skin",TRUE,"log normal distribution outlier"
"974",6373,"5","skin",TRUE,"log normal distribution outlier"
"975",6374,"5","skin",TRUE,"log normal distribution outlier"
"976",6375,"6","skin",TRUE,"log normal distribution outlier"
"977",6376,"8","skin",TRUE,"log normal distribution outlier"
"978",6473,"5","skin",TRUE,"log normal distribution outlier"
"979",6773,"10","skin",TRUE,"log normal distribution outlier"
"980",154,"10","malaria",TRUE,"log normal distribution outlier"
"981",4111,"9","malaria",TRUE,"log normal distribution outlier"
"982",4139,"9","malaria",TRUE,"log normal distribution outlier"
"983",4165,"9","malaria",TRUE,"log normal distribution outlier"
"984",4255,"11","malaria",TRUE,"log normal distribution outlier"
"985",4449,"8","malaria",TRUE,"log normal distribution outlier"
"986",4935,"8","malaria",TRUE,"log normal distribution outlier"
"987",5220,"8","malaria",TRUE,"log normal distribution outlier"
"988",6142,"8","malaria",TRUE,"log normal distribution outlier"
"989",6366,"8","malaria",TRUE,"log normal distribution outlier"
"990",6499,"10","malaria",TRUE,"log normal distribution outlier"
"991",6679,"12","malaria",TRUE,"log normal distribution outlier"
"992",296,"8","vitamin.supplement.number",TRUE,"log normal distribution outlier"
"993",1418,"7","vitamin.supplement.number",TRUE,"log normal distribution outlier"
"994",1782,"8","vitamin.supplement.number",TRUE,"log normal distribution outlier"
"995",1789,"7","vitamin.supplement.number",TRUE,"log normal distribution outlier"
"996",1793,"9","vitamin.supplement.number",TRUE,"log normal distribution outlier"
"997",1820,"6","vitamin.supplement.number",TRUE,"log normal distribution outlier"
"998",1846,"7","vitamin.supplement.number",TRUE,"log normal distribution outlier"
"999",1854,"9","vitamin.supplement.number",TRUE,"log normal distribution outlier"
"1000",1889,"6","vitamin.supplement.number",TRUE,"log normal distribution outlier"
"1001",2254,"15","vitamin.supplement.number",TRUE,"log normal distribution outlier"
"1002",2648,"6","vitamin.supplement.number",TRUE,"log normal distribution outlier"
"1003",2672,"6","vitamin.supplement.number",TRUE,"log normal distribution outlier"
"1004",2712,"6","vitamin.supplement.number",TRUE,"log normal distribution outlier"
"1005",2713,"6","vitamin.supplement.number",TRUE,"log normal distribution outlier"
"1006",2795,"12","vitamin.supplement.number",TRUE,"log normal distribution outlier"
"1007",2802,"6","vitamin.supplement.number",TRUE,"log normal distribution outlier"
"1008",4331,"7","vitamin.supplement.number",TRUE,"log normal distribution outlier"
"1009",4362,"7","vitamin.supplement.number",TRUE,"log normal distribution outlier"
"1010",4368,"6","vitamin.supplement.number",TRUE,"log normal distribution outlier"
"1011",4429,"6","vitamin.supplement.number",TRUE,"log normal distribution outlier"
"1012",4803,"6","vitamin.supplement.number",TRUE,"log normal distribution outlier"
"1013",6029,"7","vitamin.supplement.number",TRUE,"log normal distribution outlier"
"1014",6435,"7","vitamin.supplement.number",TRUE,"log normal distribution outlier"
"1015",4059,"33","sleeping.under.nets",TRUE,"log normal distribution outlier"
"1016",6435,"38","sleeping.under.nets",TRUE,"log normal distribution outlier"
"1017",672,"19","access.to.jerry.can",TRUE,"log normal distribution outlier"
"1018",1525,"20","access.to.jerry.can",TRUE,"log normal distribution outlier"
"1019",1633,"20","access.to.jerry.can",TRUE,"log normal distribution outlier"
"1020",1657,"20","access.to.jerry.can",TRUE,"log normal distribution outlier"
"1021",1673,"20","access.to.jerry.can",TRUE,"log normal distribution outlier"
"1022",1773,"20","access.to.jerry.can",TRUE,"log normal distribution outlier"
"1023",2799,"20","access.to.jerry.can",TRUE,"log normal distribution outlier"
"1024",3229,"20","access.to.jerry.can",TRUE,"log normal distribution outlier"
"1025",4742,"20","access.to.jerry.can",TRUE,"log normal distribution outlier"
"1026",5072,"20","access.to.jerry.can",TRUE,"log normal distribution outlier"
"1027",6435,"20","access.to.jerry.can",TRUE,"log normal distribution outlier"
"1028",5310,"15","access.to.pots",TRUE,"log normal distribution outlier"
"1029",5421,"15","access.to.pots",TRUE,"log normal distribution outlier"
"1030",6386,"16","access.to.pots",TRUE,"log normal distribution outlier"
"1031",6609,"14","access.to.pots",TRUE,"log normal distribution outlier"
"1032",176,"13","access.to.sleeping.mats",TRUE,"log normal distribution outlier"
"1033",1010,"12","access.to.sleeping.mats",TRUE,"log normal distribution outlier"
"1034",1202,"14","access.to.sleeping.mats",TRUE,"log normal distribution outlier"
"1035",1225,"14","access.to.sleeping.mats",TRUE,"log normal distribution outlier"
"1036",1240,"12","access.to.sleeping.mats",TRUE,"log normal distribution outlier"
"1037",1505,"16","access.to.sleeping.mats",TRUE,"log normal distribution outlier"
"1038",1879,"18","access.to.sleeping.mats",TRUE,"log normal distribution outlier"
"1039",2152,"13","access.to.sleeping.mats",TRUE,"log normal distribution outlier"
"1040",3743,"12","access.to.sleeping.mats",TRUE,"log normal distribution outlier"
"1041",5072,"12","access.to.sleeping.mats",TRUE,"log normal distribution outlier"
"1042",5613,"16","access.to.sleeping.mats",TRUE,"log normal distribution outlier"
"1043",5622,"16","access.to.sleeping.mats",TRUE,"log normal distribution outlier"
"1044",5626,"14","access.to.sleeping.mats",TRUE,"log normal distribution outlier"
"1045",5644,"15","access.to.sleeping.mats",TRUE,"log normal distribution outlier"
"1046",5703,"19","access.to.sleeping.mats",TRUE,"log normal distribution outlier"
"1047",5712,"18","access.to.sleeping.mats",TRUE,"log normal distribution outlier"
"1048",5722,"13","access.to.sleeping.mats",TRUE,"log normal distribution outlier"
"1049",5737,"14","access.to.sleeping.mats",TRUE,"log normal distribution outlier"
"1050",5759,"16","access.to.sleeping.mats",TRUE,"log normal distribution outlier"
"1051",5973,"12","access.to.sleeping.mats",TRUE,"log normal distribution outlier"
"1052",6158,"12","access.to.sleeping.mats",TRUE,"log normal distribution outlier"
"1053",6315,"12","access.to.sleeping.mats",TRUE,"log normal distribution outlier"
"1054",6326,"12","access.to.sleeping.mats",TRUE,"log normal distribution outlier"
"1055",6595,"12","access.to.sleeping.mats",TRUE,"log normal distribution outlier"
"1056",1641,"14","access.to.mattress",TRUE,"log normal distribution outlier"
"1057",1657,"15","access.to.mattress",TRUE,"log normal distribution outlier"
"1058",1912,"15","access.to.mattress",TRUE,"log normal distribution outlier"
"1059",1930,"17","access.to.mattress",TRUE,"log normal distribution outlier"
"1060",3277,"12","access.to.mattress",TRUE,"log normal distribution outlier"
"1061",4065,"20","access.to.mattress",TRUE,"log normal distribution outlier"
"1062",4742,"12","access.to.mattress",TRUE,"log normal distribution outlier"
"1063",5245,"13","access.to.mattress",TRUE,"log normal distribution outlier"
"1064",6367,"12","access.to.mattress",TRUE,"log normal distribution outlier"
"1065",1879,"27","access.to.sleeping.all",TRUE,"log normal distribution outlier"
"1066",1930,"22","access.to.sleeping.all",TRUE,"log normal distribution outlier"
"1067",4065,"23","access.to.sleeping.all",TRUE,"log normal distribution outlier"
"1068",1050,"5","access.to.tarpaulin",TRUE,"log normal distribution outlier"
"1069",1163,"5","access.to.tarpaulin",TRUE,"log normal distribution outlier"
"1070",1373,"5","access.to.tarpaulin",TRUE,"log normal distribution outlier"
"1071",1378,"5","access.to.tarpaulin",TRUE,"log normal distribution outlier"
"1072",1379,"5","access.to.tarpaulin",TRUE,"log normal distribution outlier"
"1073",1383,"5","access.to.tarpaulin",TRUE,"log normal distribution outlier"
"1074",1384,"5","access.to.tarpaulin",TRUE,"log normal distribution outlier"
"1075",1386,"8","access.to.tarpaulin",TRUE,"log normal distribution outlier"
"1076",3261,"5","access.to.tarpaulin",TRUE,"log normal distribution outlier"
"1077",3262,"8","access.to.tarpaulin",TRUE,"log normal distribution outlier"
"1078",3263,"8","access.to.tarpaulin",TRUE,"log normal distribution outlier"
"1079",3264,"6","access.to.tarpaulin",TRUE,"log normal distribution outlier"
"1080",3265,"9","access.to.tarpaulin",TRUE,"log normal distribution outlier"
"1081",3266,"15","access.to.tarpaulin",TRUE,"log normal distribution outlier"
"1082",3267,"14","access.to.tarpaulin",TRUE,"log normal distribution outlier"
"1083",3268,"16","access.to.tarpaulin",TRUE,"log normal distribution outlier"
"1084",3334,"5","access.to.tarpaulin",TRUE,"log normal distribution outlier"
"1085",4323,"7","access.to.tarpaulin",TRUE,"log normal distribution outlier"
"1086",4342,"5","access.to.tarpaulin",TRUE,"log normal distribution outlier"
"1087",4688,"6","access.to.tarpaulin",TRUE,"log normal distribution outlier"
"1088",4846,"6","access.to.tarpaulin",TRUE,"log normal distribution outlier"
"1089",4855,"5","access.to.tarpaulin",TRUE,"log normal distribution outlier"
"1090",4935,"5","access.to.tarpaulin",TRUE,"log normal distribution outlier"
"1091",5116,"5","access.to.tarpaulin",TRUE,"log normal distribution outlier"
"1092",5117,"5","access.to.tarpaulin",TRUE,"log normal distribution outlier"
"1093",5258,"5","access.to.tarpaulin",TRUE,"log normal distribution outlier"
"1094",5267,"5","access.to.tarpaulin",TRUE,"log normal distribution outlier"
"1095",5273,"9","access.to.tarpaulin",TRUE,"log normal distribution outlier"
"1096",5320,"5","access.to.tarpaulin",TRUE,"log normal distribution outlier"
"1097",5400,"5","access.to.tarpaulin",TRUE,"log normal distribution outlier"
"1098",5421,"6","access.to.tarpaulin",TRUE,"log normal distribution outlier"
"1099",5424,"5","access.to.tarpaulin",TRUE,"log normal distribution outlier"
"1100",5490,"10","access.to.tarpaulin",TRUE,"log normal distribution outlier"
"1101",5492,"5","access.to.tarpaulin",TRUE,"log normal distribution outlier"
"1102",5494,"7","access.to.tarpaulin",TRUE,"log normal distribution outlier"
"1103",5496,"5","access.to.tarpaulin",TRUE,"log normal distribution outlier"
"1104",5498,"6","access.to.tarpaulin",TRUE,"log normal distribution outlier"
"1105",5703,"6","access.to.tarpaulin",TRUE,"log normal distribution outlier"
"1106",5784,"5","access.to.tarpaulin",TRUE,"log normal distribution outlier"
"1107",5877,"5","access.to.tarpaulin",TRUE,"log normal distribution outlier"
"1108",6608,"5","access.to.tarpaulin",TRUE,"log normal distribution outlier"
"1109",6661,"5","access.to.tarpaulin",TRUE,"log normal distribution outlier"
"1110",6772,"6","access.to.tarpaulin",TRUE,"log normal distribution outlier"
"1111",34,"6","access.to.torches",TRUE,"log normal distribution outlier"
"1112",53,"6","access.to.torches",TRUE,"log normal distribution outlier"
"1113",134,"12","access.to.torches",TRUE,"log normal distribution outlier"
"1114",146,"6","access.to.torches",TRUE,"log normal distribution outlier"
"1115",156,"6","access.to.torches",TRUE,"log normal distribution outlier"
"1116",661,"6","access.to.torches",TRUE,"log normal distribution outlier"
"1117",1270,"7","access.to.torches",TRUE,"log normal distribution outlier"
"1118",1363,"6","access.to.torches",TRUE,"log normal distribution outlier"
"1119",1393,"6","access.to.torches",TRUE,"log normal distribution outlier"
"1120",1396,"9","access.to.torches",TRUE,"log normal distribution outlier"
"1121",1610,"14","access.to.torches",TRUE,"log normal distribution outlier"
"1122",1633,"6","access.to.torches",TRUE,"log normal distribution outlier"
"1123",1641,"7","access.to.torches",TRUE,"log normal distribution outlier"
"1124",1743,"6","access.to.torches",TRUE,"log normal distribution outlier"
"1125",1879,"9","access.to.torches",TRUE,"log normal distribution outlier"
"1126",1930,"13","access.to.torches",TRUE,"log normal distribution outlier"
"1127",3086,"6","access.to.torches",TRUE,"log normal distribution outlier"
"1128",3276,"6","access.to.torches",TRUE,"log normal distribution outlier"
"1129",3433,"7","access.to.torches",TRUE,"log normal distribution outlier"
"1130",3552,"7","access.to.torches",TRUE,"log normal distribution outlier"
"1131",4718,"6","access.to.torches",TRUE,"log normal distribution outlier"
"1132",4732,"8","access.to.torches",TRUE,"log normal distribution outlier"
"1133",4743,"9","access.to.torches",TRUE,"log normal distribution outlier"
"1134",5290,"7","access.to.torches",TRUE,"log normal distribution outlier"
"1135",5300,"6","access.to.torches",TRUE,"log normal distribution outlier"
"1136",5403,"6","access.to.torches",TRUE,"log normal distribution outlier"
"1137",6083,"7","access.to.torches",TRUE,"log normal distribution outlier"
"1138",6088,"8","access.to.torches",TRUE,"log normal distribution outlier"
"1139",6229,"7","access.to.torches",TRUE,"log normal distribution outlier"
"1140",6352,"6","access.to.torches",TRUE,"log normal distribution outlier"
"1141",6515,"6","access.to.torches",TRUE,"log normal distribution outlier"
"1142",6672,"6","access.to.torches",TRUE,"log normal distribution outlier"
"1143",3,"4","family.number.plot",TRUE,"normal distribution outlier"
"1144",42,"4","family.number.plot",TRUE,"normal distribution outlier"
"1145",48,"4","family.number.plot",TRUE,"normal distribution outlier"
"1146",71,"4","family.number.plot",TRUE,"normal distribution outlier"
"1147",78,"6","family.number.plot",TRUE,"normal distribution outlier"
"1148",181,"4","family.number.plot",TRUE,"normal distribution outlier"
"1149",183,"4","family.number.plot",TRUE,"normal distribution outlier"
"1150",205,"4","family.number.plot",TRUE,"normal distribution outlier"
"1151",309,"8","family.number.plot",TRUE,"normal distribution outlier"
"1152",331,"10","family.number.plot",TRUE,"normal distribution outlier"
"1153",334,"6","family.number.plot",TRUE,"normal distribution outlier"
"1154",335,"10","family.number.plot",TRUE,"normal distribution outlier"
"1155",389,"4","family.number.plot",TRUE,"normal distribution outlier"
"1156",421,"6","family.number.plot",TRUE,"normal distribution outlier"
"1157",433,"5","family.number.plot",TRUE,"normal distribution outlier"
"1158",436,"4","family.number.plot",TRUE,"normal distribution outlier"
"1159",480,"4","family.number.plot",TRUE,"normal distribution outlier"
"1160",481,"5","family.number.plot",TRUE,"normal distribution outlier"
"1161",487,"6","family.number.plot",TRUE,"normal distribution outlier"
"1162",534,"5","family.number.plot",TRUE,"normal distribution outlier"
"1163",562,"4","family.number.plot",TRUE,"normal distribution outlier"
"1164",580,"4","family.number.plot",TRUE,"normal distribution outlier"
"1165",581,"7","family.number.plot",TRUE,"normal distribution outlier"
"1166",583,"7","family.number.plot",TRUE,"normal distribution outlier"
"1167",606,"4","family.number.plot",TRUE,"normal distribution outlier"
"1168",614,"4","family.number.plot",TRUE,"normal distribution outlier"
"1169",676,"5","family.number.plot",TRUE,"normal distribution outlier"
"1170",731,"4","family.number.plot",TRUE,"normal distribution outlier"
"1171",732,"4","family.number.plot",TRUE,"normal distribution outlier"
"1172",762,"7","family.number.plot",TRUE,"normal distribution outlier"
"1173",767,"4","family.number.plot",TRUE,"normal distribution outlier"
"1174",823,"6","family.number.plot",TRUE,"normal distribution outlier"
"1175",865,"4","family.number.plot",TRUE,"normal distribution outlier"
"1176",907,"4","family.number.plot",TRUE,"normal distribution outlier"
"1177",910,"6","family.number.plot",TRUE,"normal distribution outlier"
"1178",985,"7","family.number.plot",TRUE,"normal distribution outlier"
"1179",1037,"4","family.number.plot",TRUE,"normal distribution outlier"
"1180",1079,"4","family.number.plot",TRUE,"normal distribution outlier"
"1181",1081,"4","family.number.plot",TRUE,"normal distribution outlier"
"1182",1082,"4","family.number.plot",TRUE,"normal distribution outlier"
"1183",1314,"7","family.number.plot",TRUE,"normal distribution outlier"
"1184",1330,"4","family.number.plot",TRUE,"normal distribution outlier"
"1185",1413,"5","family.number.plot",TRUE,"normal distribution outlier"
"1186",1464,"4","family.number.plot",TRUE,"normal distribution outlier"
"1187",1574,"4","family.number.plot",TRUE,"normal distribution outlier"
"1188",1641,"8","family.number.plot",TRUE,"normal distribution outlier"
"1189",1674,"4","family.number.plot",TRUE,"normal distribution outlier"
"1190",1677,"5","family.number.plot",TRUE,"normal distribution outlier"
"1191",1803,"4","family.number.plot",TRUE,"normal distribution outlier"
"1192",1849,"4","family.number.plot",TRUE,"normal distribution outlier"
"1193",1861,"5","family.number.plot",TRUE,"normal distribution outlier"
"1194",1879,"4","family.number.plot",TRUE,"normal distribution outlier"
"1195",2077,"4","family.number.plot",TRUE,"normal distribution outlier"
"1196",2088,"6","family.number.plot",TRUE,"normal distribution outlier"
"1197",2254,"5","family.number.plot",TRUE,"normal distribution outlier"
"1198",2515,"4","family.number.plot",TRUE,"normal distribution outlier"
"1199",2597,"4","family.number.plot",TRUE,"normal distribution outlier"
"1200",2672,"6","family.number.plot",TRUE,"normal distribution outlier"
"1201",2712,"5","family.number.plot",TRUE,"normal distribution outlier"
"1202",3148,"4","family.number.plot",TRUE,"normal distribution outlier"
"1203",3462,"5","family.number.plot",TRUE,"normal distribution outlier"
"1204",3968,"4","family.number.plot",TRUE,"normal distribution outlier"
"1205",4238,"6","family.number.plot",TRUE,"normal distribution outlier"
"1206",4243,"4","family.number.plot",TRUE,"normal distribution outlier"
"1207",4257,"4","family.number.plot",TRUE,"normal distribution outlier"
"1208",4330,"4","family.number.plot",TRUE,"normal distribution outlier"
"1209",4331,"4","family.number.plot",TRUE,"normal distribution outlier"
"1210",4346,"5","family.number.plot",TRUE,"normal distribution outlier"
"1211",4348,"4","family.number.plot",TRUE,"normal distribution outlier"
"1212",4377,"6","family.number.plot",TRUE,"normal distribution outlier"
"1213",4408,"4","family.number.plot",TRUE,"normal distribution outlier"
"1214",4545,"4","family.number.plot",TRUE,"normal distribution outlier"
"1215",4557,"6","family.number.plot",TRUE,"normal distribution outlier"
"1216",4558,"5","family.number.plot",TRUE,"normal distribution outlier"
"1217",4569,"4","family.number.plot",TRUE,"normal distribution outlier"
"1218",4585,"5","family.number.plot",TRUE,"normal distribution outlier"
"1219",4597,"4","family.number.plot",TRUE,"normal distribution outlier"
"1220",4615,"7","family.number.plot",TRUE,"normal distribution outlier"
"1221",4616,"6","family.number.plot",TRUE,"normal distribution outlier"
"1222",4628,"4","family.number.plot",TRUE,"normal distribution outlier"
"1223",4639,"4","family.number.plot",TRUE,"normal distribution outlier"
"1224",4670,"6","family.number.plot",TRUE,"normal distribution outlier"
"1225",4673,"5","family.number.plot",TRUE,"normal distribution outlier"
"1226",4708,"20","family.number.plot",TRUE,"normal distribution outlier"
"1227",4718,"4","family.number.plot",TRUE,"normal distribution outlier"
"1228",4740,"4","family.number.plot",TRUE,"normal distribution outlier"
"1229",4843,"4","family.number.plot",TRUE,"normal distribution outlier"
"1230",4871,"6","family.number.plot",TRUE,"normal distribution outlier"
"1231",4875,"8","family.number.plot",TRUE,"normal distribution outlier"
"1232",5044,"4","family.number.plot",TRUE,"normal distribution outlier"
"1233",5067,"4","family.number.plot",TRUE,"normal distribution outlier"
"1234",5271,"5","family.number.plot",TRUE,"normal distribution outlier"
"1235",5308,"5","family.number.plot",TRUE,"normal distribution outlier"
"1236",5325,"9","family.number.plot",TRUE,"normal distribution outlier"
"1237",5437,"4","family.number.plot",TRUE,"normal distribution outlier"
"1238",5440,"5","family.number.plot",TRUE,"normal distribution outlier"
"1239",5809,"4","family.number.plot",TRUE,"normal distribution outlier"
"1240",5814,"4","family.number.plot",TRUE,"normal distribution outlier"
"1241",5819,"4","family.number.plot",TRUE,"normal distribution outlier"
"1242",5836,"4","family.number.plot",TRUE,"normal distribution outlier"
"1243",5980,"7","family.number.plot",TRUE,"normal distribution outlier"
"1244",5987,"4","family.number.plot",TRUE,"normal distribution outlier"
"1245",6018,"4","family.number.plot",TRUE,"normal distribution outlier"
"1246",6083,"4","family.number.plot",TRUE,"normal distribution outlier"
"1247",6088,"5","family.number.plot",TRUE,"normal distribution outlier"
"1248",6271,"4","family.number.plot",TRUE,"normal distribution outlier"
"1249",6274,"4","family.number.plot",TRUE,"normal distribution outlier"
"1250",6341,"6","family.number.plot",TRUE,"normal distribution outlier"
"1251",6351,"6","family.number.plot",TRUE,"normal distribution outlier"
"1252",6354,"4","family.number.plot",TRUE,"normal distribution outlier"
"1253",6435,"5","family.number.plot",TRUE,"normal distribution outlier"
"1254",6443,"5","family.number.plot",TRUE,"normal distribution outlier"
"1255",6455,"4","family.number.plot",TRUE,"normal distribution outlier"
"1256",6458,"4","family.number.plot",TRUE,"normal distribution outlier"
"1257",6469,"7","family.number.plot",TRUE,"normal distribution outlier"
"1258",6488,"5","family.number.plot",TRUE,"normal distribution outlier"
"1259",6508,"4","family.number.plot",TRUE,"normal distribution outlier"
"1260",767,"10","calc.edu.unattending.total",TRUE,"log normal distribution outlier"
"1261",1337,"8","calc.edu.unattending.total",TRUE,"log normal distribution outlier"
"1262",1370,"12","calc.edu.unattending.total",TRUE,"log normal distribution outlier"
"1263",1732,"8","calc.edu.unattending.total",TRUE,"log normal distribution outlier"
"1264",1783,"8","calc.edu.unattending.total",TRUE,"log normal distribution outlier"
"1265",4125,"16","calc.edu.unattending.total",TRUE,"log normal distribution outlier"
"1266",4209,"36","calc.edu.unattending.total",TRUE,"log normal distribution outlier"
"1267",5266,"8","calc.edu.unattending.total",TRUE,"log normal distribution outlier"
"1268",5712,"16","calc.edu.unattending.total",TRUE,"log normal distribution outlier"
"1269",6373,"9","calc.edu.unattending.total",TRUE,"log normal distribution outlier"
"1270",6374,"8","calc.edu.unattending.total",TRUE,"log normal distribution outlier"
"1271",6375,"10","calc.edu.unattending.total",TRUE,"log normal distribution outlier"
"1272",6376,"9","calc.edu.unattending.total",TRUE,"log normal distribution outlier"
"1273",767,"10","calc.edu.unattending.all.hh",TRUE,"log normal distribution outlier"
"1274",1337,"8","calc.edu.unattending.all.hh",TRUE,"log normal distribution outlier"
"1275",1370,"12","calc.edu.unattending.all.hh",TRUE,"log normal distribution outlier"
"1276",1732,"8","calc.edu.unattending.all.hh",TRUE,"log normal distribution outlier"
"1277",1783,"8","calc.edu.unattending.all.hh",TRUE,"log normal distribution outlier"
"1278",4125,"16","calc.edu.unattending.all.hh",TRUE,"log normal distribution outlier"
"1279",4209,"36","calc.edu.unattending.all.hh",TRUE,"log normal distribution outlier"
"1280",5266,"8","calc.edu.unattending.all.hh",TRUE,"log normal distribution outlier"
"1281",5712,"16","calc.edu.unattending.all.hh",TRUE,"log normal distribution outlier"
"1282",6373,"9","calc.edu.unattending.all.hh",TRUE,"log normal distribution outlier"
"1283",6374,"8","calc.edu.unattending.all.hh",TRUE,"log normal distribution outlier"
"1284",6375,"10","calc.edu.unattending.all.hh",TRUE,"log normal distribution outlier"
"1285",6376,"9","calc.edu.unattending.all.hh",TRUE,"log normal distribution outlier"
"1286",30,"99","fcs.score",TRUE,"normal distribution outlier"
"1287",34,"111","fcs.score",TRUE,"normal distribution outlier"
"1288",37,"108","fcs.score",TRUE,"normal distribution outlier"
"1289",39,"108","fcs.score",TRUE,"normal distribution outlier"
"1290",44,"104","fcs.score",TRUE,"normal distribution outlier"
"1291",96,"103.5","fcs.score",TRUE,"normal distribution outlier"
"1292",117,"112","fcs.score",TRUE,"normal distribution outlier"
"1293",180,"99","fcs.score",TRUE,"normal distribution outlier"
"1294",184,"112","fcs.score",TRUE,"normal distribution outlier"
"1295",638,"107.5","fcs.score",TRUE,"normal distribution outlier"
"1296",714,"105","fcs.score",TRUE,"normal distribution outlier"
"1297",989,"0","fcs.score",TRUE,"normal distribution outlier"
"1298",1010,"0","fcs.score",TRUE,"normal distribution outlier"
"1299",1369,"104","fcs.score",TRUE,"normal distribution outlier"
"1300",1551,"108","fcs.score",TRUE,"normal distribution outlier"
"1301",1610,"105","fcs.score",TRUE,"normal distribution outlier"
"1302",1907,"105","fcs.score",TRUE,"normal distribution outlier"
"1303",2017,"99.5","fcs.score",TRUE,"normal distribution outlier"
"1304",2037,"100.5","fcs.score",TRUE,"normal distribution outlier"
"1305",3085,"103.5","fcs.score",TRUE,"normal distribution outlier"
"1306",3342,"103.5","fcs.score",TRUE,"normal distribution outlier"
"1307",3357,"99.5","fcs.score",TRUE,"normal distribution outlier"
"1308",3444,"110","fcs.score",TRUE,"normal distribution outlier"
"1309",3451,"104","fcs.score",TRUE,"normal distribution outlier"
"1310",3494,"99","fcs.score",TRUE,"normal distribution outlier"
"1311",3534,"111","fcs.score",TRUE,"normal distribution outlier"
"1312",4182,"101.5","fcs.score",TRUE,"normal distribution outlier"
"1313",4219,"109.5","fcs.score",TRUE,"normal distribution outlier"
"1314",4227,"103","fcs.score",TRUE,"normal distribution outlier"
"1315",4237,"103.5","fcs.score",TRUE,"normal distribution outlier"
"1316",4256,"110.5","fcs.score",TRUE,"normal distribution outlier"
"1317",4552,"108.5","fcs.score",TRUE,"normal distribution outlier"
"1318",4599,"100","fcs.score",TRUE,"normal distribution outlier"
"1319",4623,"108.5","fcs.score",TRUE,"normal distribution outlier"
"1320",4626,"108.5","fcs.score",TRUE,"normal distribution outlier"
"1321",4635,"100","fcs.score",TRUE,"normal distribution outlier"
"1322",4643,"109","fcs.score",TRUE,"normal distribution outlier"
"1323",4660,"105.5","fcs.score",TRUE,"normal distribution outlier"
"1324",4677,"100","fcs.score",TRUE,"normal distribution outlier"
"1325",4680,"105","fcs.score",TRUE,"normal distribution outlier"
"1326",4708,"112","fcs.score",TRUE,"normal distribution outlier"
"1327",4720,"112","fcs.score",TRUE,"normal distribution outlier"
"1328",4815,"109","fcs.score",TRUE,"normal distribution outlier"
"1329",4955,"101","fcs.score",TRUE,"normal distribution outlier"
"1330",4956,"99","fcs.score",TRUE,"normal distribution outlier"
"1331",5414,"111","fcs.score",TRUE,"normal distribution outlier"
"1332",5438,"112","fcs.score",TRUE,"normal distribution outlier"
"1333",5452,"102","fcs.score",TRUE,"normal distribution outlier"
"1334",5993,"99","fcs.score",TRUE,"normal distribution outlier"
"1335",6350,"106.5","fcs.score",TRUE,"normal distribution outlier"
"1336",6351,"106.5","fcs.score",TRUE,"normal distribution outlier"
"1337",6357,"103","fcs.score",TRUE,"normal distribution outlier"
"1338",6359,"112","fcs.score",TRUE,"normal distribution outlier"
"1339",6364,"110","fcs.score",TRUE,"normal distribution outlier"
"1340",6365,"101","fcs.score",TRUE,"normal distribution outlier"
"1341",6384,"105","fcs.score",TRUE,"normal distribution outlier"
"1342",6398,"105.5","fcs.score",TRUE,"normal distribution outlier"
"1343",6446,"103","fcs.score",TRUE,"normal distribution outlier"
"1344",6459,"112","fcs.score",TRUE,"normal distribution outlier"
"1345",6494,"107","fcs.score",TRUE,"normal distribution outlier"
"1346",6503,"99","fcs.score",TRUE,"normal distribution outlier"
"1347",6554,"105","fcs.score",TRUE,"normal distribution outlier"
"1348",6557,"102","fcs.score",TRUE,"normal distribution outlier"
"1349",6564,"104","fcs.score",TRUE,"normal distribution outlier"
"1350",6575,"110","fcs.score",TRUE,"normal distribution outlier"
"1351",6679,"103","fcs.score",TRUE,"normal distribution outlier"
"1352",989,"0","hdds.index",TRUE,"normal distribution outlier"
"1353",1010,"0","hdds.index",TRUE,"normal distribution outlier"
"1354",3676,"1","hdds.index",TRUE,"normal distribution outlier"
"1355",3685,"1","hdds.index",TRUE,"normal distribution outlier"
"1356",6581,"1","hdds.index",TRUE,"normal distribution outlier"
"1357",6784,"1","hdds.index",TRUE,"normal distribution outlier"
"1358",NA,"2 /// instances: 47","health.other",TRUE,"'other' response. may need recoding."
"1359",NA,"3 /// instances: 7","health.other",TRUE,"'other' response. may need recoding."
"1360",NA,"4 /// instances: 2","health.other",TRUE,"'other' response. may need recoding."
"1361",NA,"6 /// instances: 1","health.other",TRUE,"'other' response. may need recoding."
