type,name,label,required,hint,relevant,constraint,constraint_message,choice_filter,appearance,default,read_only,calculation,repeat_count
begin_group,SURVEY,,,,"selected(${consensus_note},'oui')",,,,,,,,
begin_group,intro,Introduction,,,,,,,,,,,
select_one admin_1,admin_1,Pr√©fectur,TRUE,,,,,,,,,,
select_one admin_2,admin_2,Sous-pr√©fectur,TRUE,,,,,admin1=${admin_1},,,,,
select_one admin_3,admin_3,Commune,TRUE,,,,,admin2=${admin_2},,,,,
select_one cluster,village,Localit√,TRUE,,,,,admin2=${admin_2},,,,,
end_group,intro,,,,,,,,,,,,
integer,ig_1_age,Age moyen chef de m√©nag,TRUE,,,.>15 and .<101,La personne enqu√™t√©e doit avoir au moins 16 ans ans et moins de 100 ans,,,,,,
select_one homme_femme,ig_2_sexe,Sexe enqu√™t,TRUE,,,,,,,,,,
select_one oui_non,ig_3_role,Enqu√™t√© chef de m√©n,TRUE,,,,,,,,,,
select_one homme_femme,ig_4_sexe_chef_menage,Lien chef de m√©nag,TRUE,,"selected(${ig_3_role},'non')",,,,,,,,
integer,ig_5_age_chef_menage,Age moyen chef de m√©nag,TRUE,,"selected(${ig_3_role}, 'non')",.>11 and .<101,La chef de m√©nage doit avoir entre 12 et 100 ans.,,,,,,
select_one statut,ig_8_statut,Status,TRUE,"Population h√¥te ‚Äì toutes les personnes qui, le temps de l‚Äôenqu√™te, ne sont pas dans une situation de d√©placement (inclus le retour) en raison de la crise
Population d√©plac√©e en site et lieux de regroupement ‚Äì toutes les personnes qui ont √©t√© d√©plac√©es en raison de la crise et qui r√©sident actuellement dans les sites et autres lieux de regroupement
Population d√©plac√©e en famille d‚Äôaccueil ‚Äì toutes les personnes qui ont √©t√© d√©plac√©es en raison de la crise et qui r√©sident aujourd‚Äôhui en famille d‚Äôaccueil
Population retourn√©e ‚Äì toutes les personnes qui sont retourn√©es dans leurs zone d‚Äôorigine, cela ne signifie pas n√©cessairement qu‚Äôelles ont rejoint / retrouv√©e leurs maisons d‚Äôorigine, ni qu‚Äôelles sont exactement dans la m√™me localit√© (certaines ayant brul√©, des retourn√©s ont reconstruits des villages √† proximit√© imm√©diate de leurs anciens lieux d‚Äôhabitat)
Population rapatri√©e ‚Äì toutes les populations qui sont retourn√©es chez elles, ou sont en cours de retranger. Pour √™tre qualifi√© de retourn√©e, il y a un n√©cessaire franchissement de fronti√®res, entre un pays √©tranger vers la R√©publique Centrafricaine. Le retour peut ne pas √™tre d",,,,,,,,,
select_one RtL_IDP,ig_11_IDP_RtL,Raison principale du d√©placemen,TRUE,,"selected(${ig_8_statut},'IDP_site') or selected(${ig_8_statut},'IDP_FA') ",,,,,,,,
select_one length_IDP,ig_12_IDP_length_IDP,Dur√©e moyenne de l'arriv√,TRUE,,"selected(${ig_8_statut},'IDP_site') or selected(${ig_8_statut},'IDP_FA') ",,,,,,,,
select_multiple IDP_cond_retour,ig_14_IDP_cond_retour,Conditions n√©cessaires pour envisager un retou,TRUE,,"selected(${ig_8_statut},'IDP_site') or selected(${ig_8_statut},'IDP_FA') ","not(selected(., 'nsp') and count-selected(.)>1) and count-selected(.)<4","Merci de s√©lectionner 3 r√©ponses maximum et si 'je ne sais pas / pr√©f√®re ne pas r√©pondre', aucune autre r√©ponse ne doit √™tre s√©lect",,,,,,
select_one Ret_Rapat_loc_retour,ig_16_Ret_Rapat_dest_finale_oui_non,Retourn√© ou rapatri√© par arriv√©e √† destination fi,TRUE,,"selected(${ig_8_statut},'retourne') or selected(${ig_8_statut},'rapatrie') ",,,,,,,,
select_one Ret_Rapat_abri_origine_raison,ig_16_Ret_Rapat_abri_origine_non_raison,Raison pas encore retourn√© √† lieu d'origi,TRUE,,"selected(${ig_16_Ret_Rapat_dest_finale_oui_non},'commune_origine')",,,,,,,,
select_one Ret_Rapat_abri_origine_raison,ig_17_Ret_Rapat_dest_finale_non_raison,Raison pas encore arriv√© lieu d'origin,TRUE,,"selected(${ig_16_Ret_Rapat_dest_finale_oui_non},'autre')",,,,,,,,
select_one RtR_Ret_Rapat,ig_15_RtR_Ret_Rapat,Raison principale du retour,TRUE,,"selected(${ig_8_statut},'retourne') or selected(${ig_8_statut},'rapatrie') ",count-selected(.)<4,Maximum 3 options s√©lectionn√©,,,,,,
begin_group,demo_list,Liste d√©mographiqu,FALSE,,,field-list,,,,,,,
integer,ig_6_HH_membres_tot,Nombre moyen de personnes dans le m√©nag,TRUE,"Merci de compter tous les membres de votre m√©nage uniquement, vous y compris, et toutes personnes vivant sous votre toit qui d√©pendent financi√®rement du m√™me revenu et qui partagent les m√™mes re",,,,,,,,,
select_one oui_non_nsp,ig_9_hote_FA,M√©nage acceuillant d'autres personne,TRUE,,"not(selected(${ig_8_statut}, 'IDP_site')) and not(selected(${ig_8_statut}, 'IDP_FA'))",,,,,,,,
integer,ig_10_hote_FA_0_4,Nombre d'enfants de moins de 5 ans accueillis,TRUE,,"selected(${ig_9_hote_FA}, 'oui')",,,,,,,,
integer,ig_10_hote_FA_5_17,Nombre d'enfants entre 5 et 17 ans accueillis,TRUE,,"selected(${ig_9_hote_FA}, 'oui')",,,,,,,,
integer,ig_10_hote_FA_18plus,Nombre d'adultes accueillis,TRUE,,"selected(${ig_9_hote_FA}, 'oui')",,,,,,,,
begin repeat,hh_membres_loop,,,,,,,,,,,,${ig_6_HH_membres_tot}
calculate,hh_membres,,,,,,,,,,,position(..),
integer,age_hh,PERSONNE ${hh_membres}: Quel est l'√¢ge de cette personne ?,TRUE,"Si l'enfant a moins de 1 ans, mettre 0.",,.<= 100,Vous avez mis plus de 100 ans. Merci de v√©rifier vos chiffres,,,,,,
integer,age_hh_months,PERSONNE ${hh_membres}: combien de mois a ce nourrison ? ,TRUE,,${age_hh} = 0,.< 12,"Entrer entre 0 et 12 . Si plus de 12 mois, entrer l'√¢ge en ann√©",,,,,,
calculate,agegrp_0_4,,TRUE,,,,,,,0,,"if(${age_hh}<5, 1, 0)",
calculate,agegrp_0_6m,,TRUE,,,,,,,0,,"if(${age_hh}<1 and ${age_hh_months}<6, 1, 0)",
calculate,agegrp_6m_4,,TRUE,,,,,,,0,,"if((${age_hh}<5 and ${age_hh}>0) or (${age_hh}<1 and ${age_hh_months}>5), 1, 0)",
calculate,agegrp_4_18,,TRUE,,,,,,,0,,"if(${age_hh} >3 and ${age_hh}<=18, 1, 0)",
calculate,agegrp_0_18,,TRUE,,,,,,,0,,"if(${age_hh}<=18, 1, 0)",
select_one homme_femme,sexe_hh,PERSONNE ${hh_membres}: Quel est le genre de cette personne ? ,TRUE,,,,,,,,,,
calculate,agegrp_0_17_femmes,,TRUE,,,,,,,0,,"if(${age_hh}<=17 and selected(${sexe_hh},'femme'), 1 , 0)",
calculate,agegrp_0_17_hommes,,TRUE,,,,,,,0,,"if(${age_hh}<=17 and selected(${sexe_hh},'homme'), 1 , 0)",
calculate,agegrp_18plus_femmes,,TRUE,,,,,,,0,,"if(${age_hh}>17 and selected(${sexe_hh},'femme'), 1 , 0)",
calculate,agegrp_18plus_hommes,,TRUE,,,,,,,0,,"if(${age_hh}>17 and selected(${sexe_hh},'homme'), 1 , 0)",
select_multiple gr_vulnerable_femmes_adultes,ig_7_gr_vulnerable_femmes_adultes,PERSONNE ${hh_membres}: Est-ce que cette personne est dans une des situations suivantes ? ,TRUE,Proposer les options de r√©ponse,"${age_hh} > 17 and selected(${sexe_hh}, 'femme')","not(selected(.,'aucune') and count-selected(.)>1) and not(selected(., 'nsp') and count-selected(.)>1)","Si 'non' ou 'je ne sais pas / pr√©f√®re ne pas r√©pondre', aucune autre r√©ponse ne doit √™tre s√©lect",,,,,,
select_multiple gr_vulnerable_femmes_enfants,ig_7_gr_vulnerable_femmes_enfants,PERSONNE ${hh_membres}: Est-ce que cette personne est dans une des situations suivantes ? ,TRUE,Proposer les options de r√©ponse,"${age_hh} <= 17 and selected(${sexe_hh}, 'femme')","not(selected(.,'aucune') and count-selected(.)>1) and not(selected(., 'nsp') and count-selected(.)>1)","Si 'non' ou 'je ne sais pas / pr√©f√®re ne pas r√©pondre', aucune autre r√©ponse ne doit √™tre s√©lect",,,,,,
select_multiple gr_vulnerable_hommes_adultes,ig_7_gr_vulnerable_hommes_adultes,PERSONNE ${hh_membres}: Est-ce que cette personne est dans une des situations suivantes ? ,TRUE,Proposer les options de r√©ponse,"${age_hh} > 17 and selected(${sexe_hh}, 'homme')","not(selected(.,'aucune') and count-selected(.)>1) and not(selected(., 'nsp') and count-selected(.)>1)","Si 'non' ou 'je ne sais pas / pr√©f√®re ne pas r√©pondre', aucune autre r√©ponse ne doit √™tre s√©lect",,,,,,
select_multiple gr_vulnerable_hommes_enfants,ig_7_gr_vulnerable_hommes_enfants,PERSONNE ${hh_membres}: Est-ce que cette personne est dans une des situations suivantes ? ,TRUE,Proposer les options de r√©ponse,"${age_hh} <= 17 and selected(${sexe_hh}, 'homme')","not(selected(.,'aucune') and count-selected(.)>1) and not(selected(., 'nsp') and count-selected(.)>1)","Si 'non' ou 'je ne sais pas / pr√©f√®re ne pas r√©pondre', aucune autre r√©ponse ne doit √™tre s√©lect",,,,,,
begin_group ,Accouchement,,,,${agegrp_0_4}>0 and ${hh_membres} = '1',,,,,,,,
select_one accouch,sante_1_accouch,PERSONNE ${hh_membres}: O√π est-ce que cet enfant a √©t√© acouch,TRUE,,,,,,,,,,
select_one accouch_maison,sante_1_accouch_maison,Pourquoi avoir accouch√© √† la maiso,TRUE,,"selected(${sante_1_accouch}, 'maison')",,,,,,,,
end_group ,Accouchement,,,,,,,,,,,,
begin_group ,Maladies,,,,,,,,,,,,
select_one oui_non_nsp,sante_2_malade,PERSONNE ${hh_membres}: Cette personne a-t-elle √©t√© malade au cours des 30 derniers jours,TRUE,,,,,,,,,,
select_one soin_recu,sante_2_soin_recu,PERSONNE ${hh_membres}: A-t-elle re√ßu les soins n√©cessaires ,TRUE,,"selected(${sante_2_malade}, 'oui')",,,,,,,,
select_one soin_non_recu,sante_3_soin_non_recu,PERSONNE ${hh_membres}: Pour quelle raison n'a-t-elle pas re√ßu les soins n√©cessaires,TRUE,,"selected(${sante_2_soin_recu}, 'non')",,,,,,,,
select_multiple maladies_0_4,sante_4_0_4_malades,PERSONNE ${hh_membres}: De quelle(s) maladie(s) a-t-elle souffert au cours des 30 derniers jours ? ,TRUE,,"selected(${sante_2_malade}, 'oui') and ${agegrp_0_4} > 0","not(selected(., 'nsp') and count-selected(.)>1)","Si 'je ne sais pas / pr√©f√®re ne pas r√©pondre', aucune autre r√©ponse ne doit √™tre s√©lect",,,,,,
select_multiple maladies,sante_5_5plus_malades,PERSONNE ${hh_membres}: De quelle(s) maladie(s) a-t-elle souffert au cours des 30 derniers jours ? ,TRUE,,"selected(${sante_2_malade}, 'oui') and ${agegrp_0_4} = 0","not(selected(., 'nsp') and count-selected(.)>1)","Si 'je ne sais pas / pr√©f√®re ne pas r√©pondre', aucune autre r√©ponse ne doit √™tre s√©lect",,,,,,
end_group ,Maladies,,,,,,,,,,,,
begin_group ,nut,Nous aimerions maintenant si vous le permettez diagnostiquer si cet enfant de moins de 5 ans montre des signes de malnutrition.,,,${agegrp_6m_4} > 0,,,,,,,,
select_one oui_non,nut_1_enfant_present,PERSONNE ${hh_membres}: Est-ce que l'enfant est pr√©sent et puis-je observer ses pieds et prendre le tour de taille de son bras ?,TRUE,,,,,,,,,,
integer,nut_2_muac,PERSONNE ${hh_membres}: Merci d'enregistrer la MUAC pour l'enfant (sur le bras gauche!) le plus pr√©cisement possible,TRUE,"Enroulez le ruban autour du bras de l‚Äôenfant (ni trop serr√©, ni trop l√¢che). 
Lire le chiffre, au millim√®tre pr√®s qui appara√Æt dans le trou de la bandelette ; indiqu√© par les fl√®ches.
Entrez le chiffre en MILLIMETRES (ex : 12,5 cm = 125 mm ; 10 cm = 100 mm","selected(${nut_1_enfant_present}, 'oui')",. >50 and .<200,C'est tr√®s peu probable que le tour de bras mesure moins de 50mm ou plus de 200mm pour un enfant de moins de 5 ans. Merci de v√©rifier votre mesur,,,,,,
select_one oui_non_nsp,nut_1_oedem,PERSONNE ${hh_membres}: A OBSERVER : l'enfant a-t-il des oed√®mes sur les pieds ?,TRUE,"Pressez vos deux pouces sur le dessus des deux pieds de l‚Äôenfant, au moins 3 secondes. L√¢chez. Si un trou reste, alors il y a ≈ì","selected(${nut_1_enfant_present}, 'oui')",,,,,,,,
end_group ,nut,,,,,,,,,,,,
begin_group ,education,,,,${agegrp_4_18} > 0,,,,,,,,
select_one oui_non_nsp,educ_2_inscrit_18_19,PERSONNE ${hh_membres}: Est-ce que cette personne √©tait inscrite dans une √©cole durant l‚Äôann√©e scolaire qui vient de se terminer (2018-201,TRUE,,,,,,,,,,
calculate,educ_2_inscrit_18_19_non,,,,,,,,,,,"if(selected(${educ_2_inscrit_18_19},'non'), 1 , 0)",
select_one niveau_scolaire,educ_2_inscrit_18_19_level,PERSONNE ${hh_membres}: Dans quel niveau √©tait-elle inscrite pour l‚Äôann√©e scolaire 2018-201,TRUE,,"selected(${educ_2_inscrit_18_19}, 'oui')",,,,,,,,
select_one educ_presence,educ_3_presence_18_19,PERSONNE ${hh_membres}: Et √©tait-elle souvent pr√©sente √† l‚Äô √©cole durant l‚Äôann√©e scolaire qui vient de se te,TRUE,,"selected(${educ_2_inscrit_18_19}, 'oui')",,,,,,,,
calculate,educ_3_presence_18_19_non,,,,,,,,,,,"if(selected(${educ_3_presence_18_19},'3M_6M') or selected(${educ_3_presence_18_19},'0M_3M') or selected(${educ_3_presence_18_19},'0M'), 1 , 0)",
end_group ,education,,,,,,,,,,,,
select_one educ_enfant_handi,educ_4_handi_acces,PERSONNE ${hh_membres}: Comment percevez-vous l‚Äôacc√®s √† l‚Äô√©ducation pour cet enfant par rapport √† son ha,TRUE,,"(selected(${ig_7_gr_vulnerable_femmes_enfants}, 'handi_phy') or selected(${ig_7_gr_vulnerable_femmes_enfants}, 'handi_ment') or selected(${ig_7_gr_vulnerable_hommes_enfants}, 'handi_phy') or selected(${ig_7_gr_vulnerable_hommes_enfants}, 'handi_ment')) and ${agegrp_4_18} > 0",,,,,,,,
select_one oui_non,protect_9,PERSONNE ${hh_membres}: Est-ce qu'elle travaille actuellement ou contribue aux activit√©s professionnelles de la famille ,TRUE,,"${agegrp_4_18} > 0 and (selected(${educ_2_inscrit_18_19}, 'non') or selected(${educ_3_presence_18_19}, '3M_6M') or selected(${educ_3_presence_18_19}, '0M_3M') or selected(${educ_3_presence_18_19}, '0M'))",,,,,,,,
select_multiple type_activite_4_18,protect_10 ,PERSONNE ${hh_membres}: Dans quel type de travail est-elle impliqu√©e ?,TRUE,,"selected(${protect_9},'oui') ","not(selected(., 'nsp') and count-selected(.)>1)","Si 'je ne sais pas / pr√©f√®re ne pas r√©pondre', aucune autre r√©ponse ne doit √™tre s√©lect",,,,,,
end repeat,hh_membres_loop,,,,,,,,,,,,
integer,sum_ig_7_gr_vulnerable.aucune,Nombre de personnes sans vuln√©rabilit,,,,,,,,,,,
integer,sum_ig_7_gr_vulnerable.FE,Nombre de femmes enceintes,,,,,,,,,,,
integer,sum_ig_7_gr_vulnerable.FA,Nombre de femmes allaitantes,,,,,,,,,,,
integer,sum_ig_7_gr_vulnerable.handi_phy,Nombre de personnes avec un handicap physique,,,,,,,,,,,
integer,sum_ig_7_gr_vulnerable.handi_ment,Nombre de personnes avec un handicap mental,,,,,,,,,,,
integer,sum_ig_7_gr_vulnerable.handi,Nombre de personnes avec un handicap (mental ou physique),,,,,,,,,,,
integer,sum_ig_7_gr_vulnerable.ES,Nombre d'enfants s√©par√,,,,,,,,,,,
integer,sum_ig_7_gr_vulnerable.ENA,Nombre d'enfants non-accompagn√©,,,,,,,,,,,
integer,sum_ig_7_gr_vulnerable.nsp,Ne sait pas ou ne veut pas r√©pondr,,,,,,,,,,,
select_one oui_non,protect_9_auMoinsUnVul,Au moins une personne vuln√©rabl,,,,,,,,,,,
integer,sum_protect_10.agric,Nombre moyen d'enfant travaillant en agriculture,,,,,,,,,,,
integer,sum_protect_10.peche,Nombre moyen d'enfant travaillant en p√™ch,,,,,,,,,,,
integer,sum_protect_10.elevage,Nombre moyen d'enfant travaillant en √©levag,,,,,,,,,,,
integer,sum_protect_10.carriere,Nombre moyen d'enfant travaillant en carri√®re/min,,,,,,,,,,,
integer,sum_protect_10.petit_commerce,Nombre moyen d'enfant travaillant en petit commerce,,,,,,,,,,,
integer,sum_protect_10.restauration,Nombre moyen d'enfant travaillant en restauration,,,,,,,,,,,
integer,sum_protect_10.artisanat,Nombre moyen d'enfant travaillant en artisanat,,,,,,,,,,,
integer,sum_protect_10.travaux_domestiques,Nombre moyen d'enfant travaillant en travaux domestiques,,,,,,,,,,,
integer,sum_protect_10.construction,Nombre moyen d'enfant travaillant en construction,,,,,,,,,,,
integer,sum_protect_10.transport,Nombre moyen d'enfant travaillant en transport,,,,,,,,,,,
integer,sum_protect_10.recrutes,Nombre moyen d'enfant travaillant en recrut groupe arm√©,,,,,,,,,,,
integer,sum_protect_10.prostitution,Nombre moyen d'enfant travaillant en prostitution,,,,,,,,,,,
integer,sum_protect_10.autre,Nombre moyen d'enfant travaillant en agriculture,,,,,,,,,,,
integer,sum_protect_10.nsp,Nombre moyen d'enfant travaillant Ne sait pas ou Ne veut pas r√©pondr,,,,,,,,,,,
calculate,sum_educ_2_inscrit_18_19_non,Nombre moyen d'enfant non-inscrits,,,,,,,,,,sum(${educ_2_inscrit_18_19_non}),
calculate,sum_educ_3_presence_18_19_non,Nombre moyen d'enfants non-pr√©sent,,,,,,,,,,sum(${educ_3_presence_18_19_non}),
calculate,sum_agegrp_4_18,Nombre moyen d'enfants entre 4 et 18 ans,,,,,,,,,,sum(${agegrp_4_18}),
calculate,sum_agegrp_0_17_femmes,Nombre moyen de filles (0-17ans),,,,,,,,,,sum(${agegrp_0_17_femmes}),
calculate,sum_agegrp_0_17_hommes,Nombre moyen de gar√ßons (0-17ans,,,,,,,,,,sum(${agegrp_0_17_hommes}),
calculate,sum_agegrp_18plus_femmes,Nombre moyen d'hommes  (18ans et plus),,,,,,,,,,sum(${agegrp_18plus_femmes}),
calculate,sum_agegrp_18plus_hommes,Nombre moyen d'hommes  (18ans et plus),,,,,,,,,,sum(${agegrp_18plus_hommes}),
end_group,demo_list,,,,,,,,,,,,
begin_group ,education_2,,,,,,,,,,,,
select_one educ_acces,educ_5_ecole_acces_1,1√®re barri√®re acc√®s √† l'√©duc,TRUE,,${sum_educ_2_inscrit_18_19_non} > 0 or ${sum_educ_3_presence_18_19_non} > 0,,,,,,,,
select_one educ_acces,educ_5_ecole_acces_2,2√®me barri√®re acc√®s √† l'√©duc,,,${sum_educ_2_inscrit_18_19_non} > 0 or ${sum_educ_3_presence_18_19_non} > 0,,,name != ${educ_5_ecole_acces_1},,,,,
select_one educ_acces,educ_5_ecole_acces_3,3√®me barri√®re (acc√®s √† l'√©duca,,,${sum_educ_2_inscrit_18_19_non} > 0 or ${sum_educ_3_presence_18_19_non} > 0,,,name != ${educ_5_ecole_acces_1} and name != ${educ_5_ecole_acces_2},,,,,
integer,sum_educ_2_inscrit_18_19.filles_7_12,Nombre moyen de filles (7 √† 12 ans) inscrites √† l'√©c,,,,,,,,,,,
integer,sum_educ_2_inscrit_18_19.filles_13_18,Nombre moyen de filles (13 √† 18ans) inscrites √† l'√©c,,,,,,,,,,,
integer,sum_educ_2_inscrit_18_19.garcons_7_12,Nombre moyen de gar√ßons (7 √† 12 ans) inscrits √† l'√©,,,,,,,,,,,
integer,sum_educ_2_inscrit_18_19.garcons_13_18,Nombre moyen de gar√ßons (13 √† 18 ans) inscrits √† l'√©,,,,,,,,,,,
integer,sum_educ_3_inscrit_18_19.filles_7_12.12m,Nombre moyen de filles (7 √† 12 ans) pr√©sentes toute l'ann,,,,,,,,,,,
integer,sum_educ_3_inscrit_18_19.filles_7_12.6m_12m,Nombre moyen de filles (7 √† 12 ans) pr√©sentes au moins la moiti√© de l'an,,,,,,,,,,,
integer,sum_educ_3_inscrit_18_19.filles_7_12.3m_6m,Nombre moyen de filles (7 √† 12 ans) pr√©sentes entre 3 et 6 mo,,,,,,,,,,,
integer,sum_educ_3_inscrit_18_19.filles_7_12.0m_3m,Nombre moyen de filles (7 √† 12 ans) pr√©sentes moins de 3 moi,,,,,,,,,,,
integer,sum_educ_3_inscrit_18_19.filles_7_12.0m,Nombre moyen de filles (7 √† 12 ans) pr√©sentes jamais pr√©se,,,,,,,,,,,
integer,sum_educ_3_inscrit_18_19.filles_13_18.12m,Nombre moyen de filles (13 √† 18 ans) pr√©sentes toute l'ann,,,,,,,,,,,
integer,sum_educ_3_inscrit_18_19.filles_13_18.6m_12m,Nombre moyen de filles (13 √† 18 ans) pr√©sentes au moins la moiti√© de l'an,,,,,,,,,,,
integer,sum_educ_3_inscrit_18_19.filles_13_18.3m_6m,Nombre moyen de filles (13 √† 18 ans) pr√©sentes entre 3 et 6 mo,,,,,,,,,,,
integer,sum_educ_3_inscrit_18_19.filles_13_18.0m_3m,Nombre moyen de filles (13 √† 18 ans) pr√©sentes moins de 3 moi,,,,,,,,,,,
integer,sum_educ_3_inscrit_18_19.filles_13_18.0m,Nombre moyen de filles (13 √† 18 ans) pr√©sentes jamais pr√©se,,,,,,,,,,,
integer,sum_educ_3_inscrit_18_19.garcons_7_12.12m,Nombre moyen de gar√ßons (7 √† 12 ans) pr√©sents toute l'an,,,,,,,,,,,
integer,sum_educ_3_inscrit_18_19.garcons_7_12.6m_12m,Nombre moyen de gar√ßons (7 √† 12 ans) pr√©sents au moins la moiti√© de l'a,,,,,,,,,,,
integer,sum_educ_3_inscrit_18_19.garcons_7_12.3m_6m,Nombre moyen de gar√ßons (7 √† 12 ans) pr√©sents entre 3 et 6 m,,,,,,,,,,,
integer,sum_educ_3_inscrit_18_19.garcons_7_12.0m_3m,Nombre moyen de gar√ßons (7 √† 12 ans) pr√©sents moins de 3 mo,,,,,,,,,,,
integer,sum_educ_3_inscrit_18_19.garcons_7_12.0m,Nombre moyen de gar√ßons (7 √† 12 ans) pr√©sents jamais pr√©s,,,,,,,,,,,
integer,sum_educ_3_inscrit_18_19.garcons_13_18.12m,Nombre moyen de gar√ßons (13 √† 18 ans) pr√©sents toute l'an,,,,,,,,,,,
integer,sum_educ_3_inscrit_18_19.garcons_13_18.6m_12m,Nombre moyen de gar√ßons (13 √† 18 ans) pr√©sents au moins la moiti√© de l'a,,,,,,,,,,,
integer,sum_educ_3_inscrit_18_19.garcons_13_18.3m_6m,Nombre moyen de gar√ßons (13 √† 18 ans) pr√©sents entre 3 et 6 m,,,,,,,,,,,
integer,sum_educ_3_inscrit_18_19.garcons_13_18.0m_3m,Nombre moyen de gar√ßons (13 √† 18 ans) pr√©sents moins de 3 mo,,,,,,,,,,,
integer,sum_educ_3_inscrit_18_19.garcons_13_18.0m,Nombre moyen de gar√ßons (13 √† 18 ans) pr√©sents jamais pr√©s,,,,,,,,,,,
integer,sum_educ_4_handi_acces.descol_autre,Nombre moyen d'enfants en situation d'handicap  pour une raison autre que leur handicap,,,,,,,,,,,
integer,sum_educ_4_handi_acces.descol_acces,Nombre moyen d'enfants en situation d'handicap  car l'acc√®s est impossibl,,,,,,,,,,,
integer,sum_educ_4_handi_acces.descol_enseignement,Nombre moyen d'enfants en situation d'handicap car enseignement pas adapt√,,,,,,,,,,,
integer,sum_educ_4_handi_acces.scol_non_opti,Nombre moyen d'enfants en situation d'handicap s'adaptant √† des conditions non-optimale,,,,,,,,,,,
integer,sum_educ_4_handi_acces.scol_ok,Nombre moyen d'enfants en situation d'handicap s'adaptant √† l'aise avec condition,,,,,,,,,,,
integer,sum_educ_4_handi_acces.autre,Nombre moyen d'enfants en situation d'handicap dans autres,,,,,,,,,,,
integer,enfants_ecole_6mois,Pourcentage moyen des enfants (6 √† 17 ans) dans les m√©nages qui ont √©t√© √† l‚Äô√©cole la majorit√© de l‚Äôann√©e scolair,,,,,,,,,,,
end_group ,education_2,,,,,,,,,,,,
begin_group ,NFI,,,,,,,,,,,,
begin group,item_list_oui_non,,,V√©rifiez/observez si possible ,,,,field-list,,,,,
select_one oui_non,bache,Possession b√¢ch,TRUE,,,,,,yes,,,,
select_one nb_titre,kit_cuisine,Possession kit cuisine complet,TRUE,"Suffisamment de tasses, de couverts et d'assiettes pour tous les membres du m√©nag",,,,,yes,,,,
select_one nb_famille,habits_femmes_enfants,Possession habits pour les membres du m√©nag,TRUE,,,,,,yes,,,,
select_one nb_famille,doc_legale,Possession documentation l√©gale d'identit√© (un extrait d‚Äôacte de naissance ou une carte d‚Äôidentit√©) pour tous les membres du,TRUE,Un par membre du m√©nage ,,,,,yes,,,,
integer,doc_legale_nb_filles,Nombre moyen de filles (0-17 ans) avec documents l√©gau,TRUE,,"selected(${doc_legale},'incomp') and ${sum_agegrp_0_17_femmes} > 0",.>=0 and .<=${sum_agegrp_0_17_femmes} ,Nombre entre 0 et nombre total de filles dans le m√©nages (= ${sum_agegrp_0_17_femmes} ,,,,,,
integer,doc_legale_nb_garcons,Nombre moyen de gar√ßons (0-17 ans) avec documents l√©ga,TRUE,,"selected(${doc_legale},'incomp') and ${sum_agegrp_0_17_hommes} > 0",.>=0 and .<=${sum_agegrp_0_17_hommes} ,Nombre entre 0 et nombre total de gar√ßons dans le m√©nage (= ${sum_agegrp_0_17_hommes},,,,,,
integer,doc_legale_nb_femmes,Nombre moyen de femmes (18 ans et plus) avec documents l√©gau,TRUE,,"selected(${doc_legale},'incomp') and ${sum_agegrp_18plus_femmes} > 0",.>=0 and .<=${sum_agegrp_18plus_femmes} ,Nombre entre 0 et nombre total de femmes dans le m√©nage (= ${sum_agegrp_18plus_femmes} ,,,,,,
integer,doc_legale_nb_hommes,Nombre moyen d'hommes (18 ans et plus) avec documents l√©gau,TRUE,,"selected(${doc_legale},'incomp') and ${sum_agegrp_18plus_hommes} > 0",.>=0 and .<=${sum_agegrp_18plus_hommes} ,Nombre entre 0 et nombre total d'hommes dans le m√©nage (= ${sum_agegrp_18plus_hommes} ,,,,,,
select_one nb_titre,doc_propriete,Titre de propri√©t√© pour l'ensemble des biens et propri√©t,TRUE,,,,,,yes,,,,
select_one nb_cccm,semence,Possession semence,TRUE,,,,,,yes,,,,
select_one nb_cccm,outils_aratoires,Possession outils aratoire,TRUE,,,,,,yes,,,,
select_one oui_non,cendres,Possession cendres pour le lavage des mains,TRUE,,,,,,yes,,,,
end_group ,item_list_oui_non,,,,,,,,,,,,
begin_group,item_list_scoreNFI,,,Mettre 0 si le m√©nage ne poss√®de pas l'article. V√©rifiez/observez si possibl,,,,field-list,,,,,
integer,savon_toilette_azur,Nombre moyen de savons de toilette,TRUE,,,,,,yes,,,,
integer,savon_lessive,Nombre moyen de savons de lessive,TRUE,,,,,,yes,,,,
integer,pot,Nombre moyen de pots pour b√©b,TRUE,,,,,,yes,,,,
integer,gobelet,Nombre moyen de gobelets de 250 ml ,TRUE,,,,,,yes,,,,
integer,serviette_hyg,Nombre moyen de serviettes hygi√©niqu,TRUE,,,,,,yes,,,,
integer,bidons_cap,Capacit√© moyenne totale des bidons (litres,TRUE,"Bidons, marmites et autres utilis√©s pour le puisage et stockage de l'ea",,.>=0 and .<=200,">= 0, Max. 200 lt",,yes,,,,
integer,nb_seaux,Nombre moyen de seaux avec couvercle,TRUE,,,.>=0 and .<=100,">= 0, Max. 100",,yes,,,,
integer,nb_mousticaire,Nombre moyen de moustiquaires,TRUE,,,.>=0 and .<=100,">= 0, Max. 100",,yes,,,,
integer,moust_pp,Nombre moyen de moustiquaires par personnes dans le m√©nag,,,,,,,,,,,
integer,nb_casseroles,Nombre moyen de casseroles et marmites (5 litres et +),TRUE,,,.>=0 and .<=100,">= 0, Max. 100",,yes,,,,
integer,nb_couchage,"Nombre moyen de supports de couchage (lits, matelas, nattes)",TRUE,,,.>=0 and .<=100,">= 0, Max. 100",,yes,,,,
integer,sup_couchage_pp,"Nombre moyen de supports de couchage (lits, matelas, nattes) par personnes",,,,,,,,,,,
integer,nb_draps,Nombre moyen de couvertures/ draps,TRUE,,,.>=0 and .<=100,">= 0, Max. 100",,yes,,,,
integer,draps_pp,Nombre moyen de couvertures/ draps par personnes,,,,,,,,,,,
integer,nb_kitcuisine,A un kit cuisine,,,,,,,,,,,
integer,nb_bache,A b√¢ch,,,,,,,,,,,
integer,nb_habits,A habits pour le m√©nag,,,,,,,,,,,
integer,nb_doc_legal,A documents l√©gaux pour le m√©na,,,,,,,,,,,
integer,nb_doc_prop,A titre de propri√©t√© pour l'ensemble des bie,,,,,,,,,,,
integer,nb_semance,A semence,,,,,,,,,,,
integer,nb_outils_aratoires,A outils aratoires,,,,,,,,,,,
integer,nb_cendres,A cendres,,,,,,,,,,,
integer,sum_item_list,Somme de possession d'articles essentiels,,,,,,,,,,,
integer,score_bidons,Score bidons,,,,,,,,,,,
integer,score_seau,Score seau,,,,,,,,,,,
integer,score_moust,Score moustiquaire,,,,,,,,,,,
integer,score_casserole,Score casserole,,,,,,,,,,,
integer,score_draps,Score draps,,,,,,,,,,,
integer,score_couchage,Score couchage,,,,,,,,,,,
integer,score_nfi_tot,Score NFI,,,,,,,,,,,
select_one oui_non,sphere_nfi,Standards SPHERE NFI atteints,,,,,,,,,,,
end_group ,item_list_scoreNFI,,,,,,,,,,,,
end_group ,NFI,,,,,,,,,,,,
begin_group ,NFI_Abris_CCCM,NFI/Abris/CCCM,,,,,,,,,,,
select_one type_abri,nfi_2_type_abri,Type d'abirs utilis√,TRUE,,,,,,,,,,
select_one oui_non_nsp,nfi_propr_abri_propre,Propri√©t√© de l'abri actu,TRUE,,"not(selected(${nfi_2_type_abri},'aucun'))",,,,,,,,
select_one propr_abri,nfi_propr_abri,"Si pas propri√©taire, type d'arrangemen",TRUE,(Lire les propositions),"selected(${nfi_propr_abri_propre}, 'non')",,,,,,,,
integer ,nfi_4_personnes_abri,Nombre moyen de personnes dormant dans abris,TRUE,,,,,,,,,,
integer ,nfi_5_taille_abri,Taille moyenne des abris (en m2),TRUE,,,,,,,,,,
integer ,taille_abri_pp,Taille moyenne des abris (en m2) par personnes,,,,,,,,,,,
select_one oui_non,taille_abri_pp_horssphere,M√©nages vivant dans un abris,,,,,,,,,,,
end_group ,NFI_Abris_CCCM,,,,,,,,,,,,
begin_group ,MSSC,Nous allons maintenant vous poser des questions concernant vos moyens d'existence. Soyez le plus pr√©cis possible s'il vous plait,,,,,,,,,,,
select_one revenu,mssc_1_revenu,Revenus mensuels moyen,TRUE,"Inclure toutes les sources de revenus, y compris les emprunts et les dons",,,,,,,,,
select_one source_rev,mssc_2_source_rev_1,1√®re source de reven,TRUE,,,,,,,,,,
select_one source_rev,mssc_2_source_rev_2,2√®me source de reven,,,"not(selected(${mssc_2_source_rev_1}, 'nsp'))",,,name != ${mssc_2_source_rev_1},,,,,
select_one source_rev,mssc_2_source_rev_3,3√®me source de reven,,,"not(selected(${mssc_2_source_rev_1}, 'nsp')) or not(selected(${mssc_2_source_rev_2}, 'nsp'))",,,name != ${mssc_2_source_rev_1} and name != ${mssc_2_source_rev_2},,,,,
begin group,mssc_3_dep_30J,Combien avez-vous d√©pens√© pour acqu√©rir les biens et/ou services au cours des 30 derniers jours,,"D√©pense estim√©e en XAF pour chacune des cat√©gories (si aucune d√©pense, √©cri",,,,,,,,,
integer,mssc_3_dep_30J_alim,D√©penses mensuelles moyennes au cours des 30 derniers jours en: Articles alimentaire,TRUE,,,,,,yes,,,,
integer,mssc_3_dep_30J_elec,D√©penses mensuelles moyennes au cours des 30 derniers jours en: Electricit,TRUE,,,,,,yes,,,,
integer,mssc_3_dep_30J_eau,D√©penses mensuelles moyennes au cours des 30 derniers jours en: Ea,TRUE,,,,,,yes,,,,
integer,mssc_3_dep_30J_logement,D√©penses mensuelles moyennes au cours des 30 derniers jours en: Logement / Locatio,TRUE,,,,,,yes,,,,
integer,mssc_3_dep_30J_tel,D√©penses mensuelles moyennes au cours des 30 derniers jours en: T√©l√©phone / Acc√®s inte,TRUE,,,,,,yes,,,,
integer,mssc_3_dep_30J_comb,D√©penses mensuelles moyennes au cours des 30 derniers jours en: Combustible : bois / charbon de bois / p√©trole lampant / gaz buta,TRUE,,,,,,yes,,,,
integer,mssc_3_dep_30J_transport,"D√©penses mensuelles moyennes au cours des 30 derniers jours en: Transport (d√©placement, voyage, carburant, d√©pense pour les v√©hicules, e",TRUE,,,,,,yes,,,,
integer,mssc_3_dep_30J_hyg,D√©penses mensuelles moyennes au cours des 30 derniers jours en: Savon / produits d‚Äôentretien et de nettoyage / Hygi√®ne et soins corpo,TRUE,,,,,,yes,,,,
integer,mssc_3_dep_30J_tabac_alc,D√©penses mensuelles moyennes au cours des 30 derniers jours en: Tabac/Alcoo,TRUE,,,,,,yes,,,,
calculate,mssc_3_depense_totale,,,,,,,,,,,"${mssc_3_dep_30J_alim} + ${mssc_3_dep_30J_elec} + ${mssc_3_dep_30J_eau} + ${mssc_3_dep_30J_logement} + ${mssc_3_dep_30J_tel} + ${mssc_3_dep_30J_comb} + ${mssc_3_dep_30J_transport} + ${mssc_3_dep_30J_hyg} + ${mssc_3_dep_30J_tabac_alc}
",
calculate,mssc_1_revenu_total_max,,,,,,,,,,,"if(selected(${mssc_1_revenu}, 'none'),0, if(selected(${mssc_1_revenu}, '1_50000'), 50000, if(selected(${mssc_1_revenu}, '50001_100000'), 100000,  if(selected(${mssc_1_revenu}, '100001_150000'), 150000, if(selected(${mssc_1_revenu}, '150001_200000'), 200000, if(selected(${mssc_1_revenu}, '200001_300000'), 300000, if(selected(${mssc_1_revenu}, '300001_500000'), 500000, 100000000)))))))",
end_group ,mssc_3_dep_30J,,,,,,,,,,,,
begin group,mssc_4_dep_6M,Combien avez-vous d√©pens√© pour acqu√©rir les biens et/ou services au cours des 6 derniers moi,,"D√©pense estim√©e en XAF pour chacune des cat√©gories (si aucune d√©pense, √©cri",,,,,,,,,
integer,mssc_4_dep_6M_sante,D√©penses moyennes au cours des 6 derniers mois en: D√©penses m√©dicales / sa,TRUE,,,,,,yes,,,,
integer,mssc_4_dep_6M_vet,"D√©penses moyennes au cours des 6 derniers mois en: V√™tements, chaussur",TRUE,,,,,,yes,,,,
integer,mssc_4_dep_6M_educ,"D√©penses moyennes au cours des 6 derniers mois en: Education, frais de scolarit",TRUE,,,,,,yes,,,,
integer,mssc_4_dep_6M_dettes,D√©penses moyennes au cours des 6 derniers mois en: Remboursement de dett,TRUE,,,,,,yes,,,,
integer,mssc_4_dep_6M_construction_log,D√©penses moyennes au cours des 6 derniers mois en: Construction / R√©paration de logeme,TRUE,,,,,,yes,,,,
integer,mssc_4_dep_6M_fete,D√©penses moyennes au cours des 6 derniers mois en: Ev√©nements sociaux / Festivit,TRUE,,,,,,yes,,,,
integer,mssc_4_dep_6M_intr_agr,"D√©penses moyennes au cours des 6 derniers mois en: Intrants agricoles (semences, engrais, pesticides",TRUE,,,,,,yes,,,,
integer,mssc_4_dep_6M_intr_el,"D√©penses moyennes au cours des 6 derniers mois en: Intrants √©levage (aliment b√©tail, produits v√©t√©rinaires, pierres √† l",TRUE,,,,,,yes,,,,
end_group ,mssc_4_dep_6M,,,,,,,,,,,,
select_one oui_non_nsp,mssc_6_membres_assoc,"Membre de l'association ou groupement (AVEC, tontine, EPC, etc) ? ",TRUE,,,,,,,,,,
select_one oui_non_nsp,mssc_7_acces_forma_prof,Acc√®s √† une initiative de formation professionnelle m√©tier 90 derniers jo,TRUE,,,,,,,,,,
end_group ,MSSC,,,,,,,,,,,,
begin_group ,SecAl,,,,,,,,,,,,
begin_group ,FCS,,,,,,,,,,,,
integer,secal_1_cereales,"Nombre de jours consomm√©s C√©r√©ales, Racines, tubercu",TRUE,"Sorgho, mil, ma√Øs, bl√©, riz, pain/galette, beignets, farine, p√¢tes alimentaire, manioc, pomme de terre, patates douces, ignames, et autres tubercu",,.>= 0 and .<=7,"Chiffre entre 0 et 7. (Si l'aliment est consomm√© plusieurs fois par jour, comptez qu'une seule fois!",,,,,,
select_one source_aliment,secal_2_cereales,"C√©r√©ales, Racines, tubercules provenan",TRUE,"Sorgho, mil, ma√Øs, bl√©, riz, pain/galette, beignets, farine, p√¢tes alimentaire, manioc, pomme de terre, patates douces, ignames, et autres tubercu",${secal_1_cereales} > 0,,,,,,,,
integer,secal_1_legumineuse,Nombre de jours consomm√©s: L√©gumineuses / no,TRUE,"Haricots, arachides, lentilles, amande, et/ou autre noix",,.>= 0 and .<=7,"Chiffre entre 0 et 7. (Si l'aliment est consomm√© plusieurs fois par jour, comptez qu'une seule fois!",,,,,,
select_one source_aliment,secal_2_legumineuse,L√©gumineuses / noix : provenanc,TRUE,"Haricots, arachides, lentilles, amande, et/ou autre noix",${secal_1_legumineuse} > 0,,,,,,,,
integer,secal_1_lait,Nombre de jours consomm√©s: Lait et autres produits laitier,TRUE,"Lait frais / aigri, yaourt, fromage, autre produits laitiers SAUF margarine / beurre ou de petites quantit√©s de lait pour le th√© / caf√© (Lait en poudre¬†: seulement si des verres de lait en poudre sont consom",,.>= 0 and .<=7,"Chiffre entre 0 et 7. (Si l'aliment est consomm√© plusieurs fois par jour, comptez qu'une seule fois!",,,,,,
select_one source_aliment,secal_2_lait,Lait et autres produits laitiers: provenance,TRUE,"Lait frais / aigri, yaourt, fromage, autre produits laitiers SAUF margarine / beurre ou de petites quantit√©s de lait pour le th√© / caf√© (Lait en poudre¬†: seulement si des verres de lait en poudre sont consom",${secal_1_lait} > 0,,,,,,,,
integer,secal_1_viande,"Nombre de jours consomm√©s: Viande, Poisson, ≈íu",TRUE,"Ch√®vres, mouton, b≈ìuf, poulets, fruits de mer, thon en boite, chenilles, termites, et",,.>= 0 and .<=7,"Chiffre entre 0 et 7. (Si l'aliment est consomm√© plusieurs fois par jour, comptez qu'une seule fois!",,,,,,
select_one source_aliment,secal_2_viande,"Viande, Poisson, ≈íufs: provenanc",TRUE,"Ch√®vres, mouton, b≈ìuf, poulets, fruits de mer, thon en boite, chenilles, termites, et",${secal_1_viande} > 0,,,,,,,,
integer,secal_1_legumes,Nombre de jours consomm√©s: L√©gumes et feuilles vert,TRUE,"Carotte, poivron rouge, citrouille,  oignon, tomates, concombre, haricot vert, petit pois, champignon, etc.",,.>= 0 and .<=7,"Chiffre entre 0 et 7. (Si l'aliment est consomm√© plusieurs fois par jour, comptez qu'une seule fois!",,,,,,
select_one source_aliment,secal_2_legumes,L√©gumes et feuilles vertes: provenanc,TRUE,"Carotte, poivron rouge, citrouille,  oignon, tomates, concombre, haricot vert, petit pois, champignon, etc.",${secal_1_legumes} > 0,,,,,,,,
integer,secal_1_fruits,Nombre de jours consomm√©s: Fruit,TRUE,"Mangue, papaye, banane, pomme, citron, mandarine, orange, goyave, etc.",,.>= 0 and .<=7,"Chiffre entre 0 et 7. (Si l'aliment est consomm√© plusieurs fois par jour, comptez qu'une seule fois!",,,,,,
select_one source_aliment,secal_2_fruits,Fruits: Nombre de jours consomm√©,TRUE,"Mangue, papaye, banane, pomme, citron, mandarine, orange, goyave, etc.",${secal_1_fruits} > 0,,,,,,,,
integer,secal_1_huile,Nombre de jours consomm√©s: Huile / gras / beurr,TRUE,"Huile de cuisson, beurre de karit√©, margarine, autres gras/huil",,.>= 0 and .<=7,"Chiffre entre 0 et 7. (Si l'aliment est consomm√© plusieurs fois par jour, comptez qu'une seule fois!",,,,,,
select_one source_aliment,secal_2_huile,Huile / gras / beurre: provenance,TRUE,"Huile de cuisson, beurre de karit√©, margarine, autres gras/huil",${secal_1_huile} > 0,,,,,,,,
integer,secal_1_sucre,Nombre de jours consomm√©s: Sucre ou produits sucr√,TRUE,"Miel, confiture, beignets, bonbons, biscuits, p√¢tisseries, g√¢teaux et autre produits suc",,.>= 0 and .<=7,"Chiffre entre 0 et 7. (Si l'aliment est consomm√© plusieurs fois par jour, comptez qu'une seule fois!",,,,,,
select_one source_aliment,secal_2_sucre,Sucre ou produits sucr√©: provenanc,TRUE,"Miel, confiture, beignets, bonbons, biscuits, p√¢tisseries, g√¢teaux et autre produits suc",${secal_1_sucre} > 0,,,,,,,,
integer,secal_1_epices,Nombre de jours consomm√©s: Epices / condiment,TRUE,"Th√©, caf√©/cacao, sel, ail, √©pices, levure/poudre √† p√¢te, tomate/sauce piquante, autres condiments y compris petite quantit√© de lait pour le th",,.>= 0 and .<=7,"Chiffre entre 0 et 7. (Si l'aliment est consomm√© plusieurs fois par jour, comptez qu'une seule fois!",,,,,,
select_one source_aliment,secal_2_epices,Epices / condiments: provenance,TRUE,"Th√©, caf√©/cacao, sel, ail, √©pices, levure/poudre √† p√¢te, tomate/sauce piquante, autres condiments y compris petite quantit√© de lait pour le th",${secal_1_epices} > 0,,,,,,,,
calculate,FCS_score,,,,,,,,,,,${secal_1_cereales}*2 + ${secal_1_legumineuse}*3 + ${secal_1_lait}*4 + ${secal_1_viande}*4 + ${secal_1_legumes}*1 + ${secal_1_fruits}*1 + ${secal_1_huile}*0.5 + ${secal_1_sucre}*0.5,
end_group ,FCS,,,,,,,,,,,,
begin_group ,HHS,,,,,,,,,,,,
select_one oui_non_nsp,secal_3_HHS,"Au cours des 30 derniers jours,  aucun aliment √† manger √† la maison, de quelque nature que ce soit, √† cause du manque de ressour",TRUE,,,,,,,,,,
select_one HHS,secal_3_HHS_nb,Nombre de jours moyen aucun aliment √† manger √† la mais,TRUE,,"selected(${secal_3_HHS}, 'oui')",,,,,,,,
select_one oui_non_nsp,secal_4_HHS,"Au cours des 30 derniers jours, membre du m√©nage oblig√© de dormir affam√© le soir parce qu'il n'y avait pas assez de nourrit",TRUE,,,,,,,,,,
select_one HHS,secal_4_HHS_nb,Nombre de jours moyen membres du m√©nages oblig√©s de dormir affam,TRUE,,"selected(${secal_4_HHS}, 'oui')",,,,,,,,
select_one oui_non_nsp,secal_5_HHS,"Au cours des 30 derniers jours,  membre du m√©nage pass√© un jour et une nuit entiers sans rien manger parce qu'il n'y avait pas assez de nourritu",TRUE,,,,,,,,,,
select_one HHS,secal_5_HHS_nb,Nombre de jours membre du m√©nage pas√© un jour et une nuit entiers sans rien mang,TRUE,,"selected(${secal_5_HHS}, 'oui')",,,,,,,,
end_group ,HHS,,,,,,,,,,,,
select_one oui_non_nsp,secal_6_agric,Pratique optimale agriculture cette ann√©,TRUE,,,,,,,,,,
select_one acces_agric_raisons,secal_6_agric_raisons_1,1√®re raison agriculture non-optimal,TRUE,,"selected(${secal_6_agric}, 'non')",,,,,,,,
select_one acces_agric_raisons,secal_6_agric_raisons_2,2√®me raison  agriculture non-optimal,,,"selected(${secal_6_agric}, 'non')",,,name != ${secal_6_agric_raisons_1},,,,,
select_one acces_agric_raisons,secal_6_agric_raisons_3,3√®me raison agriculture non-optimal,,,"selected(${secal_6_agric}, 'non')",,,name != ${secal_6_agric_raisons_1} and name != ${secal_6_agric_raisons_2},,,,,
select_one acces_marche,secal_9_acces_marche,March√© fonctionnel √† promixit√© les 7 derniers jo,,,,,,,,,,,
end_group ,SecAl,,,,,,,,,,,,
begin_group ,EHA,Nous allons maintenant vous poser des questions concernant vos habitudes sur votre consommation d'eau et votre hygi√®ne quotidienne. Soyez le plus pr√©cis possible s'il vous plai,,,,,,,,,,,
begin_group ,EAU,EAU,,,,,,,,,,,
select_multiple source_eau,wash_1_source_boisson,Sources d'eau principales utilis√© pour boir,TRUE,,,"not(selected(., 'nsp') and count-selected(.)>1)","Si 'je ne sais pas / pr√©f√®re ne pas r√©pondre', aucune autre r√©ponse ne doit √™tre s√©lect",,,,,,
select_one oui_non,source_eau_boisson,M√©nages utilisant une source d'eau am√©lior,,,,,,,,,,,
select_one type_source,source_eau_combinee,Type de source d'eau de boisson des m√©nage,,,,,,,,,,,
select_multiple source_eau,wash_2_source_autre_usage,"Sources d'eau principales utilis√© pour les autres usages (pour cuisiner, pour des raisons hygi√©niques, pour se laver ou lave",TRUE,,,,,,,,,,
select_one type_source,source_eaU_autresusages,Type de source d'eau des m√©nages pour autres usage,,,,,,,,,,,
select_one temps_d_acces,wash_4_temps,"Temps moyen pour rejoindre  source d'eau principale, r√©cup√©rer l'eau et revenir (incluant le temps d'attente √† la sour",TRUE,,,,,,,,,,
select_one oui_non_nsp,wash_5_saison_seche,Principale source d'eau disponible durant la saison s√®che et la saison des pluie,TRUE,,,,,,,,,,
integer,wash_6_nb_bidons,"Nombre moyen de r√©cipients  utilis√© hier pour collecter de l'eau utilis√©e √† des fins domestiques (boire, manger, se laver, netto",TRUE,,,,,,,,,,
begin repeat,nb_bidons,,,,,,,,,,,,${wash_6_nb_bidons}
calculate,theloopcount,,,,,,,,,,,position(..),
integer,wash_6_volume_recipient,Quelle est la capacit√© en litre du r√©cipient num√©ro ${theloopcount},TRUE,Entrer la capacit√© totale du r√©cipient EN LITR,,.>= 0 and.<=500,">0, Max. 500 litres",,,,,,
integer,wash_7_frequence_recipient,Combien de fois le r√©cipient num√©ro ${theloopcount} a-t-il √©t√© rem,TRUE,Entrer le nombre de fois que les r√©cipients ont √©t√© remp,,,,,,,,,
calculate,volume_total_par_recipient,,,,,,,,,,,${wash_6_volume_recipient}*${wash_7_frequence_recipient},
end repeat,nb_bidons,,,,,,,,,,,,
calculate,volume_total_recipients,Volume total moyen des r√©cipients de collecte de l'ea,,,,,,,,,,sum(${volume_total_par_recipient}),
calculate,volume_total_recipients_pp,Quantit√© d‚Äôeau moyenne utilis√©e par jour et par personne (en lit,,,,,,,,,,${volume_total_recipients} div ${ig_6_HH_membres_tot},
select_one eau_insuff_raison,wash_9_insuff_raisons_1,1√®re raison manque d'acc√®s √† l',TRUE,,${volume_total_recipients_pp} < 15,,,,,,,,
select_one eau_insuff_raison,wash_9_insuff_raisons_2,2√®me raison manque d'acc√®s √† l',,,"${volume_total_recipients_pp} < 15 and not(selected(${wash_9_insuff_raisons_1}, 'nsp')) and not(selected(${wash_9_insuff_raisons_1}, 'aucune'))",,,name != ${wash_9_insuff_raisons_1},,,,,
select_one eau_insuff_raison,wash_9_insuff_raisons_3,3√®me raison manque d'acc√®s √† l',,,"${volume_total_recipients_pp} < 15 and not(selected(${wash_9_insuff_raisons_1}, 'nsp')) and not(selected(${wash_9_insuff_raisons_1}, 'aucune')) and not(selected(${wash_9_insuff_raisons_2}, 'nsp')) and not(selected(${wash_9_insuff_raisons_2}, 'aucune'))",,,name != ${wash_9_insuff_raisons_1} and name != ${wash_9_insuff_raisons_2},,,,,
select_multiple certains_groupes,wash_9_insuff_raisons_certains_groupes,Certains groupes n'ont pas acc√®s aux sources d‚Äôe,,,${wash_9_insuff_raisons_1} ='inacc_pr_certains_groupes' or ${wash_9_insuff_raisons_2} ='inacc_pr_certains_groupes' or ${wash_9_insuff_raisons_3} ='inacc_pr_certains_groupes',,,,,,,,
end_group ,EAU,,,,,,,,,,,,
begin_group ,SANITAIRE,Infrastructures sanitaires (toilettes / latrines),,,,,,,,,,,
select_one infra_sanit,wash_10_infra_sanit,Type d'infrastructure sanitaire (latrine ou toilettes) utilis√,TRUE,,,,,,,,,,
select_one oui_non_nsp,wash_11_sanit_partagee,Partage un infrastructure sanitaire (latrines ou toilettes) avec plus de 20 personnes,TRUE,,"selected(${wash_10_infra_sanit}, 'latrine_acceptable') or selected(${wash_10_infra_sanit}, 'latrine_non_acceptable')",,,,,,,,
select_one oui_non_nsp,wash_12_sanit_partagee_par_genre,Latrines communautaires utilis√©es  s√©par√©es par genre (homme/fem,TRUE,,"selected(${wash_11_sanit_partagee}, 'oui')",,,,,,,,
select_one oui_non_nsp,wash_13_sanit_partagee_espace_femmes,Latrines communautaires utilis√©es comprennent un espace r√©serv√© aux femmes pour leur hygi√®ne menstru,TRUE,,"selected(${wash_11_sanit_partagee}, 'oui')",,,,,,,,
select_one acces_suffisant,wash_14_suffisant,Acc√®s actuel aux installations sanitaires suffisant pour r√©pondre aux besoins essentiels des membres du m√©n,TRUE,,,,,,,,,,
select_one latrine_insuff_raison,wash_15_insuff_raisons_1,1√®re raison manque acc√®s sanitair,TRUE,,"selected(${wash_14_suffisant}, 'juste_assez') or selected(${wash_14_suffisant}, 'insuff') or selected(${wash_14_suffisant}, 'pas_suff_du_tout') ",,,,,,,,
select_one latrine_insuff_raison,wash_15_insuff_raisons_2,2√®me raison manque acc√®s sanitair,,,"(selected(${wash_14_suffisant}, 'juste_assez') or selected(${wash_14_suffisant}, 'insuff') or selected(${wash_14_suffisant}, 'pas_suff_du_tout')) and not(selected(${wash_15_insuff_raisons_1}, 'nsp')) and not(selected(${wash_15_insuff_raisons_1}, 'aucune'))",,,name != ${wash_15_insuff_raisons_1},,,,,
select_one latrine_insuff_raison,wash_15_insuff_raisons_3,3√®me raison manque acc√®s sanitair,,,"(selected(${wash_14_suffisant}, 'juste_assez') or selected(${wash_14_suffisant}, 'insuff') or selected(${wash_14_suffisant}, 'pas_suff_du_tout')) and not(selected(${wash_15_insuff_raisons_1}, 'nsp')) and not(selected(${wash_15_insuff_raisons_1}, 'aucune')) and not(selected(${wash_15_insuff_raisons_2}, 'nsp')) and not(selected(${wash_15_insuff_raisons_2}, 'aucune'))",,,name != ${wash_15_insuff_raisons_1} and name != ${wash_15_insuff_raisons_2},,,,,
select_one certains_groupes,wash_15_insuff_raisons_certains_groupes, Certains groupes n'ont pas acc√®s aux sources d‚Äôeau: aux toilettes / latri,,,${wash_15_insuff_raisons_1} ='inacc_pr_certains_groupes' or ${wash_15_insuff_raisons_2} ='inacc_pr_certains_groupes' or ${wash_15_insuff_raisons_3} ='inacc_pr_certains_groupes',,,,,,,,
end_group ,SANITAIRE,,,,,,,,,,,,
begin_group ,HYGIENE,Lavage de main,,,,,,,,,,,
select_multiple lavage_main_moment,wash_18_lavage_main_moment,Moments pour le lavage des mains,TRUE,"Ne pas lire les r√©ponses, mais laisser le r√©pondant se rappeler de tous les momen",,"not(selected(., 'nsp') and count-selected(.)>1)","Si 'je ne sais pas / pr√©f√®re ne pas r√©pondre', aucune autre r√©ponse ne doit √™tre s√©lect",,,,,,
select_multiple lavage_main_moyens,wash_19_lavage_main_moyens,Moyens pour le lavage des mains,TRUE,,,,,,,,,,
select_one oui_non,lavage_mains_MomentsCles_Savon,Se lave les mains √† au moins 3 moments cl√©s avec du savon ou de la cend,,,,,,,,,,,
end_group ,HYGIENE,,,,,,,,,,,,
begin_group ,environmental_sanit,Visibilit√© autour de votre logement des √©l√©ments suivants (30 m√®tre ou moin,,,,,,,,,,,
select_one oui_non_nsp,wash_20_dechets,Des d√©chets solides ou ordures pr√©sen,TRUE,,,,,,,,,,
select_one oui_non_nsp,wash_20_excrements,Des excr√©ments humains pr√©sen,TRUE,,,,,,,,,,
select_one oui_non_nsp,wash_20_eau_stagnante,De l'eau stagnante pr√©sent,TRUE,,,,,,,,,,
select_one oui_non_nsp,wash_20_animaux_morts,Des animaux morts pr√©sent,TRUE,,,,,,,,,,
select_one oui_non_nsp,wash_20_rongeurs,Des rongeurs pr√©sent,TRUE,,,,,,,,,,
select_one oui_non_nsp,wash_20_autres,Autres √©l√©ments malsains pr√©se,TRUE,,,,,,,,,,
end_group ,environmental_sanit,,,,,,,,,,,,
select_one wash_inquiet,wash_21_wash_inquiet_1,1√®re inqui√®tude WA,TRUE,,,,,,,,,,
select_one wash_inquiet,wash_21_wash_inquiet_2,2√®me inqui√®tude WA,,,"not(selected(${wash_21_wash_inquiet_1}, 'nsp')) and not(selected(${wash_21_wash_inquiet_1}, 'aucune'))",,,name != ${wash_21_wash_inquiet_1},,,,,
select_one wash_inquiet,wash_21_wash_inquiet_3,3√®me inqui√®tude WA,,,"not(selected(${wash_21_wash_inquiet_1}, 'nsp')) and not(selected(${wash_21_wash_inquiet_1}, 'aucune')) and not(selected(${wash_21_wash_inquiet_2}, 'nsp')) and not(selected(${wash_21_wash_inquiet_2}, 'aucune'))",,,name != ${wash_21_wash_inquiet_1} and name != ${wash_21_wash_inquiet_2},,,,,
end_group ,EHA,, ,,,,,,,,,,
begin_group ,Deces,,,,,,,,,,,,
select_one oui_non_nsp,sante_5_deces,Nombre moyen membre d√©c√©,TRUE,,,,,,,,,,
select_one deces_relation,sante_5_deces_relation,Relation √† la personne d√©c√©,,,"selected(${sante_5_deces}, 'oui')",,,,,,,,
integer,sante_5_deces_age,Age personne d√©c√©d,,,"selected(${sante_5_deces}, 'oui')",,,,,,,,
select_one homme_femme,sante_5_deces_sexe,Genre personne d√©c√©d,,,"selected(${sante_5_deces}, 'oui')",,,,,,,,
select_one deces_cause,sante_5_deces_cause,Cause d√©c√,,,"selected(${sante_5_deces}, 'oui')",,,,,,,,
integer,sum_sante_1_accouch_cs,Nombre moyen d'enfants accouch√©s en centre de sant,,,,,,,,,,,
integer,sum_sante_1_accouch_maison,Nombre moyen d'enfants accouch√©s √† la mais,,,,,,,,,,,
integer,sum_sante_1_accouch_autre,Nombre moyen d'enfants accouch√©s autre lie,,,,,,,,,,,
integer,sum_sante_1_accouch_nsp,Nombre moyen d'enfants accouch√©s Ne  sait pas ou ne veut pas r√©pond,,,,,,,,,,,
integer,sum_sante_2_malade_oui,Nombre moyen de membres du m√©nage malade dans les 30 derniers jour,,,,,,,,,,,
integer,sum_sante_2_malade_non,Nombre moyen de membres du m√©nage pas malade dans les 30 derniers jour,,,,,,,,,,,
integer,sum_sante_2_malade_nsp,Nombre moyen de membres du m√©nage dont on ignore s'ils ont √©t√© malades dans les 30 derniers jo,,,,,,,,,,,
integer,sum_sante_2_soin_recu_oui_cs,Nombre moyen de personnes malades dans le m√©nage ayant re√ßu des soins en centre de san,,,,,,,,,,,
integer,sum_sante_2_soin_recu_oui_maison,Nombre moyen de personnes malades dans le m√©nage ayant re√ßu des soins √† la mai,,,,,,,,,,,
integer,sum_sante_2_soin_recu_oui_autre,Nombre moyen de personnes malades dans le m√©nage ayant re√ßu des soins dans un autre endro,,,,,,,,,,,
integer,sum_sante_2_soin_recu_non,Nombre moyen de personnes malades dans le m√©nage n'ayant pas re√ßu de soi,,,,,,,,,,,
integer,sum_sante_3_soin_non_recu_infra_detruite_ca,Nombre moyen de personnes dans le m√©nage n'ayant pas re√ßu des soins car les infrastructures √©taient d√©truites par les com,,,,,,,,,,,
integer,sum_sante_3_soin_non_recu_infra_detruite_nat,Nombre moyen de personnes dans le m√©nage n'ayant pas re√ßu des soins car les infrastructures √©taient d√©truites par catastrophes nature,,,,,,,,,,,
integer,sum_sante_3_soin_non_recu_infra_inexis,Nombre moyen de personnes dans le m√©nage n'ayant pas re√ßu des soins car les infrastructures √©taient inexistan,,,,,,,,,,,
integer,sum_sante_3_soin_non_recu_infra_trop_loin,Nombre moyen de personnes dans le m√©nage n'ayant pas re√ßu des soins car les infrastructures √©taient trop l,,,,,,,,,,,
integer,sum_sante_3_soin_non_recu_insecurite,Nombre moyen de personnes dans le m√©nage n'ayant pas re√ßu des soins √† cause de l'ins√©cu,,,,,,,,,,,
integer,sum_sante_3_soin_non_recu_medic_indisp,Nombre moyen de personnes dans le m√©nage n'ayant pas re√ßu des soins car les m√©dicaments √©taient indisponi,,,,,,,,,,,
integer,sum_sante_3_soin_non_recu_qualite_trop_faible,Nombre moyen de personnes dans le m√©nage n'ayant pas re√ßu des soins car la qualit√© des soins est trop fai,,,,,,,,,,,
integer,sum_sante_3_soin_non_recu_staff_indisp,Nombre moyen de personnes dans le m√©nage n'ayant pas re√ßu des soins car le staff √©tait indisponi,,,,,,,,,,,
integer,sum_sante_3_soin_non_recu_trop_cher,Nombre moyen de personnes dans le m√©nage n'ayant pas re√ßu des soins car les soins √©taient trop ch,,,,,,,,,,,
integer,sum_sante_3_soin_non_recu_non_autre,Nombre moyen de personnes dans le m√©nage n'ayant pas re√ßu des soins Aut,,,,,,,,,,,
integer,sum_sante_3_soin_non_recu_nsp,Nombre moyen de personnes dans le m√©nage n'ayant pas re√ßu des soins Ne sait p,,,,,,,,,,,
integer,sum_sante_4_0_4_malades_autre_filles,Au moins une fille (0-4 ans) avec Autre maladie 30 derniers jours,,,,,,,,,,,
integer,sum_sante_4_0_4_malades_autre_garcons,Au moins un gar√ßon (0-4 ans) avec Autre maladie 30 derniers jour,,,,,,,,,,,
integer,sum_sante_4_0_4_malades_diarrhee_filles,Au moins une fille (0-4 ans) avec Diarrh√©e 30 derniers jour,,,,,,,,,,,
integer,sum_sante_4_0_4_malades_diarrhee_garcons,Au moins un gar√ßon (0-4 ans) avec Diarrh√©e 30 derniers jou,,,,,,,,,,,
integer,sum_sante_4_0_4_malades_toux_filles,Au moins une fille (0-4 ans) avec Toux 30 derniers jours,,,,,,,,,,,
integer,sum_sante_4_0_4_malades_toux_garcons,Au moins un gar√ßon (0-4 ans) avec Toux 30 derniers jour,,,,,,,,,,,
integer,sum_sante_4_0_4_malades_fievre_filles,Au moins une fille (0-4 ans) avec Fi√®vre  30 derniers jour,,,,,,,,,,,
integer,sum_sante_4_0_4_malades_fievre_garcons,Au moins un gar√ßon (0-4 ans) avec Fi√®vre  30 derniers jou,,,,,,,,,,,
integer,sum_sante_4_0_4_malades_oui_nsp_filles,Au moins une fille (0-4 ans) avec Ne sait pas  30 derniers jours,,,,,,,,,,,
integer,sum_sante_4_0_4_malades_oui_nsp_garcons,Au moins un gar√ßon (0-4 ans) avec Ne sait pas  30 derniers jour,,,,,,,,,,,
integer,sum_sante_5_5plus_malades.palu_femmes_5_17,Au moins une fille (5-17 ans) avec Paludisme 30 derniers jours,,,,,,,,,,,
integer,sum_sante_5_5plus_malades.palu_femmes_18plus,Au moins une femme (18 ans et plus) avec Paludisme 30 derniers jours,,,,,,,,,,,
integer,sum_sante_5_5plus_malades.palu_garcons_5_17,Au moins un gar√ßon (5-17 ans) avec Paludisme 30 derniers jour,,,,,,,,,,,
integer,sum_sante_5_5plus_malades.palu_garcons_18plus,Au moins un hommes (18 ans et plus) avec Paludisme 30 derniers jours,,,,,,,,,,,
integer,sum_sante_5_5plus_malades.infec_resp_femmes_5_17,Au moins une fille (5-17 ans) avec Maladie infectieuse respiratoire 30 derniers jours,,,,,,,,,,,
integer,sum_sante_5_5plus_malades.infec_resp_femmes_18plus,Au moins une femme (18 ans et plus) avec Maladie infectieuse respiratoire 30 derniers jours,,,,,,,,,,,
integer,sum_sante_5_5plus_malades.infec_resp_garcons_5_17,Au moins un gar√ßon (5-17 ans) avec Maladie infectieuse respiratoire 30 derniers jour,,,,,,,,,,,
integer,sum_sante_5_5plus_malades.infec_resp_garcons_18plus,Au moins un hommes (18 ans et plus) avec Maladie infectieuse respiratoire 30 derniers jours,,,,,,,,,,,
integer,sum_sante_5_5plus_malades.diarrhee_femmes_5_17,Au moins une fille (5-17 ans) avec Diarrh√©e 30 derniers jour,,,,,,,,,,,
integer,sum_sante_5_5plus_malades.diarrhee_femmes_18plus,Au moins une femme (18 ans et plus) avec Diarrh√©e 30 derniers jour,,,,,,,,,,,
integer,sum_sante_5_5plus_malades.diarrhee_garcons_5_17,Au moins un gar√ßon (5-17 ans) avec Diarrh√©e 30 derniers jou,,,,,,,,,,,
integer,sum_sante_5_5plus_malades.diarrhee_garcons_18plus,Au moins un hommes (18 ans et plus) avec Diarrh√©e 30 derniers jour,,,,,,,,,,,
integer,sum_sante_5_5plus_malades.rougeole_femmes_5_17,Au moins une fille (5-17 ans) avec Rougeole 30 derniers jours,,,,,,,,,,,
integer,sum_sante_5_5plus_malades.rougeole_femmes_18plus,Au moins une femme (18 ans et plus) avec Rougeole 30 derniers jours,,,,,,,,,,,
integer,sum_sante_5_5plus_malades.rougeole_garcons_5_17,Au moins un gar√ßon (5-17 ans) avec Rougeole 30 derniers jour,,,,,,,,,,,
integer,sum_sante_5_5plus_malades.rougeole_garcons_18plus,Au moins un hommes (18 ans et plus) avec Rougeole 30 derniers jours,,,,,,,,,,,
integer,sum_sante_5_5plus_malades.hepat_femmes_5_17,Au moins une fille (5-17 ans) avec H√©patite 30 derniers jour,,,,,,,,,,,
integer,sum_sante_5_5plus_malades.hepat_femmes_18plus,Au moins une femme (18 ans et plus) avec H√©patite 30 derniers jour,,,,,,,,,,,
integer,sum_sante_5_5plus_malades.hepat_garcons_5_17,Au moins un gar√ßon (5-17 ans) avec H√©patite 30 derniers jou,,,,,,,,,,,
integer,sum_sante_5_5plus_malades.hepat_garcons_18plus,Au moins un hommes (18 ans et plus) avec H√©patite 30 derniers jour,,,,,,,,,,,
integer,sum_sante_5_5plus_malades.cholera_femmes_5_17,Au moins une fille (5-17 ans) avec Chol√©ra 30 derniers jour,,,,,,,,,,,
integer,sum_sante_5_5plus_malades.cholera_femmes_18plus,Au moins une femme (18 ans et plus) avec Chol√©ra 30 derniers jour,,,,,,,,,,,
integer,sum_sante_5_5plus_malades.cholera_garcons_5_17,Au moins un gar√ßon (5-17 ans) avec Chol√©ra 30 derniers jou,,,,,,,,,,,
integer,sum_sante_5_5plus_malades.cholera_garcons_18plus,Au moins un hommes (18 ans et plus) avec Chol√©ra 30 derniers jour,,,,,,,,,,,
integer,sum_sante_5_5plus_malades.vih_sida_femmes_5_17,Au moins une fille (5-17 ans) avec VIH-SIDA 30 derniers jours,,,,,,,,,,,
integer,sum_sante_5_5plus_malades.vih_sida_femmes_18plus,Au moins une femme (18 ans et plus) avec VIH-SIDA 30 derniers jours,,,,,,,,,,,
integer,sum_sante_5_5plus_malades.vih_sida_garcons_5_17,Au moins un gar√ßon (5-17 ans) avec VIH-SIDA 30 derniers jour,,,,,,,,,,,
integer,sum_sante_5_5plus_malades.vih_sida_garcons_18plus,Au moins un hommes (18 ans et plus) avec VIH-SIDA 30 derniers jours,,,,,,,,,,,
integer,sum_sante_5_5plus_malades.mening_femmes_5_17,Au moins une fille (5-17 ans) avec M√©ningite 30 derniers jour,,,,,,,,,,,
integer,sum_sante_5_5plus_malades.mening_femmes_18plus,Au moins une femme (18 ans et plus) avec M√©ningite 30 derniers jour,,,,,,,,,,,
integer,sum_sante_5_5plus_malades.mening_garcons_5_17,Au moins un gar√ßon (5-17 ans) avec M√©ningite 30 derniers jou,,,,,,,,,,,
integer,sum_sante_5_5plus_malades.mening_garcons_18plus,Au moins un hommes (18 ans et plus) avec M√©ningite 30 derniers jour,,,,,,,,,,,
integer,sum_sante_5_5plus_malades.autre_femmes_5_17,Au moins une fille (5-17 ans) avec M√©ningite 30 derniers jour,,,,,,,,,,,
integer,sum_sante_5_5plus_malades.autre_femmes_18plus,Au moins une femme (18 ans et plus) avec M√©ningite 30 derniers jour,,,,,,,,,,,
integer,sum_sante_5_5plus_malades.autre_garcons_5_17,Au moins un gar√ßon (5-17 ans) avec M√©ningite 30 derniers jou,,,,,,,,,,,
integer,sum_sante_5_5plus_malades.autre_garcons_18plus,Au moins un hommes (18 ans et plus) avec M√©ningite 30 derniers jour,,,,,,,,,,,
integer,sum_sante_5_5plus_malades.nsp_femmes_5_17,Au moins une fille (5-17 ans) avec Ne sait pas 30 derniers jours,,,,,,,,,,,
integer,sum_sante_5_5plus_malades.nsp_femmes_18plus,Au moins une femme (18 ans et plus) avec Ne sait pas 30 derniers jours,,,,,,,,,,,
integer,sum_sante_5_5plus_malades.nsp_garcons_5_17,Au moins un gar√ßon (5-17 ans) avec Ne sait pas 30 derniers jour,,,,,,,,,,,
integer,sum_sante_5_5plus_malades.nsp_garcons_18plus,Au moins un hommes (18 ans et plus) avec Ne sait pas 30 derniers jours,,,,,,,,,,,
integer,sum_sante_5_5plus_malades.fievre_femmes_5_17,Au moins une fille (5-17 ans) avec Fi√®vre 30 derniers jour,,,,,,,,,,,
integer,sum_sante_5_5plus_malades.fievre_femmes_18plus,Au moins une femme (18 ans et plus) avec Fi√®vre 30 derniers jour,,,,,,,,,,,
integer,sum_sante_5_5plus_malades.fievre_garcons_5_17,Au moins un gar√ßon (5-17 ans) avec Fi√®vre 30 derniers jou,,,,,,,,,,,
integer,sum_sante_5_5plus_malades.fievre_garcons_18plus,Au moins un hommes (18 ans et plus) avec Fi√®vre 30 derniers jour,,,,,,,,,,,
integer,sum_nut_2_muac.MASfille_0_5,Nombre moyen de filles (0-5 ans) d√©pist√©es en M,,,,,,,,,,,
integer,sum_nut_2_muac.MASgarcon_0_5,Nombre moyen de gar√ßons (0-5 ans) d√©pist√©es en ,,,,,,,,,,,
integer,sum_nut_2_muac.MAMfille_0_5,Nombre moyen de filles (0-5 ans) d√©pist√©es en M,,,,,,,,,,,
integer,sum_nut_2_muac.MAMgarcon_0_5,Nombre moyen de gar√ßons (0-5 ans) d√©pist√©es en ,,,,,,,,,,,
integer,aumoins_unenfant_diarrhee,Au moins un enfants de 0 √† 4 ans avec diarrh√©e dans les 30 derniers jou,,,,,,,,,,,
integer,hhs_noFood_score,hhs_noFood_score,,,,,,,,,,,
integer,hhs_sleepHungry_score,hhs_sleepHungry_score,,,,,,,,,,,
integer,hhs_dayNightHunger_score,hhs_dayNightHunger_score,,,,,,,,,,,
integer,hhs_score,hhs_score,,,,,,,,,,,
integer,secal_11_lcs_actifs_non_prod_score,secal_11_lcs_actifs_non_prod_score,,,,,,,,,,,
integer,secal_11_lcs_actifs_prod_score,secal_11_lcs_actifs_prod_score,,,,,,,,,,,
integer,secal_11_lcs_reduire_dep_score,secal_11_lcs_reduire_dep_score,,,,,,,,,,,
integer,secal_11_lcs_dep_epargne_score,secal_11_lcs_dep_epargne_score,,,,,,,,,,,
integer,secal_11_lcs_emprunter_score,secal_11_lcs_emprunter_score,,,,,,,,,,,
integer,secal_11_lcs_retirer_ecole_score,secal_11_lcs_retirer_ecole_score,,,,,,,,,,,
integer,secal_11_lcs_vendre_maison_score,secal_11_lcs_vendre_maison_score,,,,,,,,,,,
integer,secal_11_lcs_activites_risquees_score,secal_11_lcs_activites_risquees_score,,,,,,,,,,,
integer,secal_11_lcs_mendier_score,secal_11_lcs_mendier_score,,,,,,,,,,,
integer,secal_11_lcs_vendre_animaux_score,secal_11_lcs_vendre_animaux_score,,,,,,,,,,,
integer,secal_11_lcs_consommer_semences_score,secal_11_lcs_consommer_semences_score,,,,,,,,,,,
integer,lcs_urgence,lcs_urgence,,,,,,,,,,,
integer,lcs_crise,lcs_crise,,,,,,,,,,,
integer,lcs_stress,lcs_stress,,,,,,,,,,,
integer,lcs_minimal,lcs_minimal,,,,,,,,,,,
select_one lcs_tot,lcs_total,lcs_total,,,,,,,,,,,
integer,fcs_score_poor,fcs_score_poor,,,,,,,,,,,
integer,fcs_score_borderline,fcs_score_borderline,,,,,,,,,,,
integer,fcs_score_acceptable,fcs_score_acceptable,,,,,,,,,,,
integer,rcsi_high,rcsi_high,,,,,,,,,,,
integer,rcsi_med,rcsi_med,,,,,,,,,,,
integer,rcsi_low,rcsi_low,,,,,,,,,,,
integer,hhs_light,hhs_light,,,,,,,,,,,
integer,hhs_moderate,hhs_moderate,,,,,,,,,,,
integer,hhs_severe,hhs_severe,,,,,,,,,,,
end_group ,Deces,,,,,,,,,,,,
begin_group,Protection,Protection,,,,,,,,,,,
select_one oui_non ,protect_2_femmes,Peur pour s√©curit√© des femm,TRUE,,${sum_agegrp_18plus_femmes} > 0,,,,,,,,
select_multiple risque,protect_2_femmes_risque,Raisons peur pour s√©curit√© des femm,TRUE,,"selected(${protect_2_femmes},'oui') ","not(selected(., 'nsp') and count-selected(.)>1)","Si 'je ne sais pas / pr√©f√®re ne pas r√©pondre', aucune autre r√©ponse ne doit √™tre s√©lect",,,,,,
select_one oui_non ,protect_2_hommes,Peur pour s√©curit√© hommes adult,TRUE,,${sum_agegrp_18plus_hommes} > 0,,,,,,,,
select_multiple risque,protect_2_hommes_risque,Raisons peur pour s√©curit√©s des hommes adult,TRUE,,"selected(${protect_2_hommes},'oui') ","not(selected(., 'nsp') and count-selected(.)>1)","Si 'je ne sais pas / pr√©f√®re ne pas r√©pondre', aucune autre r√©ponse ne doit √™tre s√©lect",,,,,,
select_one oui_non ,protect_3_filles,Peur pour s√©curit√© des filles (moins de 18 an,TRUE,,${sum_agegrp_0_17_femmes} > 0,,,,,,,,
select_multiple risque ,protect_3_filles_risque,Raisons peur pour filles,TRUE,,"selected(${protect_3_filles},'oui') ","not(selected(., 'nsp') and count-selected(.)>1)","Si 'je ne sais pas / pr√©f√®re ne pas r√©pondre', aucune autre r√©ponse ne doit √™tre s√©lect",,,,,,
select_one oui_non ,protect_3_garcons,Peur pour s√©curit√© gar√ßons (moins de 18 a,TRUE,,${sum_agegrp_0_17_hommes} > 0,,,,,,,,
select_multiple risque ,protect_3_garcons_risque,Raisons peur pour gar√ßon,TRUE,,"selected(${protect_3_garcons},'oui') ","not(selected(., 'nsp') and count-selected(.)>1)","Si 'je ne sais pas / pr√©f√®re ne pas r√©pondre', aucune autre r√©ponse ne doit √™tre s√©lect",,,,,,
select_one oui_non_nsp,protect_4,Personne forc√©e √† travailler dans les 6 derniers mo,TRUE,,,,,,,,,,
select_multiple travail_force,protect_5_travail_force,Type de travail forc√,TRUE,,"selected(${protect_4},'oui') ","not(selected(., 'nsp') and count-selected(.)>1)","Si 'je ne sais pas / pr√©f√®re ne pas r√©pondre', aucune autre r√©ponse ne doit √™tre s√©lect",,,,,,
select_one oui_non ,protect_8,Tous les enfants habitient avec les m√©nage,TRUE,,,,,,,,,,
integer,protect_8_1_filles,Nombre moyen de filles n'habitant pas avec le m√©nag,TRUE,,"selected(${protect_8},'non') ",,,,,0,,,
integer,protect_8_1_garcons,Nombre moyen de gar√ßon n'habitant pas avec le m√©na,TRUE,,"selected(${protect_8},'non') ",,,,,0,,,
calculate,protect_8_1,,,,,,,,,,,${protect_8_1_filles}+${protect_8_1_garcons},
select_multiple raison_separation,protect_8_2,Raison s√©paratio,TRUE,,"selected(${protect_8},'non') ","not(selected(., 'nsp') and count-selected(.)>1)","Si 'je ne sais pas / pr√©f√®re ne pas r√©pondre', aucune autre r√©ponse ne doit √™tre s√©lect",,,,,,
select_one oui_non ,protect_11,Au moins une souffrant de trouble psychosocial,TRUE,,,,,,,,,,
integer ,protect_11_1,Nombre d'enfants montrant des signes de probl√®mes psychosociau,TRUE,,"selected(${protect_11},'oui') ",,,,,,,,
integer ,protect_11_2,Nombre d'adultes montrant de signes de probl√®mes psychosociau,TRUE,,"selected(${protect_11},'oui') ",,,,,,,,
select_multiple probleme_protection,protect_13,M√©canisme de rapportage des probl√®mes de protection √† distance de mar,TRUE,,,"not(selected(.,'aucune') and count-selected(.)>1) and not(selected(., 'nsp') and count-selected(.)>1)","Si 'aucun' ou 'je ne sais pas / pr√©f√®re ne pas r√©pondre', aucune autre r√©ponse ne doit √™tre s√©lect",,,,,,
integer,aumoins_unenfant_secu,Au moins un enfant pour lequel on crait pour sa s√©curit,,,,,,,,,,,
integer,aumoins_unadulte_secu,Au moins un adulte pour lequel on crait pour sa s√©curit,,,,,,,,,,,
end_group ,Protection ,,,,,,,,,,,,
begin_group,Coping,Coping,,,,,,,field list ,,,,
select_one oui_non,coping_1_aliments_moins_preferes,A consommer des aliments pr√©f√©r√©s dans les 7 derniers jo,TRUE,,,,,,,,,,
integer,coping_1_1_aliments_moins_preferes_jours,Nombre de jour A consommer des aliments pr√©f√©r,TRUE,,"selected(${coping_1_aliments_moins_preferes},'oui') ",((.)>0 and (.)<=7),Au cours des 7 derniers jours ,,,,,,
select_one oui_non,coping_6_emprunt_nourriture_argent,"Emprunter de la nourriture ou recourir √† l‚Äôaide des parents, des voisins ou des a",TRUE,,,,,,,,,,
integer,coping_6_1_emprunter_nourriture_argent_jours,"Nombre de jours Emprunter de la nourriture ou recourir √† l‚Äôaide des parents, des voisins ou des a",TRUE,,"selected(${coping_6_emprunt_nourriture_argent},'oui') ",((.)>0 and (.)<=7),Au cours des 7 derniers jours ,,,,,,
select_one oui_non,coping_3_diminution_quantite,Diminuer la quantit√© consomm√©e pendant les rep,TRUE,,,,,,,,,,
integer,coping_3_1_diminution_quantite_jours,Nombre de jours a diminuer la quantit√© pendant les repa,TRUE,,"selected(${coping_3_diminution_quantite},'oui') ",((.)>0 and (.)<=7),Au cours des 7 derniers jours ,,,,,,
select_one oui_non,coping_2_restriction_adultes,Restreindre la consommation de nourriture des adultes pour permettre aux plus jeunes de manger davantage,TRUE,,,,,,,,,,
integer,coping_2_1_restriction_nourriture_adultes_jours,Nombre de jour Restreindre consommationn des adultes,TRUE,,"selected(${coping_2_restriction_adultes},'oui') ",((.)>0 and (.)<=7),Au cours des 7 derniers jours ,,,,,,
select_one oui_non,coping_8_reduction_repas,Diminuer le nombre de repas par jour,TRUE,,,,,,,,,,
integer,coping_8_1_reduction_repas_jours,Nombre de jours diminuer nombre de repas,TRUE,,"selected(${coping_8_reduction_repas},'oui') ",((.)>0 and (.)<=7),Au cours des 7 derniers jours ,,,,,,
select_one oui_non,coping_4_reduction_eau_domestique,"R√©duire la quantit√© d'eau utilis√©e √† des fins domestiques (pour boire, laver, cuisiner, e",TRUE,,,,,,,,,,
integer,coping_4_1_reduction_eau_domestique_jours,Nombre de jours r√©duire consommation d'ea,TRUE,,"selected(${coping_4_reduction_eau_domestique},'oui') ",((.)>0 and (.)<=7),Au cours des 7 derniers jours ,,,,,,
select_one oui_non,coping_5_utilisation_eau_non_sure,Utiliser de l'eau non s√ªre (sans la bouillir ou la purifier) d'une source non-am√©lior,TRUE,,,,,,,,,,
integer,coping_5_1_utilisation_eau_non_sure_jours,Nombre de jour utilisation eau non-s√ª,TRUE,,"selected(${coping_5_utilisation_eau_non_sure},'oui') ",((.)>0 and (.)<=7),Au cours des 7 derniers jours ,,,,,,
integer,rCSI,rCSI moyen,,,,,,,,,,,
end_group,Coping ,,,,,,,,,,,,
begin_group ,LCS,,,,,,,,,,,,
select_one LCS,secal_11_LCS_actifs_non_prod,"Vendre des actifs non productifs du m√©nage (radio, meubles, r√©frig√©rateur, t√©l√©vision, bijoux, ",TRUE,,,,,,,,,,
select_one LCS,secal_11_LCS_actifs_prod,"Vendre des actifs productifs ou moyens de transport (mat√©riel agricole, machine √† coudre, brouette, v√©lo, voiture, et",TRUE,,,,,,,,,,
select_one LCS,secal_11_LCS_reduire_dep,"R√©duire les d√©penses non alimentaires essentielles telles que l‚Äô√©ducation, la ",TRUE,,,,,,,,,,
select_one LCS,secal_11_LCS_dep_epargne,D√©penser l‚Äô√©pa,TRUE,,,,,,,,,,
select_one LCS,secal_11_LCS_emprunter,Emprunter de l‚Äôargent/nourriture √† un pr√©teur officielle/ba,TRUE,,,,,,,,,,
select_one LCS_ac_pert,secal_11_LCS_retirer_ecole,Retirer les enfants de l‚Äô√©c,TRUE,,,,,,,,,,
select_one LCS_ac_pert,secal_11_LCS_vendre_maison,"Vendre la maison, la parcelle de terrain ou le champ",TRUE,,,,,,,,,,
select_one LCS,secal_11_LCS_activites_risquees,"Un membre de la famille a d√ª s‚Äôengager dans des activit√©s risqu√©es ou ill√©gales g√©n√©ratrices de revenus (vols, vente de la drogue, travail avec groupes arm√©s, prostituti",TRUE,,,,,,,,,,
select_one LCS,secal_11_LCS_mendier,Mendier,TRUE,,,,,,,,,,
select_one LCS_ac_pert,secal_11_LCS_vendre_animaux,Vendre plus d‚Äôanimaux (non-productifs) que d‚Äôhabi,TRUE,,,,,,,,,,
select_one LCS,secal_11_LCS_consommer_semences,Consommation des semences,TRUE,,,,,,,,,,
end_group ,LCS,,,,,,,,,,,,
begin_group ,AAP,AAP,,,,,,,,,,,
select_one source_confiance,aap_1_source_confiance,Source d'information de confiance,TRUE,,,,,,,,,,
select_multiple type_information,aap_2_type_information,Type d'information souhait√©,TRUE,Merci de s√©lectionner les 3 types d‚Äôinformation que vous souhaiteriez recev,,"not(selected(., 'nsp') and count-selected(.)>1)","Si 'je ne sais pas / pr√©f√®re ne pas r√©pondre', aucune autre r√©ponse ne doit √™tre s√©lect",,,,,,
select_one canal_information,aap_3_canal_information,Moyen pr√©f√©re pour recevoir informati,TRUE,,,,,,,,,,
select_multiple retour_fournisseurs,aap_4_retour_fournisseurs_aide,"Moyen pour donner un retour aux fournisseurs d‚Äôaide humanitaire pour les informer sur la qualit√©, la quantit√© et l‚Äôad√©quation de",TRUE,Merci de s√©lectionner les 3 possibilit√,,"not(selected(., 'nsp') and count-selected(.)>1)","Si 'je ne sais pas / pr√©f√®re ne pas r√©pondre', aucune autre r√©ponse ne doit √™tre s√©lect",,,,,,
end_group ,AAP,,,,,,,,,,,,
begin_group ,rep_souhaitee,,,,,,,,,,,,
select_one rep_souhaitee,rep_souhaitee_1,Besoin prioritaire 1 AAP,,,,,,,,,,,
select_one rep_souhaitee,rep_souhaitee_2,Besoin prioritaire 2 AAP,,,,,,name != ${rep_souhaitee_1},,,,,
select_one rep_souhaitee,rep_souhaitee_3,Besoin prioritaire 3 AAP,,,,,,name != ${rep_souhaitee_1} and name != ${rep_souhaitee_2},,,,,
begin_group,assistance_educ,,,,"selected(${rep_souhaitee_1},'educ') or selected(${rep_souhaitee_2},'educ') or selected(${rep_souhaitee_3},'educ') ",,,,,,,,
select_one educ_reponse,educ_6_reponse_1,1√®re assistance souhait√©e Educati,TRUE,,,,,,,,,,
select_one educ_reponse,educ_6_reponse_2,2√®me assistance souhait√©e Educati,,,,,,name != ${educ_6_reponse_1},,,,,
select_one educ_reponse,educ_6_reponse_3,3√®me assistance souhait√©e Educati,,,,,,name != ${educ_6_reponse_1} and name != ${educ_6_reponse_2},,,,,
end_group,assistance_educ,,,,,,,,,,,,
begin_group,assistance_nfi,,,,"selected(${rep_souhaitee_1},'nfi') or selected(${rep_souhaitee_2},'nfi')  or selected(${rep_souhaitee_3},'nfi') ",,,,,,,,
select_one assistance ,nfi_7_assistance_1,1√®re assistance souhait√©e N,TRUE,,,,,,,,,,
select_one assistance ,nfi_7_assistance_2,2√®me assistance souhait√©e N,,,,${nfi_7_assistance_1} != '' and ((.) != ${nfi_7_assistance_1}),,name != ${nfi_7_assistance_1},,,,,
select_one assistance ,nfi_7_assistance_3 ,3√®me assistance souhait√©e N,,,,${nfi_7_assistance_2} != '' and ((.) != ${nfi_7_assistance_2}),,name != ${nfi_7_assistance_1} and name != ${nfi_7_assistance_2},,,,,
end_group ,assistance_nfi,,,,,,,,,,,,
begin_group,assistance_secal,,,,"selected(${rep_souhaitee_1},'secal') or selected(${rep_souhaitee_2},'secal') or selected(${rep_souhaitee_3},'secal') ",,,,,,,,
select_one secal_reponse,secal_13_reponse_1,1√®re assistance souhait√©e S√©curit√© aliment,TRUE,,,,,,,,,,
select_one secal_reponse,secal_13_reponse_2,2√®me assistance souhait√©e S√©curit√© aliment,,,,,,name != ${secal_13_reponse_1},,,,,
select_one secal_reponse,secal_13_reponse_3,3√®me assistance souhait√©e S√©curit√© aliment,,,,,,name != ${secal_13_reponse_1} and name != ${secal_13_reponse_2},,,,,
end_group,assistance_secal,,,,,,,,,,,,
begin_group,assistance_wash,,,,"selected(${rep_souhaitee_1},'wash') or selected(${rep_souhaitee_2},'wash') or selected(${rep_souhaitee_3},'wash') ",,,,,,,,
select_one wash_reponse,wash_22_wash_reponse_1,1√®re assistance souhait√©e WA,TRUE,,,,,,,,,,
select_one wash_reponse,wash_22_wash_reponse_2,2√®me assistance souhait√©e WA,TRUE,,,,,name != ${wash_22_wash_reponse_1},,,,,
select_one wash_reponse,wash_22_wash_reponse_3,3√®me assistance souhait√©e WA,TRUE,,,,,name != ${wash_22_wash_reponse_1} and name != ${wash_22_wash_reponse_2},,,,,
end_group,assistance_wash,,,,,,,,,,,,
begin_group,assistance_sante,,,,"selected(${rep_souhaitee_1},'sante') or selected(${rep_souhaitee_2},'sante')  or selected(${rep_souhaitee_3},'sante') ",,,,,,,,
select_one sante_reponse,sante_7_reponse_1,1√®re assistance souhait√©e San,TRUE,,,,,,,,,,
select_one sante_reponse,sante_7_reponse_2,2√®me assistance souhait√©e San,,,,,,name != ${sante_7_reponse_1},,,,,
select_one sante_reponse,sante_7_reponse_3,3√®me assistance souhait√©e San,,,,,,name != ${sante_7_reponse_1} and name != ${sante_7_reponse_2},,,,,
end_group,assistance_sante,,,,,,,,,,,,
end_group ,rep_souhaitee,,,,,,,,,,,,
end_group,SURVEY,Merci de nous avoir r√©pondu !,,,,,,,,,,,
begin_group,finalisation,,,,,,,,,,,,
end_group,finalisation,,,,,,,,,,,,
select_one oui_non,mssc_3_depense_totale_note,mssc_3_depense_totale_note,,,,,,,,,,,
integer,protect_2_femmes_risque.rumeurs_attaques,protect_2_femmes_risque.rumeurs_attaques,,,,,,,,,,,
integer,protect_2_hommes_risque.rumeurs_attaques,protect_2_hommes_risque.rumeurs_attaques,,,,,,,,,,,
integer,protect_3_filles_risque.rumeurs_attaques,protect_3_filles_risque.rumeurs_attaques,,,,,,,,,,,
integer,protect_3_garcons_risque.rumeurs_attaques,protect_3_garcons_risque.rumeurs_attaques,,,,,,,,,,,
integer,sum_educ_3_presence_18_19.filles_7_12.12m,sum_educ_3_presence_18_19.filles_7_12.12m,,,,,,,,,,,
integer,sum_educ_3_presence_18_19.filles_7_12.6m_12m,sum_educ_3_presence_18_19.filles_7_12.6m_12m,,,,,,,,,,,
integer,sum_educ_3_presence_18_19.filles_7_12.3m_6m,sum_educ_3_presence_18_19.filles_7_12.3m_6m,,,,,,,,,,,
integer,sum_educ_3_presence_18_19.filles_7_12.0m_3m,sum_educ_3_presence_18_19.filles_7_12.0m_3m,,,,,,,,,,,
integer,sum_educ_3_presence_18_19.filles_7_12.0m,sum_educ_3_presence_18_19.filles_7_12.0m,,,,,,,,,,,
integer,sum_educ_3_presence_18_19.filles_13_18.12m,sum_educ_3_presence_18_19.filles_13_18.12m,,,,,,,,,,,
integer,sum_educ_3_presence_18_19.filles_13_18.6m_12m,sum_educ_3_presence_18_19.filles_13_18.6m_12m,,,,,,,,,,,
integer,sum_educ_3_presence_18_19.filles_13_18.3m_6m,sum_educ_3_presence_18_19.filles_13_18.3m_6m,,,,,,,,,,,
integer,sum_educ_3_presence_18_19.filles_13_18.0m_3m,sum_educ_3_presence_18_19.filles_13_18.0m_3m,,,,,,,,,,,
integer,sum_educ_3_presence_18_19.filles_13_18.0m,sum_educ_3_presence_18_19.filles_13_18.0m,,,,,,,,,,,
integer,sum_educ_3_presence_18_19.garcons_7_12.12m,sum_educ_3_presence_18_19.garcons_7_12.12m,,,,,,,,,,,
integer,sum_educ_3_presence_18_19.garcons_7_12.6m_12m,sum_educ_3_presence_18_19.garcons_7_12.6m_12m,,,,,,,,,,,
integer,sum_educ_3_presence_18_19.garcons_7_12.3m_6m,sum_educ_3_presence_18_19.garcons_7_12.3m_6m,,,,,,,,,,,
integer,sum_educ_3_presence_18_19.garcons_7_12.0m_3m,sum_educ_3_presence_18_19.garcons_7_12.0m_3m,,,,,,,,,,,
integer,sum_educ_3_presence_18_19.garcons_7_12.0m,sum_educ_3_presence_18_19.garcons_7_12.0m,,,,,,,,,,,
integer,sum_educ_3_presence_18_19.garcons_13_18.12m,sum_educ_3_presence_18_19.garcons_13_18.12m,,,,,,,,,,,
integer,sum_educ_3_presence_18_19.garcons_13_18.6m_12m,sum_educ_3_presence_18_19.garcons_13_18.6m_12m,,,,,,,,,,,
integer,sum_educ_3_presence_18_19.garcons_13_18.3m_6m,sum_educ_3_presence_18_19.garcons_13_18.3m_6m,,,,,,,,,,,
integer,sum_educ_3_presence_18_19.garcons_13_18.0m_3m,sum_educ_3_presence_18_19.garcons_13_18.0m_3m,,,,,,,,,,,
integer,sum_educ_3_presence_18_19.garcons_13_18.0m,sum_educ_3_presence_18_19.garcons_13_18.0m,,,,,,,,,,,
integer,aggregation_result_educ_4_handi_acces.descol_autre,aggregation_result_educ_4_handi_acces.descol_autre,,,,,,,,,,,
integer,aggregation_result_educ_4_handi_acces.descol_acces,aggregation_result_educ_4_handi_acces.descol_acces,,,,,,,,,,,
integer,aggregation_result_educ_4_handi_acces.descol_enseignement,aggregation_result_educ_4_handi_acces.descol_enseignement,,,,,,,,,,,
integer,aggregation_result_educ_4_handi_acces.scol_non_opti,aggregation_result_educ_4_handi_acces.scol_non_opti,,,,,,,,,,,
integer,aggregation_result_educ_4_handi_acces.scol_ok,aggregation_result_educ_4_handi_acces.scol_ok,,,,,,,,,,,
integer,aggregation_result_educ_4_handi_acces.autre,aggregation_result_educ_4_handi_acces.autre,,,,,,,,,,,
select_one accouch,sum_sante_1_accouch_lieu,sum_sante_1_accouch_lieu,,,,,,,,,,,
integer,bidons_oui_non,bidons_oui_non,,,,,,,,,,,
integer,sum_agegrp_0_17,sum_agegrp_0_17,,,,,,,,,,,
integer,sum_agegrp_18plus,sum_agegrp_18plus,,,,,,,,,,,
integer,savon_toilette_azur_aumoinsun,savon_toilette_azur_aumoinsun,,,,,,,,,,,
integer,savon_lessive_aumoinsun,savon_lessive_aumoinsun,,,,,,,,,,,
integer,pot_aumoinsun,pot_aumoinsun,,,,,,,,,,,
integer,gobelet_aumoinsun,gobelet_aumoinsun,,,,,,,,,,,
integer,serviette_hyg_aumoinsun,serviette_hyg_aumoinsun,,,,,,,,,,,
integer,bidons_cap_aumoinsun,bidons_cap_aumoinsun,,,,,,,,,,,
integer,nb_seaux_aumoinsun,nb_seaux_aumoinsun,,,,,,,,,,,
integer,nb_mousticaire_aumoinsun,nb_mousticaire_aumoinsun,,,,,,,,,,,
integer,nb_casseroles_aumoinsun,nb_casseroles_aumoinsun,,,,,,,,,,,
integer,nb_couchage_aumoinsun,nb_couchage_aumoinsun,,,,,,,,,,,
integer,nb_draps_aumoinsun,nb_draps_aumoinsun,,,,,,,,,,,
integer,sum_other_items,sum_other_items,,,,,,,,,,,
integer,deces_nontrauma,,,,,,,,,,,,
select_one rtl_IPC,rtl_ipc,,,,,,,,,,,,
select_one length_idp_IPC,length_idp_ipc,,,,,,,,,,,,
select_one pin_categorie,pin_mssc_rev,,,,,,,,,,,,
select_one pin_categorie,pin_mssc_dep,,,,,,,,,,,,
select_one secal_2_durable_IPC,secal_2_durable_ipc,,,,,,,,,,,,
integer,secal_6_ipc,,,,,,,,,,,,
select_one secal_6_raisons_IPC,secal_6_raisons_ipc,,,,,,,,,,,,
select_one wash_IPC,wash_ipc,,,,,,,,,,,,
select_one urban_rural,urban_rural,,,,,,,,,,,,
integer,education,,,,,,,,,,,,
integer,fsl,,,,,,,,,,,,
integer,health,,,,,,,,,,,,
integer,protection,,,,,,,,,,,,
integer,shelter,,,,,,,,,,,,
integer,wash,,,,,,,,,,,,
integer,capacity_gaps,,,,,,,,,,,,
integer,impact_1,,,,,,,,,,,,
integer,msni_score_1,,,,,,,,,,,,
integer,impact_2,,,,,,,,,,,,
integer,msni_score_2,,,,,,,,,,,,
select_one msni_score,education_cat,,,,,,,,,,,,
select_one msni_score,fsl_cat,,,,,,,,,,,,
select_one msni_score,health_cat,,,,,,,,,,,,
select_one msni_score,protection_cat,,,,,,,,,,,,
select_one msni_score,shelter_cat,,,,,,,,,,,,
select_one msni_score,wash_cat,,,,,,,,,,,,
select_one msni_score,capacity_gaps_cat,,,,,,,,,,,,
select_one msni_score,impact_cat_2,,,,,,,,,,,,
select_one msni_score,msni_score_cat_2,,,,,,,,,,,,
select_one msni_score,impact_cat_1,,,,,,,,,,,,
select_one msni_score,msni_score_cat_1,,,,,,,,,,,,
select_one msni_score_double,health_prot_score,,,,,,,,,,,,
select_one msni_score_double,prot_shelter_score,,,,,,,,,,,,
select_one msni_score_double,health_shelter_score,,,,,,,,,,,,
select_one msni_score_double,wash_fsl_score,,,,,,,,,,,,
select_one msni_score_double,wash_capgaps_score,,,,,,,,,,,,
select_one msni_score_double,fsl_capgaps_score,,,,,,,,,,,,
select_one oui_non,lsg_sev_score_3,,,,,,,,,,,,
select_one grp_urban_rural,grp_urban_rural,,,,,,,,,,,,
