VillageAll,GPS.point,admin1Name,admin1Pcod,admin2,admin2Pcod,admin3Name,admin3Pcod,TotalPop_fixe
 Abbo Boyafe,"15.464091,5.207386",Nana-Mambéré,CF22,Abba,CF224,Nadziboro,CF2242,411.824223
 Adoum,"20.5684359999999,5.834778",Ouaka,CF43,Bambari,CF431,Pladama-Ouaka,CF4314,858.37856
 Amada-Gaza,"15.1956019999999,4.772098",Mambéré-Kadéi,CF21,Amada-Gaza,CF214,Haute-Boumbé,CF2141,2928.447822
 Amani,"21.9801919999999,4.652996",Mbomou,CF62,Gambo,CF623,Gambo,CF6231,613.180597
 Ambang,"15.337197,3.77884",Mambéré-Kadéi,CF21,Dédé-Mokouba,CF216,Haute-Kadéi,CF2161,1812.962263
 Ambauchure,"18.582974,3.678799",Lobaye,CF12,Mongoumba,CF122,Mongoumba,CF1221,422.372429
 Anafio,"17.3256799999999,6.896445",Ouham,CF32,Nana-Bakassa,CF322,Nana-Bakassa,CF3221,3331.246787
 Aradi,"15.327247,4.540679",Mambéré-Kadéi,CF21,Berbérati,CF211,Ouakanga,CF2113,2195.027237
 Army,"22.611547,10.3675029999999",Vakaga,CF53,Birao,CF531,Ridina,CF5311,317.733655
 Assoulemaka,"19.661434,6.031003",Kémo,CF41,Mala,CF413,Mala,CF4131,988.842996
 Babanon,"18.332798,5.825515",Ouham,CF32,Bouca,CF325,Fafa Boungou,CF3254,993.745497
 Babaro,"17.064762,7.039111",Ouham,CF32,Nangha Boguila,CF324,Nangha Boguila,CF3241,753.184866
 Babili,"17.230072,4.601566",Lobaye,CF12,Boganda,CF125,Boganda,CF1251,415.086586
 Babongo,"16.262001,3.002364",Sangha-Mbaéré,CF23,Bayanga,CF233,Yobé-Sangha,CF2331,446.276962
 Bac Lim,"15.526628,7.286493",Ouham Pendé,CF31,Ngaoundaye,CF315,Kodi,CF3153,2565.701802
 Bac-Lobe,"18.425048,3.687927",Lobaye,CF12,Mongoumba,CF122,Mongoumba,CF1221,944.126607
 Badakou,"22.8082959999999,4.782067",Mbomou,CF62,Bangassou,CF621,Sayo Niakari,CF6212,395.958842
 Badangafou,"16.6892649999999,5.58135",Ombella M'Poko,CF11,Yaloké,CF116,Guézéli,CF1162,1137.992142
 Bagandou,"17.8486219999999,3.745663",Lobaye,CF12,Mbaiki,CF121,Moboma,CF1217,4196.021962
LEMANA 3,"20.690172,8.459111",Bamingui-Bangoran,CF51,Ndélé,CF511,Dar El Kouti,CF5111,473.908647
 Bagoua,"17.3616899999999,4.071813",Lobaye,CF12,Boda,CF123,Lobaye,CF1232,935.349757
 Bagoudou,"15.2452109999999,3.935581",Mambéré-Kadéi,CF21,Dédé-Mokouba,CF216,Haute-Kadéi,CF2161,3874.957804
 Bakaba,"17.219096,7.312322",Ouham,CF32,Markounda,CF323,Nana Markounda,CF3231,274.105013
 Bakala,"20.3882319999999,6.193155",Ouaka,CF43,Bakala,CF432,Koudou-Bégo,CF4321,2759.683385
 Bakoa,"19.7668199999999,5.754252",Ouaka,CF43,Grimari,CF433,Kobadja,CF4332,1591.199822
 Bakobo,"15.678811,3.402976",Sangha-Mbaéré,CF23,Nola,CF231,Bilolo,CF2312,678.862424
 Bakongo,"19.152204,5.739337",Kémo,CF41,Sibut,CF411,Ngoumbele,CF4112,3472.820522
 Bakouma,"22.781732,5.701929",Mbomou,CF62,Bakouma,CF625,Bakouma,CF6251,5903.271829
 Bakpara,"18.761576,5.010543",Ombella M'Poko,CF11,Damara,CF112,Damara,CF1121,783.970673
 Balekete (Azene),"19.896408,6.937158",Nana-Gribizi,CF42,Mbrès,CF422,Mbrés,CF4221,493.486825
 Balembe 2,"16.363723,5.590587",Nana-Mambéré,CF22,Baoro,CF222,Bawi Tédoa,CF2221,606.01815
 Baleyo,"21.4221299999999,5.772341",Ouaka,CF43,Bambari,CF431,Haute Baidou,CF4315,422.779438
 Balidou 1,"21.00214,4.670809",Basse-Kotto,CF61,Zangba,CF615,Ouambé,CF6151,313.09075
 Bamara-KassaÂ´,"18.384626,7.386166",Ouham,CF32,Batangafo,CF326,Ouassi,CF3264,1009.834259
 Bambarassa,"22.7614659999999,4.82055",Mbomou,CF62,Bangassou,CF621,Sayo Niakari,CF6212,879.702927
 Bamina,"15.6587169999999,3.404509",Sangha-Mbaéré,CF23,Nola,CF231,Bilolo,CF2312,1400.827224
 Bananga,"16.8265579999999,7.195985",Ouham,CF32,Nangha Boguila,CF324,Nangha Boguila,CF3241,867.303785
 Banda,"21.7507179999999,4.344466",Basse-Kotto,CF61,Satéma,CF616,Kotto-Oubangui,CF6161,4549.799955
 Banda Mbi,"19.799568,5.118846",Kémo,CF41,Ndjoukou,CF414,Galabadja,CF4142,1474.924437
 Banda-Fara,"21.29391,4.498012",Basse-Kotto,CF61,Mobaye,CF611,Mbéima,CF6112,1276.949721
 Bando,"21.071918,5.161923",Basse-Kotto,CF61,Alindao,CF612,Bangui-Ketté,CF6123,952.618862
 Banga,"19.8724139999999,5.090039",Kémo,CF41,Ndjoukou,CF414,Galabadja,CF4142,620.301891
 Banga 1,"19.464092,5.784245",Kémo,CF41,Sibut,CF411,Ngoumbele,CF4112,529.988674
 Bango 2,"19.6511479999999,5.169203",Kémo,CF41,Ndjoukou,CF414,Galabadja,CF4142,1098.32316
 Bangoto,"16.748908,3.962393",Sangha-Mbaéré,CF23,Bambio,CF232,Mbaéré,CF2321,399.756448
 Bangui 2e,"18.560752,4.360586",Bangui,CF71,Bangui,CF711,Arrondissement 2,CF7112,172891.8713
 Bangui 3e,"18.540327,4.374509",Bangui,CF71,Bangui,CF711,Arrondissement 3,CF7113,214046.2964
 Bangui 4e,"18.5608059999999,4.406503",Bangui,CF71,Bangui,CF711,Arrondissement 4,CF7114,119108.4638
 Bangui 5e,"18.5467769999999,4.385571",Bangui,CF71,Bangui,CF711,Arrondissement 5,CF7115,47025.23337
 Bangui 6e,"18.538761,4.345934",Bangui,CF71,Bangui,CF711,Arrondissement 6,CF7116,100650.4114
 Bangui 7e,"18.622489,4.374214",Bangui,CF71,Bangui,CF711,Arrondissement 7,CF7117,45566.21555
 Bangui 8e,"18.536311,4.410511",Bangui,CF71,Bangui,CF711,Arrondissement 8,CF7118,102018.6169
 Basse Kouma,"19.431066,6.176633",Kémo,CF41,Mala,CF413,Mala,CF4131,2684.035065
 Basse-Kotto,"22.6503699999999,4.700153",Mbomou,CF62,Ouango,CF622,Ouango,CF6221,1842.435771
 Batonde,"17.0507139999999,4.278819",Lobaye,CF12,Boganda,CF125,Boganda,CF1251,2519.750966
 Bawi,"16.247553,5.606684",Nana-Mambéré,CF22,Baoro,CF222,Bawi Tédoa,CF2221,852.914433
 Bayama,"16.968502,4.428603",Mambéré-Kadéi,CF21,Gadzi,CF217,Topia,CF2171,1103.601164
 Bayanga,"16.274837,2.910364",Sangha-Mbaéré,CF23,Bayanga,CF233,Yobé-Sangha,CF2331,3143.342082
 Bayanga Didi,"15.794893,5.306993",Nana-Mambéré,CF22,Baoro,CF222,Yoro-Samba Bougoulou,CF2222,1269.235197
 Bayelaka,"19.1149139999999,6.131304",Kémo,CF41,Dékoa,CF412,Guiffa,CF4123,2925.004524
 BÃžne,"15.773304,7.272177",Ouham Pendé,CF31,Ngaoundaye,CF315,Dilouki,CF3151,5787.462177
 Bazoli,"17.1045319999999,7.445924",Ouham,CF32,Markounda,CF323,Nana Markounda,CF3231,382.085776
 BeÂ´na-Doemo,"15.552149,4.04661",Mambéré-Kadéi,CF21,Sosso-Nakombo,CF215,Basse-Kadéi,CF2151,738.01602
 Bedin,"16.939864,7.20454",Ouham,CF32,Nangha Boguila,CF324,Nangha Boguila,CF3241,768.400722
 Beferan,"16.9858319999999,7.329259",Ouham,CF32,Markounda,CF323,Nana Markounda,CF3231,980.133078
 Begagneto,"16.9811,5.517504",Ombella M'Poko,CF11,Yaloké,CF116,Guézéli,CF1162,726.91128
 Bego,"15.345325,4.578795",Mambéré-Kadéi,CF21,Berbérati,CF211,Ouakanga,CF2113,682.897363
 Begou,"19.118386,6.364303",Kémo,CF41,Dékoa,CF412,Tilo,CF4122,1412.885874
 Beina 2,"14.921974,4.624539",Mambéré-Kadéi,CF21,Gamboula,CF212,Basse-Boumné,CF2121,496.224728
 Beiya-Gbakounde,"15.594924,5.75908",Nana-Mambéré,CF22,Bouar,CF221,Zotoua-Bangarem,CF2214,360.534741
 Bekagomi,"17.289724,4.764314",Lobaye,CF12,Boganangone,CF124,Boganangone,CF1241,1502.550955
 Beko,"15.333455,3.872242",Mambéré-Kadéi,CF21,Dédé-Mokouba,CF216,Haute-Kadéi,CF2161,896.5198
 Belanga,"15.107942,5.795846",Nana-Mambéré,CF22,Baboua,CF223,Fo,CF2235,754.412636
 Belemboke,"16.216068,3.380194",Sangha-Mbaéré,CF23,Nola,CF231,Nola,CF2311,1204.905913
 Belemboke 4,"16.222307,3.412311",Sangha-Mbaéré,CF23,Nola,CF231,Nola,CF2311,408.273904
 Bende,"17.413902,6.706772",Ouham,CF32,Nana-Bakassa,CF322,Nana-Bakassa,CF3221,1770.068425
 Bendoui,"17.298238,6.958238",Ouham,CF32,Nana-Bakassa,CF322,Nana-Bakassa,CF3221,1253.340375
 Beng Boyo,"15.297112,6.978522",Ouham Pendé,CF31,Ngaoundaye,CF315,Mbili,CF3155,668.311547
 Benguere,"21.7441719999999,4.610301",Basse-Kotto,CF61,Kembé,CF613,Kembé,CF6131,1645.335441
 Bengues,"22.4349419999999,10.203859",Vakaga,CF53,Birao,CF531,Ridina,CF5311,464.167426
 Berberati,"15.7875289999999,4.255473",Mambéré-Kadéi,CF21,Berbérati,CF211,Basse-Batouri,CF2115,7711.565557
 Beya,"16.194292,3.334294",Sangha-Mbaéré,CF23,Nola,CF231,Salo,CF2313,2839.875449
 Bezanga,"18.0412959999999,7.215924",Ouham,CF32,Batangafo,CF326,Hama,CF3263,1348.545009
 Bidjo,"15.948212,3.457909",Sangha-Mbaéré,CF23,Nola,CF231,Bilolo,CF2312,592.657672
 Bidou 2,"21.6826219999999,4.435024",Basse-Kotto,CF61,Kembé,CF613,Mboui,CF6132,1139.848773
 Bila,"19.54689,6.100629",Kémo,CF41,Mala,CF413,Mala,CF4131,1671.068008
 Bindi,"19.1441659999999,5.873855",Kémo,CF41,Sibut,CF411,Ngoumbele,CF4112,732.221194
 Binoumbi,"15.3585049999999,3.839451",Mambéré-Kadéi,CF21,Dédé-Mokouba,CF216,Haute-Kadéi,CF2161,1006.094443
 Biranga,"17.2445899999999,7.287041",Ouham,CF32,Markounda,CF323,Nana Markounda,CF3231,490.066539
 Blakadja,"19.616736,6.678872",Nana-Gribizi,CF42,Mbrès,CF422,Mbrés,CF4221,1980.997111
 Boakana,"19.424674,5.751052",Kémo,CF41,Sibut,CF411,Ngoumbele,CF4112,1150.633306
 Boakana 2,"19.5806739999999,5.798592",Kémo,CF41,Sibut,CF411,Ngoumbele,CF4112,822.877152
 Boambali 1,"19.5566859999999,5.795727",Kémo,CF41,Sibut,CF411,Ngoumbele,CF4112,1324.971685
 Boanga,"19.088722,6.350925",Kémo,CF41,Dékoa,CF412,Dekoa,CF4121,1826.855542
 Bobaguene,"17.4253299999999,7.170548",Ouham,CF32,Batangafo,CF326,Hama,CF3263,1995.107685
 Bobala,"17.949584,5.579957",Ombella M'Poko,CF11,Bogangolo,CF113,Bogangolo,CF1131,291.081743
 Bobalanga,"17.5919899999999,3.995529",Lobaye,CF12,Mbaiki,CF121,Bogongo Gaza,CF1214,1221.197065
 Boban,"18.3322159999999,5.472672",Ombella M'Poko,CF11,Bogangolo,CF113,Bogangolo,CF1131,1297.533869
 Bobayoko,"14.903484,4.786821",Mambéré-Kadéi,CF21,Amada-Gaza,CF214,Haute-Boumbé,CF2141,1036.007484
 Bobazi,"18.343762,7.312588",Ouham,CF32,Batangafo,CF326,Ouassi,CF3264,437.594846
 Bobete,"17.17913,7.394551",Ouham,CF32,Markounda,CF323,Nana Markounda,CF3231,423.616839
 Bobingui,"18.293994,5.73411",Ombella M'Poko,CF11,Bogangolo,CF113,Bogangolo,CF1131,616.698607
 Bobo,"22.450986,4.18976",Mbomou,CF62,Ouango,CF622,Ngbandinga,CF6222,2826.797727
 Boboro,"15.89532,7.062204",Ouham Pendé,CF31,Bocaranga,CF312,Loura,CF3122,3458.647748
 Bocongo,"16.4582729999999,6.215777",Ouham Pendé,CF31,Bossemtélé,CF316,Binon,CF3161,567.971735
 Boda,"17.4669309999999,4.315275",Lobaye,CF12,Boda,CF123,Lobaye,CF1232,16022.94801
 Bodea,"18.3143759999999,7.238261",Ouham,CF32,Batangafo,CF326,Ouassi,CF3264,769.397531
 Bodele,"18.3442499999999,6.638958",Ouham,CF32,Bouca,CF325,Lady Gbawi,CF3252,744.160585
 Bodjomo,"17.136638,7.418152",Ouham,CF32,Markounda,CF323,Nana Markounda,CF3231,1162.869754
 Bodjoula,"17.28454,4.488239",Lobaye,CF12,Boganda,CF125,Boganda,CF1251,1268.644918
 Bodoua,"18.2619979999999,5.663509",Ombella M'Poko,CF11,Bogangolo,CF113,Bogangolo,CF1131,271.347387
 Bodoukpa 2,"17.814456,5.087302",Ombella M'Poko,CF11,Bossembélé,CF115,Bossembélé,CF1151,685.983448
 Bofforo,"16.2476069999999,6.153826",Ouham Pendé,CF31,Bossemtélé,CF316,Binon,CF3161,513.672258
 Bogale,"17.26283,7.256756",Ouham,CF32,Markounda,CF323,Nana Markounda,CF3231,290.717438
 Bogali,"17.388394,5.22588",Ombella M'Poko,CF11,Bossembélé,CF115,Bossembélé,CF1151,963.464933
 Bogama 1,"18.7292759999999,7.251661",Ouham,CF32,Kabo,CF327,Ouaki,CF3272,483.22403
 Boganado,"17.29069,4.54085",Lobaye,CF12,Boganda,CF125,Boganda,CF1251,374.162557
 Boganangone,"17.199268,4.683594",Lobaye,CF12,Boganangone,CF124,Boganangone,CF1241,2599.007058
 Bogangolo,"18.243808,5.572356",Ombella M'Poko,CF11,Bogangolo,CF113,Bogangolo,CF1131,2881.215892
 Bogani,"17.923676,4.979422",Ombella M'Poko,CF11,Boali,CF114,Boali,CF1141,1253.378556
 Boganli 1,"18.3284139999999,5.412494",Ombella M'Poko,CF11,Bogangolo,CF113,Bogangolo,CF1131,355.218398
 Bogazi,"18.0597579999999,4.814253",Ombella M'Poko,CF11,Boali,CF114,Boali,CF1141,603.900577
 Bogbaya 1,"18.7925779999999,4.451282",Ombella M'Poko,CF11,Bimbo,CF111,Bimbo,CF1111,814.867288
 Bogodo Kete,"17.0716439999999,7.029308",Ouham,CF32,Nangha Boguila,CF324,Nangha Boguila,CF3241,410.828109
 Bogoin 1,"17.844666,5.059296",Ombella M'Poko,CF11,Bossembélé,CF115,Bossembélé,CF1151,881.978719
 Bogoin 2,"18.38466,6.006177",Ouham,CF32,Bouca,CF325,Fafa Boungou,CF3254,408.38856
 Bogombo,"18.388666,5.319057",Ombella M'Poko,CF11,Bogangolo,CF113,Bogangolo,CF1131,335.484042
 Bogone 3,"16.8595599999999,7.060319",Ouham,CF32,Nangha Boguila,CF324,Nangha Boguila,CF3241,585.810451
 Bogoto,"17.183962,4.841219",Lobaye,CF12,Boganangone,CF124,Boganangone,CF1241,730.970735
 Bogoula,"18.20419,4.665063",Ombella M'Poko,CF11,Boali,CF114,Boali,CF1141,3828.50177
 Boguela,"17.076516,7.020593",Ouham,CF32,Nangha Boguila,CF324,Nangha Boguila,CF3241,540.162884
 Boguera,"17.150562,4.888288",Lobaye,CF12,Boganangone,CF124,Boganangone,CF1241,6565.20012
 Boguila-Kete,"16.8048959999999,7.208004",Ouham,CF32,Nangha Boguila,CF324,Nangha Boguila,CF3241,365.180541
 Boguilo,"18.4002419999999,6.048974",Ouham,CF32,Bouca,CF325,Fafa Boungou,CF3254,1368.101677
 Bohere,"18.5728979999999,4.560243",Ombella M'Poko,CF11,Bimbo,CF111,Bimbo,CF1111,829.670332
 Boho,"17.134962,5.180325",Ombella M'Poko,CF11,Yaloké,CF116,Yaloké,CF1161,580.000441
 Bokane,"18.192802,4.697102",Ombella M'Poko,CF11,Boali,CF114,Boali,CF1141,1293.258783
 Bokede 1,"17.1805659999999,5.27668",Ombella M'Poko,CF11,Yaloké,CF116,Yaloké,CF1161,794.81542
 Bokendji,"17.778614,6.938251",Ouham,CF32,Batangafo,CF326,Bédé,CF3262,802.498356
 Boko,"15.429733,7.297761",Ouham Pendé,CF31,Ngaoundaye,CF315,Kodi,CF3153,1482.576191
 Bokoete,"18.032274,5.547287",Ombella M'Poko,CF11,Bogangolo,CF113,Bogangolo,CF1131,315.749687
 Bokoma,"17.8719059999999,3.725109",Lobaye,CF12,Mbaiki,CF121,Moboma,CF1217,670.985494
 Bokossin,"19.17639,5.73503",Kémo,CF41,Sibut,CF411,Ngoumbele,CF4112,2343.107822
 Bokote-Alato,"16.83191,7.18951",Ouham,CF32,Nangha Boguila,CF324,Nangha Boguila,CF3241,730.361082
 Bokoute,"19.4977839999999,6.128788",Kémo,CF41,Mala,CF413,Mala,CF4131,4622.266096
 Bokoute 2,"19.181888,5.721603",Kémo,CF41,Sibut,CF411,Ngoumbele,CF4112,550.90928
 Bokpata 1,"17.420966,6.655204",Ouham,CF32,Nana-Bakassa,CF322,Nana-Bakassa,CF3221,2451.709682
 Bolitoua,"18.661082,5.031428",Ombella M'Poko,CF11,Damara,CF112,Damara,CF1121,300.648947
 Bologne,"21.4430979999999,4.303275",Basse-Kotto,CF61,Kembé,CF613,Mboui,CF6132,725.35831
 Bologui,"17.197982,4.821838",Lobaye,CF12,Boganangone,CF124,Boganangone,CF1241,1130.29734
 Bomandjoukou,"16.0729849999999,2.631092",Sangha-Mbaéré,CF23,Bayanga,CF233,Yobé-Sangha,CF2331,620.907078
 Bomango,"15.40235,6.632171",Ouham Pendé,CF31,Koui,CF313,Koui,CF3131,1429.316979
 Bombala 2,"20.185168,5.221091",Ouaka,CF43,Kouango,CF434,Azéngué-Mindou,CF4342,3007.572531
 Bombale,"17.58369,4.208821",Lobaye,CF12,Boda,CF123,Lobaye,CF1232,1293.222707
 Bombara-Kota,"16.9460179999999,7.01743",Ouham,CF32,Nangha Boguila,CF324,Nangha Boguila,CF3241,441.25982
 Bombo 1,"14.864348,4.780296",Mambéré-Kadéi,CF21,Amada-Gaza,CF214,Haute-Boumbé,CF2141,1733.585857
 Bomboimo,"17.438724,6.601663",Ouham,CF32,Nana-Bakassa,CF322,Nana-Bakassa,CF3221,1132.404023
 Bomoloto,"18.53959,3.684226",Lobaye,CF12,Mongoumba,CF122,Mongoumba,CF1221,2608.770887
 Bondamon,"17.974892,6.813652",Ouham,CF32,Bouca,CF325,Ouham Fafa,CF3253,1151.869703
 Bondele,"23.01733,4.828447",Mbomou,CF62,Bangassou,CF621,Zangandou,CF6214,324.576345
 Bondiba,"14.794725,5.535135",Nana-Mambéré,CF22,Baboua,CF223,Baboua,CF2231,551.583731
 Bongbalo 1,"17.2817,5.29009",Ombella M'Poko,CF11,Yaloké,CF116,Yaloké,CF1161,1192.22313
 Bongo,"19.104326,6.234241",Kémo,CF41,Dékoa,CF412,Guiffa,CF4123,1086.430252
 Bongo 2,"19.1023159999999,6.24014",Kémo,CF41,Dékoa,CF412,Guiffa,CF4123,527.143672
 Bonoi 2,"16.944158,7.036568",Ouham,CF32,Nangha Boguila,CF324,Nangha Boguila,CF3241,334.748829
 Boroto,"20.1622939999999,5.309202",Ouaka,CF43,Kouango,CF434,Azéngué-Mindou,CF4342,1336.698902
 Bossangoa,"17.454107,6.493366",Ouham,CF32,Bossangoa,CF321,Bossangoa,CF3211,33040.03029
 Bossarangba,"18.536884,3.697444",Lobaye,CF12,Mongoumba,CF122,Mongoumba,CF1221,732.940392
 Bossele,"18.8630059999999,5.17461",Ombella M'Poko,CF11,Damara,CF112,Damara,CF1121,978.0605
 Bossele 1,"17.1981679999999,4.343346",Lobaye,CF12,Boganda,CF125,Boganda,CF1251,567.090125
 Bossele 2,"17.220656,4.340398",Lobaye,CF12,Boganda,CF125,Boganda,CF1251,298.160787
 Bossembele,"17.646635,5.2662",Ombella M'Poko,CF11,Bossembélé,CF115,Bossembélé,CF1151,9355.00504
 Bossemboubou,"16.9000699999999,5.412584",Ombella M'Poko,CF11,Yaloké,CF116,Guézéli,CF1162,616.621293
 Botcho,"21.9826279999999,4.368459",Basse-Kotto,CF61,Satéma,CF616,Kotto-Oubangui,CF6161,1474.924437
GOUGBERE-BAZIMA,"26.4830919999999,5.418046",Haut-Mbomou,CF63,Obo,CF631,Obo,CF6311,536.793
 Bouabourou,"15.9592829999999,7.382522",Ouham Pendé,CF31,Ngaoundaye,CF315,Yémé,CF3154,1687.719297
 Boubanda,"21.086234,4.434503",Basse-Kotto,CF61,Mobaye,CF611,Mbéima,CF6112,1114.117206
KOUBOU,"26.537658,5.324874",Haut-Mbomou,CF63,Obo,CF631,Obo,CF6311,749.758
 Bougoua 1,"19.822638,5.749798",Ouaka,CF43,Grimari,CF433,Kobadja,CF4332,574.885097
 Boukoyo,"17.2017139999999,7.515449",Ouham,CF32,Markounda,CF323,Nana Markounda,CF3231,1079.807629
 Boulo,"17.1955759999999,7.378484",Ouham,CF32,Markounda,CF323,Nana Markounda,CF3231,548.210027
 Bouma 1,"20.8279099999999,5.470665",Ouaka,CF43,Bambari,CF431,Ngougbia,CF4313,616.151077
NGOUME,"26.5192839999999,5.327287",Haut-Mbomou,CF63,Obo,CF631,Obo,CF6311,599.664
 Bounguele,"16.759423,3.934452",Sangha-Mbaéré,CF23,Bambio,CF232,Mbaéré,CF2321,293.571142
Bandakpa,"25.157708,5.03676",Haut-Mbomou,CF63,Zémio,CF633,Zémio,CF6331,1159.744498
 Boyali 1,"16.483485,6.174845",Ouham Pendé,CF31,Bossemtélé,CF316,Binon,CF3161,575.647029
Bandassi,"25.15613,5.049274",Haut-Mbomou,CF63,Zémio,CF633,Zémio,CF6331,1647.043767
 Boyidou,"21.2748719999999,4.668672",Basse-Kotto,CF61,Mobaye,CF611,Mbéima,CF6112,1242.669192
 Boymasse,"22.7279279999999,4.914024",Mbomou,CF62,Bangassou,CF621,Sayo Niakari,CF6212,1182.100809
 Bozambo,"17.83096,3.733962",Lobaye,CF12,Mbaiki,CF121,Moboma,CF1217,1795.594984
 Brousse,"15.1867249999999,5.775097",Nana-Mambéré,CF22,Baboua,CF223,Fo,CF2235,280.047115
 Camp Cotonaf,"19.405764,5.124114",Kémo,CF41,Ndjoukou,CF414,Galabadja,CF4142,1422.187681
 Camp-Mawa,"15.57978,5.880811",Nana-Mambéré,CF22,Bouar,CF221,Herman-Brousse,CF2213,776.86445
 Captara,"15.095347,6.301676",Nana-Mambéré,CF22,Baboua,CF223,Goudrot,CF2232,860.687377
 Cotonaf,"19.106742,6.262475",Kémo,CF41,Dékoa,CF412,Guiffa,CF4123,720.001113
 Dakoyo,"18.139952,7.478576",Ouham,CF32,Batangafo,CF326,Bakassa,CF3265,433.276379
 Damba,"20.967192,4.629834",Basse-Kotto,CF61,Zangba,CF615,Ouambé,CF6151,389.624044
 Dao-Bac,"18.1589519999999,6.632026",Ouham,CF32,Bouca,CF325,Ouham Fafa,CF3253,639.051
 Dar Zaraf,"22.459467,10.366139",Vakaga,CF53,Birao,CF531,Ridina,CF5311,265.238529
 Dede Makouba,"15.241915,3.930408",Mambéré-Kadéi,CF21,Dédé-Mokouba,CF216,Haute-Kadéi,CF2161,617.602529
 Deko Mbimbi,"19.612406,5.15212",Kémo,CF41,Ndjoukou,CF414,Galabadja,CF4142,823.74237
 Dena,"20.544504,4.60288",Ouaka,CF43,Kouango,CF434,Cochio-Toulou,CF4343,490.510147
 Dengbe,"16.7501019999999,4.419418",Mambéré-Kadéi,CF21,Carnot,CF213,Senkpa-Mbaéré,CF2132,924.105956
Tamboura,"25.202438,5.160494",Haut-Mbomou,CF63,Zémio,CF633,Zémio,CF6331,1306.89049
 Dingadigui,"22.692712,4.785761",Mbomou,CF62,Bangassou,CF621,Sayo Niakari,CF6212,824.721494
 Djaindola 2,"19.1384119999999,5.978469",Kémo,CF41,Sibut,CF411,Ngoumbele,CF4112,767.08887
 Djembe,"15.846601,4.90937",Mambéré-Kadéi,CF21,Carnot,CF213,Carnot,CF2131,1638.203793
 Djouda 1,"19.236778,5.079775",Kémo,CF41,Ndjoukou,CF414,Galafondo,CF4141,1097.084837
 Domale,"16.1658329999999,3.683034",Sangha-Mbaéré,CF23,Nola,CF231,Nola,CF2311,756.800408
 Dongbe 1,"18.5798859999999,5.09926",Ombella M'Poko,CF11,Damara,CF112,Damara,CF1121,338.705776
 Dongo,"15.300319,4.229319",Mambéré-Kadéi,CF21,Gamboula,CF212,Basse-Boumné,CF2121,666.801978
 Dongue Boyombo,"15.563039,5.130691",Nana-Mambéré,CF22,Abba,CF224,Nadziboro,CF2242,395.674253
 Donlogo,"15.6959219999999,4.228963",Mambéré-Kadéi,CF21,Berbérati,CF211,Ouakanga,CF2113,1414.573108
 Dori,"15.289197,3.9077",Mambéré-Kadéi,CF21,Dédé-Mokouba,CF216,Haute-Kadéi,CF2161,3078.051315
 Dougba,"21.27015,4.632717",Basse-Kotto,CF61,Mobaye,CF611,Mbéima,CF6112,1448.352368
 Douma,"23.040676,4.752405",Mbomou,CF62,Bangassou,CF621,Zangandou,CF6214,303.858706
 Doungba 4,"20.448902,4.950704",Ouaka,CF43,Kouango,CF434,Cochio-Toulou,CF4343,477.429877
 Fadama,"22.7583899999999,5.723679",Mbomou,CF62,Bakouma,CF625,Bakouma,CF6251,1064.157161
 Forodoungou,"20.509532,4.971569",Ouaka,CF43,Kouango,CF434,Cochio-Toulou,CF4343,784.816236
 Foungou,"20.588874,4.583997",Basse-Kotto,CF61,Zangba,CF615,Yabongo,CF6152,409.727683
 Galoy bokoy,"15.384247,5.562402",Nana-Mambéré,CF22,Baboua,CF223,Bingué,CF2233,1143.120211
 Garga Zallo,"15.00536,6.343766",Nana-Mambéré,CF22,Baboua,CF223,Goudrot,CF2232,404.023038
 Gba,"18.606138,4.700808",Ombella M'Poko,CF11,Damara,CF112,Damara,CF1121,898.14116
 Gbabi 1,"21.213546,4.40115",Basse-Kotto,CF61,Mobaye,CF611,Mbéima,CF6112,1079.836677
 Gbaboua,"15.188069,5.581446",Nana-Mambéré,CF22,Baboua,CF223,Fo,CF2235,291.477609
 Gbada,"20.0592539999999,5.067707",Ouaka,CF43,Kouango,CF434,Azéngué-Mindou,CF4342,1689.438891
 Gbadou,"18.52449,6.840677",Ouham,CF32,Bouca,CF325,Lady Gbawi,CF3252,560.536544
 Gbagaza,"15.096651,5.376155",Nana-Mambéré,CF22,Abba,CF224,Abba,CF2241,835.196586
 Gbagomara,"20.020814,4.980583",Ouaka,CF43,Kouango,CF434,Kouango,CF4341,575.589789
 Gbahao,"18.145242,4.762233",Ombella M'Poko,CF11,Boali,CF114,Boali,CF1141,820.393236
 Gbali Tembo,"22.01311,4.248394",Basse-Kotto,CF61,Satéma,CF616,Kotto-Oubangui,CF6161,644.77571
 Gbama 3,"21.713676,4.5008",Basse-Kotto,CF61,Kembé,CF613,Mboui,CF6132,682.690174
 Gbama 4,"21.202658,4.697177",Basse-Kotto,CF61,Mobaye,CF611,Mbéima,CF6112,1045.556147
 Gbambia,"14.9855579999999,4.791097",Mambéré-Kadéi,CF21,Amada-Gaza,CF214,Haute-Boumbé,CF2141,2645.272443
 Gbanli,"18.249044,5.627105",Ombella M'Poko,CF11,Bogangolo,CF113,Bogangolo,CF1131,256.546621
 Gbaya 2,"18.5660379999999,4.649842",Ombella M'Poko,CF11,Damara,CF112,Damara,CF1121,1914.258488
 Gbaza,"21.1930669999999,6.236308",Ouaka,CF43,Ippy,CF435,Ippy,CF4351,1959.704772
 Gbazanga,"19.670518,5.150798",Kémo,CF41,Ndjoukou,CF414,Galabadja,CF4142,556.202113
 Gbegon,"18.97184,6.385235",Kémo,CF41,Dékoa,CF412,Dekoa,CF4121,552.580019
 Gbele,"18.68164,4.906231",Ombella M'Poko,CF11,Damara,CF112,Damara,CF1121,517.572872
 Gbiangora,"19.621582,5.209932",Kémo,CF41,Ndjoukou,CF414,Galabadja,CF4142,429.472518
 Gbombe,"22.748678,4.832464",Mbomou,CF62,Bangassou,CF621,Sayo Niakari,CF6212,1259.074815
 Gomoko,"18.27533,4.642701",Ombella M'Poko,CF11,Boali,CF114,Boali,CF1141,1019.79437
 Gou 2,"19.134488,6.408298",Kémo,CF41,Dékoa,CF412,Tilo,CF4122,416.064552
 Gouada,"22.0362879999999,4.353392",Basse-Kotto,CF61,Satéma,CF616,Kotto-Oubangui,CF6161,443.283301
 Gouadje 2,"20.943788,4.482914",Basse-Kotto,CF61,Zangba,CF615,Ouambé,CF6151,744.460228
 Gouhoutou,"19.756544,5.75123",Ouaka,CF43,Grimari,CF433,Kobadja,CF4332,677.54315
 Gounouma 2,"21.234276,5.159016",Basse-Kotto,CF61,Alindao,CF612,Bangui-Ketté,CF6123,1139.000813
 Goussouma,"19.6281819999999,5.788247",Ouaka,CF43,Grimari,CF433,Kobadja,CF4332,4353.507813
 Gpmt Houssem,"17.482606,6.937428",Ouham,CF32,Nana-Bakassa,CF322,Nana-Bakassa,CF3221,1396.265155
 Gpt Bolio,"17.419974,7.037436",Ouham,CF32,Nana-Bakassa,CF322,Nana-Bakassa,CF3221,2836.507165
 Gpt Djoubissi,"20.7501399999999,6.181963",Ouaka,CF43,Bambari,CF431,Danga-Gboudou,CF4312,366.302011
 Gpt Kaboro,"17.528054,6.968749",Ouham,CF32,Nana-Bakassa,CF322,Nana-Bakassa,CF3221,2187.84855
 Gpt Kouki,"17.2980899999999,7.156851",Ouham,CF32,Nana-Bakassa,CF322,Nana-Bakassa,CF3221,6915.360492
 Groupement Douane,"15.267158,6.518254",Nana-Mambéré,CF22,Bouar,CF221,Niem-Yelewa,CF2212,1844.876729
 Groupement Mbormon,"16.1548139999999,5.609761",Nana-Mambéré,CF22,Baoro,CF222,Bawi Tédoa,CF2221,953.917458
 Guerengou-Pont,"18.5302539999999,4.580375",Ombella M'Poko,CF11,Bimbo,CF111,Bimbo,CF1111,975.499635
 Guigui Banda,"19.60164,5.312913",Kémo,CF41,Ndjoukou,CF414,Galabadja,CF4142,668.850642
 Guissibanda,"19.63494,5.893393",Ouaka,CF43,Grimari,CF433,Kobadja,CF4332,451.695433
 Ikoumba,"18.607132,3.530932",Lobaye,CF12,Mongoumba,CF122,Mongoumba,CF1221,1130.467384
 Ippy,"21.1966,6.260115",Ouaka,CF43,Ippy,CF435,Ippy,CF4351,12119.89089
 Ivoro,"18.589986,3.607606",Lobaye,CF12,Mongoumba,CF122,Mongoumba,CF1221,1503.148939
 Kaeta,"15.557707,6.172659",Nana-Mambéré,CF22,Bouar,CF221,Herman-Brousse,CF2213,475.107184
 Kalamo,"17.8071279999999,7.516417",Ouham,CF32,Batangafo,CF326,Bédé,CF3262,705.421942
 Kamassougboulou,"17.806338,7.046714",Ouham,CF32,Batangafo,CF326,Bédé,CF3262,601.873767
 Kambayeke,"15.318375,3.893302",Mambéré-Kadéi,CF21,Dédé-Mokouba,CF216,Haute-Kadéi,CF2161,976.210449
 Kandjia 2,"20.0454259999999,5.489931",Ouaka,CF43,Grimari,CF433,Lissa,CF4333,1249.311519
 Kapabanda,"20.6234019999999,5.749739",Ouaka,CF43,Bambari,CF431,Pladama-Ouaka,CF4314,321.233694
 Kassa-Zoya,"15.585148,5.81985",Nana-Mambéré,CF22,Bouar,CF221,Zotoua-Bangarem,CF2214,406.420981
 Kava 2,"18.51418,7.56606",Ouham,CF32,Kabo,CF327,Ouaki,CF3272,1391.685207
 Kawa,"21.3244919999999,4.903951",Basse-Kotto,CF61,Alindao,CF612,Guiligui,CF6122,1830.274769
 Kembe,"21.890037,4.614079",Basse-Kotto,CF61,Kembé,CF613,Kembé,CF6131,8219.645855
 Kemngoyeye,"18.5705999999999,7.6412",Ouham,CF32,Kabo,CF327,Sido,CF3271,538.491352
 Kobadja,"19.927872,6.331621",Ouaka,CF43,Bakala,CF432,Koudou-Bégo,CF4321,1184.439274
 Kodi,"15.670517,7.400158",Ouham Pendé,CF31,Ngaoundaye,CF315,Lim,CF3152,1846.834404
 Kodje 1,"20.959664,4.475588",Basse-Kotto,CF61,Zangba,CF615,Ouambé,CF6151,883.611672
 Kodje 3,"20.974156,4.471018",Basse-Kotto,CF61,Zangba,CF615,Ouambé,CF6151,333.963467
 Koe,"15.183228,5.53019",Nana-Mambéré,CF22,Abba,CF224,Abba,CF2241,385.198671
 Korando,"15.225398,4.199319",Mambéré-Kadéi,CF21,Gamboula,CF212,Basse-Boumné,CF2121,516.900758
 Koropeke,"17.205794,4.748796",Lobaye,CF12,Boganangone,CF124,Boganangone,CF1241,3262.295318
 Kotissako,"20.3856019999999,8.14359",Bamingui-Bangoran,CF51,Bamingui,CF512,Vassako,CF5121,1514.617279
 Koudoukou,"20.218688,6.216192",Ouaka,CF43,Bakala,CF432,Koudou-Bégo,CF4321,1052.166868
 Kouleo,"15.887639,7.309385",Ouham Pendé,CF31,Ngaoundaye,CF315,Yémé,CF3154,864.781788
 Kouma,"19.442536,6.174604",Kémo,CF41,Mala,CF413,Mala,CF4131,1103.824739
 Koumba,"16.190311,3.707276",Sangha-Mbaéré,CF23,Nola,CF231,Nola,CF2311,2718.506728
 Koumbe,"15.552777,6.009403",Nana-Mambéré,CF22,Bouar,CF221,Herman-Brousse,CF2213,930.953266
 Koyabrou,"21.2709779999999,4.539296",Basse-Kotto,CF61,Mobaye,CF611,Mbéima,CF6112,857.013236
 Kpanba 1,"18.5347879999999,4.477101",Ombella M'Poko,CF11,Bimbo,CF111,Bimbo,CF1111,1646.950082
 Kpatara,"21.961478,4.393999",Basse-Kotto,CF61,Satéma,CF616,Kotto-Oubangui,CF6161,467.46239
 Kpeketo,"18.244278,4.180372",Lobaye,CF12,Mbaiki,CF121,Pissa,CF1213,1973.29845
 Kpete,"23.8895979999999,4.996267",Mbomou,CF62,Rafai,CF624,Rafai,CF6241,728.626523
 Kpoulou,"20.826252,4.548103",Basse-Kotto,CF61,Zangba,CF615,Ouambé,CF6151,431.369478
 Lapi 1,"21.88721,4.331904",Basse-Kotto,CF61,Satéma,CF616,Kotto-Oubangui,CF6161,483.581782
 LessÃž,"18.517168,3.895735",Lobaye,CF12,Mongoumba,CF122,Mongoumba,CF1221,340.206187
 Libala,"15.274061,4.39258",Mambéré-Kadéi,CF21,Gamboula,CF212,Basse-Boumné,CF2121,615.111902
 Lidjombo,"16.097193,2.693515",Sangha-Mbaéré,CF23,Bayanga,CF233,Yobé-Sangha,CF2331,611.205405
 Londo,"17.077428,3.625766",Sangha-Mbaéré,CF23,Bambio,CF232,Mbaéré,CF2321,805.759092
 Loungba,"23.898776,5.002107",Mbomou,CF62,Rafai,CF624,Rafai,CF6241,1326.867248
 Makembe,"22.929212,4.9036",Mbomou,CF62,Bangassou,CF621,Voungba-Balifondo,CF6213,1916.993778
 Mala,"19.509564,6.11016",Kémo,CF41,Mala,CF413,Mala,CF4131,2322.631222
 Mambele,"16.6401329999999,3.927855",Sangha-Mbaéré,CF23,Bambio,CF232,Mbaéré,CF2321,4722.123048
 Maorka,"19.6668619999999,6.662086",Nana-Gribizi,CF42,Mbrès,CF422,Mbrés,CF4221,1832.951063
 Maraba,"18.6614059999999,4.8472",Ombella M'Poko,CF11,Damara,CF112,Damara,CF1121,677.411553
 Marba,"19.589514,6.075952",Kémo,CF41,Mala,CF413,Mala,CF4131,1019.504794
 Mategba,"20.74051,4.731464",Basse-Kotto,CF61,Zangba,CF615,Yabongo,CF6152,297.838834
 Mayaka,"16.874884,5.272135",Mambéré-Kadéi,CF21,Gadzi,CF217,Mbali,CF2172,2404.152634
 Mayo-Lara 1,"14.941215,6.39793",Nana-Mambéré,CF22,Baboua,CF223,Goudrot,CF2232,425.513625
 Mbaina,"16.549354,5.168576",Mambéré-Kadéi,CF21,Gadzi,CF217,Topia,CF2171,4656.422456
 Mbata,"18.2906219999999,3.694272",Lobaye,CF12,Mbaiki,CF121,Mbata,CF1212,6796.897398
 Mbereguili,"15.532073,7.257038",Ouham Pendé,CF31,Ngaoundaye,CF315,Kodi,CF3153,729.765483
 Mbiko,"15.233408,3.935903",Mambéré-Kadéi,CF21,Dédé-Mokouba,CF216,Haute-Kadéi,CF2161,617.602529
 Mblebanda,"20.560486,5.697496",Ouaka,CF43,Bambari,CF431,Pladama-Ouaka,CF4314,468.685226
 Mboryanga,"15.593609,5.798499",Nana-Mambéré,CF22,Bouar,CF221,Zotoua-Bangarem,CF2214,570.300409
 Mbounza,"17.280332,4.331509",Lobaye,CF12,Boganda,CF125,Boganda,CF1251,380.008846
 MbrÃžs,"19.799937,6.667027",Nana-Gribizi,CF42,Mbrès,CF422,Mbrés,CF4221,6189.734745
 Mengue Bokengue,"19.191748,6.910103",Nana-Gribizi,CF42,Kaga-Bandoro,CF421,Ndenga,CF4215,2014.470007
 Monassao,"16.245272,3.250687",Sangha-Mbaéré,CF23,Bayanga,CF233,Yobé-Sangha,CF2331,3094.833717
 Mongo,"18.5683979999999,3.77177",Lobaye,CF12,Mongoumba,CF122,Mongoumba,CF1221,434.795148
 Mourou Fleuve,"19.5285359999999,5.162973",Kémo,CF41,Ndjoukou,CF414,Galabadja,CF4142,309.783455
 Nadziboro,"15.409375,5.275151",Nana-Mambéré,CF22,Abba,CF224,Nadziboro,CF2242,524.87401
 Nalimo,"16.155549,3.494285",Sangha-Mbaéré,CF23,Nola,CF231,Nola,CF2311,2678.675128
 Nangoko,"15.361528,4.250441",Mambéré-Kadéi,CF21,Gamboula,CF212,Basse-Boumné,CF2121,7130.7392
 Ndambou,"17.306798,4.327465",Lobaye,CF12,Boganda,CF125,Boganda,CF1251,368.316267
 Ndele,"20.6479989999999,8.411999",Bamingui-Bangoran,CF51,Ndélé,CF511,Dar El Kouti,CF5111,9694.506056
 Ndia,"18.54149,4.292519",Ombella M'Poko,CF11,Bimbo,CF111,Bimbo,CF1111,453.34166
 Ndiba,"19.68624,6.657368",Nana-Gribizi,CF42,Mbrès,CF422,Mbrés,CF4221,1367.663486
 Ndimba 1,"18.45618,7.47513",Ouham,CF32,Kabo,CF327,Ouaki,CF3272,386.579224
 Ndjangala,"19.8180979999999,5.754308",Ouaka,CF43,Grimari,CF433,Kobadja,CF4332,1488.541769
 Ndjo,"17.602892,5.70007",Ombella M'Poko,CF11,Bossembélé,CF115,Bossembélé,CF1151,2404.711207
 Ngabongo,"15.164505,4.903163",Mambéré-Kadéi,CF21,Amada-Gaza,CF214,Haute-Boumbé,CF2141,773.552255
 Ngaboua,"16.458485,4.848818",Mambéré-Kadéi,CF21,Gadzi,CF217,Topia,CF2171,2613.792231
 Ngalia,"21.7633,4.610944",Basse-Kotto,CF61,Kembé,CF613,Kembé,CF6131,583.601887
 Ngamongo,"14.909646,5.823615",Nana-Mambéré,CF22,Baboua,CF223,Baboua,CF2231,534.869072
 Ngandio,"15.5426319999999,3.995325",Mambéré-Kadéi,CF21,Sosso-Nakombo,CF215,Basse-Kadéi,CF2151,1265.17032
 Ngapo,"20.9020459999999,4.729721",Basse-Kotto,CF61,Zangba,CF615,Yabongo,CF6152,320.749513
 Ngbaboko,"16.1690119999999,4.660785",Mambéré-Kadéi,CF21,Carnot,CF213,Carnot,CF2131,1070.78125
 Ngbafio 1,"15.4112849999999,5.310668",Nana-Mambéré,CF22,Abba,CF224,Abba,CF2241,270.183515
 Ngbanda,"23.094334,4.829665",Mbomou,CF62,Bangassou,CF621,Zangandou,CF6214,324.576345
 Ngbando 1,"21.7311079999999,4.342946",Basse-Kotto,CF61,Satéma,CF616,Kotto-Oubangui,CF6161,822.08903
 Ngbassa 1,"21.5504779999999,4.252227",Basse-Kotto,CF61,Satéma,CF616,Kotto-Oubangui,CF6161,443.283301
 Ngonza,"23.9209059999999,4.988969",Mbomou,CF62,Rafai,CF624,Rafai,CF6241,1449.583294
 Ngopama,"18.506022,3.698151",Lobaye,CF12,Mongoumba,CF122,Mongoumba,CF1221,459.640585
 Ngotto,"17.33612,4.033818",Lobaye,CF12,Boda,CF123,Lobaye,CF1232,6205.8423
 Ngoubondo,"21.615862,6.431375",Ouaka,CF43,Ippy,CF435,Yéngou,CF4352,782.775631
 Ngoudongo 1,"19.1315999999999,6.080344",Kémo,CF41,Dékoa,CF412,Guiffa,CF4123,552.857998
 Ngouka,"18.6543439999999,4.831962",Ombella M'Poko,CF11,Damara,CF112,Damara,CF1121,289.231899
 Ngoumbeti,"18.5042,4.431416",Ombella M'Poko,CF11,Bimbo,CF111,Bimbo,CF1111,5279.421865
 Ngoungou,"16.499203,4.45223",Mambéré-Kadéi,CF21,Carnot,CF213,Senkpa-Mbaéré,CF2132,2297.776972
 Ngourkaba 1,"19.4776619999999,6.135276",Kémo,CF41,Mala,CF413,Mala,CF4131,1188.144685
 Niango 2,"20.1822839999999,7.574745",Bamingui-Bangoran,CF51,Bamingui,CF512,Vassako,CF5121,1698.472556
 Nzako,"22.864256,6.137611",Mbomou,CF62,Bakouma,CF625,Bakouma,CF6251,5214.370088
 Nzembe,"15.4399979999999,3.923608",Mambéré-Kadéi,CF21,Sosso-Nakombo,CF215,Basse-Kadéi,CF2151,405.94456
 Nzerewere,"15.648087,7.016757",Ouham Pendé,CF31,Bocaranga,CF312,Bocaranga,CF3121,4170.690923
 Ouande-Linguiri,"19.9303959999999,6.985596",Nana-Gribizi,CF42,Mbrès,CF422,Mbrés,CF4221,528.735884
 Ouatta,"16.123335,3.982216",Mambéré-Kadéi,CF21,Berbérati,CF211,Basse-Mambéré,CF2114,670.674695
 Ouhi,"20.702,8.401754",Bamingui-Bangoran,CF51,Ndélé,CF511,Dar El Kouti,CF5111,709.016761
 Pate-Mamadou,"15.6156159999999,5.728469",Nana-Mambéré,CF22,Bouar,CF221,Zotoua-Bangarem,CF2214,766.955723
 Poubati,"16.390008,7.168088",Ouham Pendé,CF31,Paoua,CF314,Banh,CF3148,1999.80714
 Poutem,"17.3087899999999,4.041141",Lobaye,CF12,Boda,CF123,Lobaye,CF1232,943.483233
 RafaÂ´,"23.928373,4.970849",Mbomou,CF62,Rafai,CF624,Rafai,CF6241,4670.879503
 Sakara-Foulbe,"15.680558,5.390819",Nana-Mambéré,CF22,Bouar,CF221,Zotoua-Bangarem,CF2214,458.862398
 Sambora,"23.6676779999999,4.956424",Mbomou,CF62,Rafai,CF624,Rafai,CF6241,1865.339738
 Sanda Boguera,"15.456402,5.236147",Nana-Mambéré,CF22,Abba,CF224,Nadziboro,CF2242,306.849421
 Sanyele,"17.229322,4.577997",Lobaye,CF12,Boganda,CF125,Boganda,CF1251,339.084817
 Sosso-Nakombo,"15.496017,3.909855",Mambéré-Kadéi,CF21,Sosso-Nakombo,CF215,Basse-Kadéi,CF2151,4252.378021
 Soumba Boyare,"15.602819,5.063688",Nana-Mambéré,CF22,Abba,CF224,Nadziboro,CF2242,298.774436
 Takamala,"22.4597279999999,10.234144",Vakaga,CF53,Birao,CF531,Ridina,CF5311,494.559341
 Tedoa,"16.4906879999999,5.551529",Nana-Mambéré,CF22,Baoro,CF222,Bawi Tédoa,CF2221,1941.502591
 Tilo,"19.227944,6.297644",Kémo,CF41,Dékoa,CF412,Tilo,CF4122,1230.857632
 Unknown,"15.604322,4.087678",Mambéré-Kadéi,CF21,Sosso-Nakombo,CF215,Basse-Kadéi,CF2151,995.7359
 Unknown 15,"17.0831939999999,4.200098",Lobaye,CF12,Boganda,CF125,Boganda,CF1251,315.699657
 Unknown 29,"15.0684869999999,4.601061",Mambéré-Kadéi,CF21,Gamboula,CF212,Basse-Boumné,CF2121,692.647016
 Unknown 32,"16.6287109999999,4.663985",Mambéré-Kadéi,CF21,Gadzi,CF217,Topia,CF2171,1045.516892
 Unknown 33,"18.390563,4.66518",Ombella M'Poko,CF11,Boali,CF114,Boali,CF1141,6517.534513
 Unknown 34,"18.511949,4.698682",Ombella M'Poko,CF11,Damara,CF112,Damara,CF1121,262.592119
 Unknown 37,"15.721949,5.027222",Mambéré-Kadéi,CF21,Carnot,CF213,Carnot,CF2131,4053.248595
 Unknown 39,"15.092917,5.1425",Nana-Mambéré,CF22,Abba,CF224,Abba,CF2241,266.080328
 Unknown 50,"14.557016,6.005471",Nana-Mambéré,CF22,Baboua,CF223,Koundé,CF2234,1101.097409
 Unknown 52,"20.829111,6.122344",Ouaka,CF43,Bambari,CF431,Danga-Gboudou,CF4312,705.67005
 Unknown 54,"21.220559,6.145969",Ouaka,CF43,Ippy,CF435,Ippy,CF4351,746.96743
 Unknown 83,"18.687358,7.683694",Ouham,CF32,Kabo,CF327,Sido,CF3271,2094.952657
 Unknown 87,"20.60572,8.368039",Bamingui-Bangoran,CF51,Bamingui,CF512,Vassako,CF5121,724.323605
 Wambilo,"15.530004,3.975056",Mambéré-Kadéi,CF21,Sosso-Nakombo,CF215,Basse-Kadéi,CF2151,1499.46112
 Wandalongo,"19.8918199999999,6.423813",Ouaka,CF43,Bakala,CF432,Koudou-Bégo,CF4321,414.854365
 Yaloke,"17.092409,5.320378",Ombella M'Poko,CF11,Yaloké,CF116,Yaloké,CF1161,10504.45244
 Yangada,"21.943534,4.297398",Basse-Kotto,CF61,Satéma,CF616,Kotto-Oubangui,CF6161,878.506905
 Yatigaza,"20.3371439999999,5.450146",Ouaka,CF43,Bambari,CF431,Pladama-Ouaka,CF4314,426.556217
 Yomba,"19.425018,6.181956",Kémo,CF41,Mala,CF413,Mala,CF4131,754.117
 Yoro Gbaya,"15.81811,5.261489",Nana-Mambéré,CF22,Baoro,CF222,Yoro-Samba Bougoulou,CF2222,2800.779002
 Youngofongo 1,"22.983996,4.841015",Mbomou,CF62,Bangassou,CF621,Zangandou,CF6214,980.634914
 Zacka,"17.127126,4.942238",Lobaye,CF12,Boganangone,CF124,Boganangone,CF1241,710.665992
 Zara-Kombo,"15.037367,5.469878",Nana-Mambéré,CF22,Abba,CF224,Abba,CF2241,1234.317078
 Zila,"18.4960659999999,4.308145",Ombella M'Poko,CF11,Bimbo,CF111,Bimbo,CF1111,1222.300932
 Zombere,"16.417864,6.27376",Ouham Pendé,CF31,Bossemtélé,CF316,Binon,CF3161,611.856261
BABALA,"22.2621299999999,4.650412",Mbomou,CF62,Gambo,CF623,Gambo,CF6231,2924.054112
BAKABA,"19.03517,7.106127",Nana-Gribizi,CF42,Kaga-Bandoro,CF421,Nana-Outa,CF4213,2413.840476
BALLA,"16.638007,5.678798",Ouham Pendé,CF31,Bossemtélé,CF316,Binon,CF3161,7642.451388
BALOUBA,"20.1717559999999,7.472274",Bamingui-Bangoran,CF51,Bamingui,CF512,Vassako,CF5121,703.517876
BATAYANGA,"15.4510609999999,6.936927",Ouham Pendé,CF31,Koui,CF313,Koui,CF3131,6771.772143
BEBOUZAWE 1,"16.45409,7.368527",Ouham Pendé,CF31,Paoua,CF314,Bah-Bessar,CF3143,2210.893961
BEMAIDE CITY,"16.5023559999999,7.501965",Ouham Pendé,CF31,Paoua,CF314,Bah-Bessar,CF3143,2346.752555
BOBORO,"15.658675,6.940241",Ouham Pendé,CF31,Bocaranga,CF312,Bocaranga,CF3121,1959.204946
BOKONE,"16.384239,6.318983",Ouham Pendé,CF31,Bozoum,CF311,Bozoum,CF3111,24291.03719
BORNOU 2,"21.991405,6.537415",Haute-Kotto,CF52,Bria,CF521,Samba-Boungou,CF5211,28327.14344
BOTOKON,"19.014358,6.944847",Nana-Gribizi,CF42,Kaga-Bandoro,CF421,Botto,CF4212,2087.025781
ECOLE MIXTE 1,"15.637078,6.985692",Ouham Pendé,CF31,Bocaranga,CF312,Bocaranga,CF3121,498
GBADOU,"21.991405,6.537415",Haute-Kotto,CF52,Bria,CF521,Samba-Boungou,CF5211,34236.14344
GBANENGUE 2,"16.391576,6.233304",Ouham Pendé,CF31,Bossemtélé,CF316,Binon,CF3161,1364.501107
KAIDOMON,"15.634471,6.997848",Ouham Pendé,CF31,Bocaranga,CF312,Bocaranga,CF3121,480
Kitessa,"25.363332,5.360081",Haut-Mbomou,CF63,Zémio,CF633,Zémio,CF6331,2040.883175
KOUMBOLI,"25.1698519999999,5.065872",Haut-Mbomou,CF63,Zémio,CF633,Zémio,CF6331,2607.555
LA SIM,"21.991405,6.537415",Haute-Kotto,CF52,Bria,CF521,Samba-Boungou,CF5211,28636.14344
LAMORDE,"15.448154,6.937674",Ouham Pendé,CF31,Koui,CF313,Koui,CF3131,1785
MANDE 3,"21.991405,6.537415",Haute-Kotto,CF52,Bria,CF521,Samba-Boungou,CF5211,26529.14344
MBAMBALE,"22.4513579999999,4.375263",Mbomou,CF62,Ouango,CF622,Ouango,CF6221,1201.052952
MBENGOU,"20.153274,7.310695",Bamingui-Bangoran,CF51,Bamingui,CF512,Vassako,CF5121,780.100264
NDOGBA,"22.436094,4.280663",Mbomou,CF62,Ouango,CF622,Ouango,CF6221,2161.374341
NDOMENDE 1,"21.991405,6.537415",Haute-Kotto,CF52,Bria,CF521,Samba-Boungou,CF5211,26678.14344
NGUEREFARA,"22.786318,5.693716",Mbomou,CF62,Bakouma,CF625,Bakouma,CF6251,6761.880928
Obo,"26.4946389999999,5.403851",Haut-Mbomou,CF63,Obo,CF631,Obo,CF6311,5743.848245
MBILAGBI,"15.4431449999999,6.936879",Ouham Pendé,CF31,Koui,CF313,Koui,CF3131,525
YANDOMO,"21.991405,6.537415",Haute-Kotto,CF52,Bria,CF521,Samba-Boungou,CF5211,26152.14344
Zemio,"25.1294229999999,5.024257",Haut-Mbomou,CF63,Zémio,CF633,Zémio,CF6331,8309.277075
ZIME,"22.82966,5.690336",Mbomou,CF62,Bakouma,CF625,Bakouma,CF6251,1172.313321
BORNOU 1,"21.991405,6.537415",Haute-Kotto,CF52,Bria,CF521,Samba-Boungou,,33493.14344
AMAMEU,"21.991405,6.537415",Haute-Kotto,CF52,Bria,CF521,Samba-Boungou,,30249.14344
GALABADJA,"21.991405,6.537415",Haute-Kotto,CF52,Bria,CF521,Samba-Boungou,,28807.14344
GOBOLO 1,"21.991405,6.537415",Haute-Kotto,CF52,Bria,CF521,Samba-Boungou,,27231.14344
GOBOLO 2,"21.991405,6.537415",Haute-Kotto,CF52,Bria,CF521,Samba-Boungou,,27682.14344
MANDE 1,"21.991405,6.537415",Haute-Kotto,CF52,Bria,CF521,Samba-Boungou,,27276.14344
MANDE 4,"21.991405,6.537415",Haute-Kotto,CF52,Bria,CF521,Samba-Boungou,,27274.14344
NDROU 3,"21.991405,6.537415",Haute-Kotto,CF52,Bria,CF521,Samba-Boungou,,26312.14344
BETIBOINDA 1,"16.5513119999999,7.252069",Ouham Pendé,CF31,Paoua,CF314,Paoua,,450.120393
BEBOY 1,"16.458019,7.372372",Ouham Pendé,CF31,Paoua,CF314,Bah-Bessar,,1693.728956
BARYA (GANG NDA),"16.7705939999999,7.23492",Ouham Pendé,CF31,Paoua,CF314,Nana-Barya,,361.942703
BOTTO 3,"19.105646,6.969137",Nana-Gribizi,CF42,Kaga-Bandoro,CF421,Botto,,420
FAH-VILLAGE,"18.981756,6.925971",Nana-Gribizi,CF42,Kaga-Bandoro,CF421,Botto,,784
KOUDOUWESSE,"19.103164,6.972377",Nana-Gribizi,CF42,Kaga-Bandoro,CF421,Botto,,272.534479
MBA,"19.1254519999999,6.980099",Nana-Gribizi,CF42,Kaga-Bandoro,CF421,Botto,,698.775799
PATCHO 1,"19.001816,7.129495",Nana-Gribizi,CF42,Kaga-Bandoro,CF421,Nana-Outa,,1732.537424
BOUBOU 1,"19.232758,7.015726",Nana-Gribizi,CF42,Kaga-Bandoro,CF421,Grivai-Pamia,,896.354498
GREVAI 2,"19.443158,7.060761",Nana-Gribizi,CF42,Kaga-Bandoro,CF421,Grivai-Pamia,,2917.10244
KABA,"19.3842399999999,7.031841",Nana-Gribizi,CF42,Kaga-Bandoro,CF421,Grivai-Pamia,,2060.925413
ZINDI,"19.409756,7.060455",Nana-Gribizi,CF42,Kaga-Bandoro,CF421,Grivai-Pamia,,857.633278
KANGA,"19.4807419999999,6.683507",Nana-Gribizi,CF42,Kaga-Bandoro,CF421,Ndenga,,2059.174893
MENGUE BOKENGUE,"19.191748,6.910103",Nana-Gribizi,CF42,Kaga-Bandoro,CF421,Ndenga,,6308.470106
LEMANA 2,"20.6906779999999,8.448537",Bamingui-Bangoran,CF51,Ndélé,CF511,Dar El Kouti,,941.566144
SOKOUMBA,"20.669114,8.720995",Bamingui-Bangoran,CF51,Ndélé,CF511,Dar El Kouti,,273.474885
ZOUKOUTOUNIALA 2,"20.612234,8.555723",Bamingui-Bangoran,CF51,Ndélé,CF511,Dar El Kouti,,611.931462
BANDOU 2,"21.2501439999999,4.448074",Basse-Kotto,CF61,Mobaye,CF611,Mbéima,,2598.935736
GBAMA 1,"21.217642,4.421153",Basse-Kotto,CF61,Mobaye,CF611,Mbéima,,1807.986015
KANDJA,"21.25911,4.437247",Basse-Kotto,CF61,Mobaye,CF611,Mbéima,,536.945559
OYE 1,"21.2113419999999,4.394179",Basse-Kotto,CF61,Mobaye,CF611,Mbéima,,2187.343295
ZARAWA,"21.3112819999999,4.857598",Basse-Kotto,CF61,Alindao,CF612,Bakou,,2780.56685
YENZIA,"22.4249019999999,4.3931",Mbomou,CF62,Ouango,CF622,Ouango,,1191.63046
YOLOUNGOU,"22.60163,4.483679",Mbomou,CF62,Ouango,CF622,Ouango,,937.268437
BAGUINI,"22.3198359999999,4.647294",Mbomou,CF62,Gambo,CF623,Gambo,,207.695605
BAO,"22.359788,4.43599",Mbomou,CF62,Gambo,CF623,Gambo,,1202.366022
MBANGO,"22.2604979999999,4.663726",Mbomou,CF62,Gambo,CF623,Gambo,,1006.780278
MBRINGA,"22.25102,4.666756",Mbomou,CF62,Gambo,CF623,Gambo,,615.686495
SOCADA,"22.266444,4.654235",Mbomou,CF62,Gambo,CF623,Gambo,,493
PASSIKI,"22.7937639999999,5.686553",Mbomou,CF62,Bakouma,CF625,Bakouma,,429.201654
KARE-BEE 2,"16.377882,6.312513",Ouham Pendé,CF31,Bozoum,CF311,Bozoum,,968.6142
KPETENE,"16.353869,6.335287",Ouham Pendé,CF31,Bozoum,CF311,Kouazo,,1091.438177
MBIKE 2,"15.6588189999999,6.942794",Ouham Pendé,CF31,Bocaranga,CF312,Bocaranga,,265
DJOGUEL,"15.4443769999999,6.934093",Ouham Pendé,CF31,Koui,CF313,Koui,,1562.243286
PLATON,"16.429257,7.244836",Ouham Pendé,CF31,Paoua,CF314,Paoua,,80
ACADOP,"16.434175,7.245206",Ouham Pendé,CF31,Paoua,CF314,Paoua,,157.706798
AERODROME,"16.434175,7.245206",Ouham Pendé,CF31,Paoua,CF314,Paoua,,175
SARAMANDJA 2,"16.434175,7.245206",Ouham Pendé,CF31,Paoua,CF314,Paoua,,70
TALEY,"16.3786549999999,6.674431",Ouham Pendé,CF31,Paoua,CF314,Mom,,3890.583792
BEDAYA 1 (NDIMBAYA),"16.501871,7.462962",Ouham Pendé,CF31,Paoua,CF314,Bah-Bessar,,814
AWAL 1,"20.68188,5.764254",Ouaka,CF43,Bambari,CF431,Bambari,,39612.51628
AWAL 2,"20.680499,5.763568",Ouaka,CF43,Bambari,CF431,Bambari,,1947.380399
CTRO,"20.6616089999999,5.760686",Ouaka,CF43,Bambari,CF431,Bambari,,2315.576627
GBIASSANGO,"20.6654149999999,5.766565",Ouaka,CF43,Bambari,CF431,Bambari,,103.266126
WANGAYE 1,"20.6814989999999,5.765261",Ouaka,CF43,Bambari,CF431,Bambari,,168.19125
 Carnot,"15.868541,4.939971",Mambéré-Kadéi,CF21,Carnot,CF213,Carnot,,36653.66586
 Bouar,"15.592954,5.931157",Nana-Mambéré,CF22,Bouar,CF221,Herman-Brousse,,28378.02371
 Garoua,"15.197208,5.823887",Nana-Mambéré,CF22,Bouar,CF221,Béa-Nana,,1549.249896
 Bria,"21.991405,6.537415",Haute-Kotto,CF52,Bria,CF521,Samba-Boungou,,25832.14344
#N/A,"18.560752,4.360586",Bangui,CF71,Bangui,CF711,Arrondissement 2,CF7112,#N/A
GOZAMAR,"20.625,8.423889",Bamingui-Bangoran,,Ndélé,,Dar-El-Kouti,,302
BANGUI-VILLE,"21.214987,5.042049",Basse-Kotto,,Alindao,,Alindao,,955
KONGO 2,"21.214987,5.042049",Basse-Kotto,,Alindao,,Alindao,,4175
MISSION CATHOLIQUE,"21.214987,5.042049",Basse-Kotto,,Alindao,,Alindao,,25645
Site AFAPS,"21.214987,5.042049",Basse-kotto,,Alindao,,Alindao,,641
Site Elim,"21.214987,5.042049",Basse-kotto,,Alindao,,Alindao,,2627
Site Pk3 axe mingala,"21.214987,5.042049",Basse-kotto,,Alindao,,Alindao,,612
VOUNDJA DJOGO,"21.214987,5.042049",Basse-Kotto,,Alindao,,Alindao,,1700
ANGAZEU (KONGBO),"21.36464,4.772754",Basse-Kotto,,Alindao,,Bakou,,6840
ELIM 2,"21.21499,5.04205",Basse-Kotto,,Alindao,,Bakou,,573
Eglise Catholique,"21.991405,6.537415",Haute-Kotto,,Bria,,Bria,,464
Eglise CEBI 1,"21.991405,6.537415",Haute-Kotto,,Bria,,Bria,,215
Eglise CEBI 3,"21.991405,6.537415",Haute-Kotto,,Bria,,Bria,,614
Hopital de Bria,"21.991405,6.537415",Haute-Kotto,,Bria,,Bria,,345
PK 3,"21.991405,6.537415",Haute-Kotto,,Bria,,Bria,,50030
BAMBITO,"26.4946389999999,5.403851",Haut-Mbomou,,Obo,,Obo,,655
Boyo,"26.4946389999999,5.403851",Haut-Mbomou,,Obo,,Obo,,870
Gambo,"26.4946389999999,5.403851",Haut-Mbomou,,Obo,,Obo,,563
Gougbere,"26.4946389999999,5.403851",Haut-Mbomou,,Obo,,Obo,,2205
MOTOPI,"26.4946389999999,5.403851",Haut-Mbomou,,Obo,,Obo,,833
NAKPANGA,"26.4946389999999,5.403851",Haut-Mbomou,,Obo,,Obo,,1274
Nguilinguili,"26.4946389999999,5.403851",Haut-Mbomou,,Obo,,Obo,,455
Gendarmerie,"25.1294229999999,5.024257",Haut-Mbomou,,Zémio,,Zemio,,2161
ARGUE,"25.1294229999999,5.024257",Haut-Mbomou,,Zémio,,Zémio,,3821
YOUGOU,"22.822237,4.740092",Mbomou,,Bangassou,,Bangassou,,1530
AIM,"23.933396,4.969394",Mbomou,,Rafai,,Rafaï,,1265
BINGBA 3,"23.933396,4.969394",Mbomou,,Rafai,,Rafaï,,3466
SANDOU,"23.933396,4.969394",Mbomou,,Rafai,,Rafaï,,2830
KOKOROTA,"19.1915429999999,6.990379",Nana-Gribizi,,Kaga-Bandoro,,Kaga-Bandoro,,12442
LAZARE,"19.1915429999999,6.990379",Nana-Gribizi,,Kaga-Bandoro,,Kaga-Bandoro,,7795
MBELLA,"19.1915429999999,6.990379",Nana-Gribizi,,Kaga-Bandoro,,Kaga-Bandoro,,1012
Minusca,"19.1915429999999,6.990379",Nana-Gribizi,,Kaga-Bandoro,,Kaga-Bandoro,,12621
CAMP ELEVAGE,"20.654183,5.764845",Ouaka,,Bambari,,Bambari,,9009
DECAMPS,"20.654183,5.764845",Ouaka,,Bambari,,Bambari,,4350
KIDJIGRA 1,"20.654183,5.764845",Ouaka,,Bambari,,Bambari,,2948
MINUSCA PK 8,"20.654183,5.764845",Ouaka,,Bambari,,Bambari,,2009
Site alternatif (Misca),"20.654183,5.764845",Ouaka,,Bambari,,Bambari,,3784
MALOUM 1,"21.162894,5.933953",Ouaka,,Bambari,,Danga-Gboudou,,8330
AVIATION,"20.657,5.803",Ouaka,,Bambari,,Pladama-Ouaka,,4957
NGALINGOU,"20.632612,5.815401",Ouaka,,Bambari,,Pladama-Ouaka,,2477
PLADAMA,"0,0",Ouaka,,Bambari,,Pladama-Ouaka,,511
SAINT JOSEPH,"20.654183,5.764845",Ouaka,,Bambari,,Bambari,,101
 konvi 1,"18.8478059999999,7.250732",Ouham,,Batangafo,,Axe Batangafo-Ouandago-Kabo,,219
Maison des jeunes,"18.285135,7.300987",Ouham,,Batangafo,,Batangafo,,3658
Zibo Bagga,"18.285135,7.300987",Ouham,,Batangafo,,Batangafo,,2002
Dihiri 2,"18.308,7.311",Ouham,,Batangafo,,Batangafo,,98
Ndoubou,"18.3209,7.3141",Ouham,,Batangafo,,Ouassi,,174
Kawa,"18.478824,6.807425",Ouham,,Bouca,, Bouca Maraze,,250
Gbakaya,"18.308738,6.874992",Ouham,,Bouca,,Lady Gbawi,,1265
Lady B,"18.347196,7.036628",Ouham,,Bouca,,Lady Gbawi,,303
Farazala B,"18.74324,7.38043",Ouham,,Kabo,,Kabo,,21
site C (cite de la paix),"18.626926,7.695467",Ouham,,Kabo,,Sido,,2640
 Niango 1,"20.189118,7.584989",Bamingui-Bangoran,CF51,Bamingui,CF512,Vassako,CF5121,595.340896
 Badja 1,"21.481846,4.425552",Basse-Kotto,CF61,Kembé,CF613,Mboui,CF6132,505.922183
 Dinda,"21.4269859999999,4.532509",Basse-Kotto,CF61,Kembé,CF613,Mboui,CF6132,347.440535
 Batali,"17.2319339999999,4.176354",Lobaye,CF12,Boda,CF123,Lobaye,CF1232,666.945044
 Samandoro,"17.400528,4.284795",Lobaye,CF12,Boda,CF123,Lobaye,CF1232,618.144187
 Unknown 20,"17.518611,4.318194",Lobaye,CF12,Boda,CF123,Lobaye,CF1232,333.472522
 Bekagbassem,"17.1223199999999,4.99837",Lobaye,CF12,Boganangone,CF124,Boganangone,CF1241,365.485368
 Belou 2,"18.0808539999999,3.792038",Lobaye,CF12,Mbaiki,CF121,Mbata,CF1212,422.811693
 Boumou,"18.2731579999999,4.262177",Lobaye,CF12,Mbaiki,CF121,Pissa,CF1213,548.510078
 Bogongo 2,"15.0106369999999,4.779475",Mambéré-Kadéi,CF21,Amada-Gaza,CF214,Haute-Boumbé,CF2141,372.962694
 Boyapele,"15.038365,4.775664",Mambéré-Kadéi,CF21,Amada-Gaza,CF214,Haute-Boumbé,CF2141,504.190309
 Degbe-Maina,"16.014899,4.966469",Mambéré-Kadéi,CF21,Carnot,CF213,Carnot,CF2131,274.559295
 Pangoulo,"17.05356,4.355939",Mambéré-Kadéi,CF21,Gadzi,CF217,Topia,CF2171,309.782783
 Nabeli-Pondo,"14.922704,4.568141",Mambéré-Kadéi,CF21,Gamboula,CF212,Basse-Boumné,CF2121,263.619387
 Ouloukombe,"15.533102,3.884906",Mambéré-Kadéi,CF21,Sosso-Nakombo,CF215,Basse-Kadéi,CF2151,316.29258
 Kitika,"23.100614,5.176225",Mbomou,CF62,Bakouma,CF625,Bakouma,CF6251,364.053766
 Madigui,"22.84198,5.681352",Mbomou,CF62,Bakouma,CF625,Bakouma,CF6251,806.519111
 Bozou,"19.865676,6.824671",Nana-Gribizi,CF42,Mbrès,CF422,Mbrés,CF4221,324.291342
 Wanou,"15.824293,5.128629",Nana-Mambéré,CF22,Baoro,CF222,Yoro-Samba Bougoulou,CF2222,277.325353
 Sebokele 3,"18.382694,4.1794",Ombella M'Poko,CF11,Bimbo,CF111,Bimbo,CF1111,384.479636
 Didango,"18.0046,4.714381",Ombella M'Poko,CF11,Boali,CF114,Boali,CF1141,262.070062
 Bogbaloko,"17.696224,5.23129",Ombella M'Poko,CF11,Bossembélé,CF115,Bossembélé,CF1151,444.758499
 Bondio 2,"17.626652,5.439089",Ombella M'Poko,CF11,Bossembélé,CF115,Bossembélé,CF1151,324.146025
 Bossogbien 1,"17.610596,5.647876",Ombella M'Poko,CF11,Bossembélé,CF115,Bossembélé,CF1151,346.760864
 Bongbara,"16.988772,5.381371",Ombella M'Poko,CF11,Yaloké,CF116,Guézéli,CF1162,524.942781
 Mindoukota,"20.007204,5.753002",Ouaka,CF43,Grimari,CF433,Grimari,CF4331,250.02722
 Domo,"21.1471139999999,6.155616",Ouaka,CF43,Ippy,CF435,Baidou-Ngoumbourou,CF4353,331.808263
 Kindigo,"21.1705639999999,6.367417",Ouaka,CF43,Ippy,CF435,Ippy,CF4351,344.840754
 Bodigui,"17.2088539999999,6.458617",Ouham,CF32,Bossangoa,CF321,Ouham Bac,CF3215,318.993503
 Koya,"15.7284869999999,6.878783",Ouham Pendé,CF31,Bocaranga,CF312,Péndé,CF3123,280.970222
NZAPA A HON YORO,"15.6589329999999,6.939271",Ouham Pendé,CF31,Bocaranga,CF312,Bocaranga,CF3121,167.18758
GBANDENGUE,"16.381675,6.233071",Ouham Pendé,CF31,Bossemtélé,CF316,Binon,CF3161,173.505874
 Hay,"16.234044,6.323566",Ouham Pendé,CF31,Bozoum,CF311,Danayéré,CF3115,258.45444
 Unknown 58,"16.4093009999999,6.370958",Ouham Pendé,CF31,Bozoum,CF311,Dan-Gbabiri,CF3112,663.414063
MID-MISSION,"16.3715009999999,6.317324",Ouham Pendé,CF31,Bozoum,CF311,Bozoum,CF3111,585
TABALE,"16.383807,6.307287",Ouham Pendé,CF31,Bozoum,CF311,Bozoum,CF3111,57.350587
ZAZA,"16.3841949999999,6.313351",Ouham Pendé,CF31,Bozoum,CF311,Bozoum,CF3111,163
 Arabe,"17.4402019999999,6.078201",Ouham,CF32,Bossangoa,CF321,Koro-M'poko,CF3213,801.341188
 Bedobo,"16.9585919999999,6.844022",Ouham,CF32,Bossangoa,CF321,Ndoro Mboli,CF3216,1029.776342
 Botengue,"17.6741519999999,6.636675",Ouham,CF32,Bossangoa,CF321,Ben Zambé,CF3214,546.472586
 Gbehinni,"16.7978659999999,6.717327",Ouham,CF32,Bossangoa,CF321,Ndoro Mboli,CF3216,1106.07748
 Gbele Kota,"17.4423379999999,6.18976",Ouham,CF32,Bossangoa,CF321,Koro-M'poko,CF3213,301.256086
 Gpt Gbakora,"17.589022,6.853605",Ouham,CF32,Bossangoa,CF321,Ben Zambé,CF3214,1023.394116
