,VillageAll,GPS.point,admin1Name,admin1Pcod,admin2,admin2Pcod,admin3Name,admin3Pcod,TotalPop_fixe,VillageAll_test,VillageAll_admin2
1, Abbo Boyafe,"15.464091,5.207386",Nana-Mambï¿½,CF22,Abba,CF224,Nadziboro,CF2242,411.824223,abboboyafe,abboboyafe _ Abba
2, Adoum,"20.5684359999999,5.834778",Ouaka,CF43,Bambari,CF431,Pladama-Ouaka,CF4314,858.37856,adoum,adoum _ Bambari
3, Amada-Gaza,"15.1956019999999,4.772098",Mambï¿½ï¿½ï¿½,CF21,Amada-Gaza,CF214,Haute-Boumbï,CF2141,2928.447822,amada-gaza,amada-gaza _ Amada-Gaza
4, Amani,"21.9801919999999,4.652996",Mbomou,CF62,Gambo,CF623,Gambo,CF6231,613.180597,amani,amani _ Gambo
5, Ambang,"15.337197,3.77884",Mambï¿½ï¿½ï¿½,CF21,Dede-Mokouba,CF216,Haute-Kadï¿,CF2161,1812.962263,ambang,ambang _ Dede-Mokouba
6, Ambauchure,"18.582974,3.678799",Lobaye,CF12,Mongoumba,CF122,Mongoumba,CF1221,422.372429,ambauchure,ambauchure _ Mongoumba
7, Anafio,"17.3256799999999,6.896445",Ouham,CF32,Nana-Bakassa,CF322,Nana-Bakassa,CF3221,3331.246787,anafio,anafio _ Nana-Bakassa
8, Aradi,"15.327247,4.540679",Mambï¿½ï¿½ï¿½,CF21,Berberati,CF211,Ouakanga,CF2113,2195.027237,aradi,aradi _ Berberati
9, Army,"22.611547,10.3675029999999",Vakaga,CF53,Birao,CF531,Ridina,CF5311,317.733655,army,army _ Birao
10, Assoulemaka,"19.661434,6.031003",Kï¿½,CF41,Mala,CF413,Mala,CF4131,988.842996,assoulemaka,assoulemaka _ Mala
11, Babanon,"18.332798,5.825515",Ouham,CF32,Bouca,CF325,Fafa Boungou,CF3254,993.745497,babanon,babanon _ Bouca
13, Babili,"17.230072,4.601566",Lobaye,CF12,Boganda,CF125,Boganda,CF1251,415.086586,babili,babili _ Boganda
14, Babongo,"16.262001,3.002364",Sangha-Mbaï¿½,CF23,Bayanga,CF233,Yobï¿½ï¿½ï¿,CF2331,446.276962,babongo,babongo _ Bayanga
15, Bac Lim,"15.526628,7.286493",Ouham Pendï,CF31,Ngaoundaye,CF315,Kodi,CF3153,2565.701802,baclim,baclim _ Ngaoundaye
16, Bac-Lobe,"18.425048,3.687927",Lobaye,CF12,Mongoumba,CF122,Mongoumba,CF1221,944.126607,bac-lobe,bac-lobe _ Mongoumba
17, Badakou,"22.8082959999999,4.782067",Mbomou,CF62,Bangassou,CF621,Sayo Niakari,CF6212,395.958842,badakou,badakou _ Bangassou
18, Badangafou,"16.6892649999999,5.58135",Ombella M'Poko,CF11,Yaloke,CF116,Guï¿½ï¿,CF1162,1137.992142,badangafou,badangafou _ Yaloke
19, Bagandou,"17.8486219999999,3.745663",Lobaye,CF12,Mbaiki,CF121,Moboma,CF1217,4196.021962,bagandou,bagandou _ Mbaiki
20,LEMANA 3,"20.690172,8.459111",Bamingui-Bangoran,CF51,Ndele,CF511,Dar El Kouti,CF5111,473.908647,lemana3,lemana3 _ Ndele
21, Bagoua,"17.3616899999999,4.071813",Lobaye,CF12,Boda,CF123,Lobaye,CF1232,935.349757,bagoua,bagoua _ Boda
22, Bagoudou,"15.2452109999999,3.935581",Mambï¿½ï¿½ï¿½,CF21,Dede-Mokouba,CF216,Haute-Kadï¿,CF2161,3874.957804,bagoudou,bagoudou _ Dede-Mokouba
23, Bakaba,"17.219096,7.312322",Ouham,CF32,Markounda,CF323,Nana Markounda,CF3231,274.105013,bakaba,bakaba _ Markounda
24, Bakala,"20.3882319999999,6.193155",Ouaka,CF43,Bakala,CF432,Koudou-Bï¿½,CF4321,2759.683385,bakala,bakala _ Bakala
25, Bakoa,"19.7668199999999,5.754252",Ouaka,CF43,Grimari,CF433,Kobadja,CF4332,1591.199822,bakoa,bakoa _ Grimari
26, Bakobo,"15.678811,3.402976",Sangha-Mbaï¿½,CF23,Nola,CF231,Bilolo,CF2312,678.862424,bakobo,bakobo _ Nola
27, Bakongo,"19.152204,5.739337",Kï¿½,CF41,Sibut,CF411,Ngoumbele,CF4112,3472.820522,bakongo,bakongo _ Sibut
28, Bakouma,"22.781732,5.701929",Mbomou,CF62,Bakouma,CF625,Bakouma,CF6251,5903.271829,bakouma,bakouma _ Bakouma
29, Bakpara,"18.761576,5.010543",Ombella M'Poko,CF11,Damara,CF112,Damara,CF1121,783.970673,bakpara,bakpara _ Damara
30, Balekete (Azene),"19.896408,6.937158",Nana-Gribizi,CF42,Mbres,CF422,Mbrï¿,CF4221,493.486825,balekete(azene),balekete(azene) _ Mbres
31, Balembe 2,"16.363723,5.590587",Nana-Mambï¿½,CF22,Baoro,CF222,Bawi Tï¿½ï,CF2221,606.01815,balembe2,balembe2 _ Baoro
33, Balidou 1,"21.00214,4.670809",Basse-Kotto,CF61,Zangba,CF615,Ouambï,CF6151,313.09075,balidou1,balidou1 _ Zangba
35, Bambarassa,"22.7614659999999,4.82055",Mbomou,CF62,Bangassou,CF621,Sayo Niakari,CF6212,879.702927,bambarassa,bambarassa _ Bangassou
36, Bamina,"15.6587169999999,3.404509",Sangha-Mbaï¿½,CF23,Nola,CF231,Bilolo,CF2312,1400.827224,bamina,bamina _ Nola
37, Bananga,"16.8265579999999,7.195985",Ouham,CF32,Nangha-Boguila,CF324,Nangha Boguila,CF3241,867.303785,bananga,bananga _ Nangha-Boguila
38, Banda,"21.7507179999999,4.344466",Basse-Kotto,CF61,Satema,CF616,Kotto-Oubangui,CF6161,4549.799955,banda,banda _ Satema
40, Banda-Fara,"21.29391,4.498012",Basse-Kotto,CF61,Mobaye,CF611,Mbï¿½ï,CF6112,1276.949721,banda-fara,banda-fara _ Mobaye
41, Bando,"21.071918,5.161923",Basse-Kotto,CF61,Alindao,CF612,Bangui-Kettï,CF6123,952.618862,bando,bando _ Alindao
43, Banga 1,"19.464092,5.784245",Kï¿½,CF41,Sibut,CF411,Ngoumbele,CF4112,529.988674,banga1,banga1 _ Sibut
44, Bango 2,"19.6511479999999,5.169203",Kï¿½,CF41,Ndjoukou,CF414,Galabadja,CF4142,1098.32316,bango2,bango2 _ Ndjoukou
45, Bangoto,"16.748908,3.962393",Sangha-Mbaï¿½,CF23,Bambio,CF232,Mbaï¿½,CF2321,399.756448,bangoto,bangoto _ Bambio
46, Bangui 2e,"18.560752,4.360586",Bangui,CF71,Bangui,CF711,Arrondissement 2,CF7112,172891.8713,bangui2e,bangui2e _ Bangui
47, Bangui 3e,"18.540327,4.374509",Bangui,CF71,Bangui,CF711,Arrondissement 3,CF7113,214046.2964,bangui3e,bangui3e _ Bangui
48, Bangui 4e,"18.5608059999999,4.406503",Bangui,CF71,Bangui,CF711,Arrondissement 4,CF7114,119108.4638,bangui4e,bangui4e _ Bangui
49, Bangui 5e,"18.5467769999999,4.385571",Bangui,CF71,Bangui,CF711,Arrondissement 5,CF7115,47025.23337,bangui5e,bangui5e _ Bangui
50, Bangui 6e,"18.538761,4.345934",Bangui,CF71,Bangui,CF711,Arrondissement 6,CF7116,100650.4114,bangui6e,bangui6e _ Bangui
51, Bangui 7e,"18.622489,4.374214",Bangui,CF71,Bangui,CF711,Arrondissement 7,CF7117,45566.21555,bangui7e,bangui7e _ Bangui
52, Bangui 8e,"18.536311,4.410511",Bangui,CF71,Bangui,CF711,Arrondissement 8,CF7118,102018.6169,bangui8e,bangui8e _ Bangui
53, Basse Kouma,"19.431066,6.176633",Kï¿½,CF41,Mala,CF413,Mala,CF4131,2684.035065,bassekouma,bassekouma _ Mala
54, Basse-Kotto,"22.6503699999999,4.700153",Mbomou,CF62,Ouango,CF622,Ouango,CF6221,1842.435771,basse-kotto,basse-kotto _ Ouango
55, Batonde,"17.0507139999999,4.278819",Lobaye,CF12,Boganda,CF125,Boganda,CF1251,2519.750966,batonde,batonde _ Boganda
56, Bawi,"16.247553,5.606684",Nana-Mambï¿½,CF22,Baoro,CF222,Bawi Tï¿½ï,CF2221,852.914433,bawi,bawi _ Baoro
58, Bayanga,"16.274837,2.910364",Sangha-Mbaï¿½,CF23,Bayanga,CF233,Yobï¿½ï¿½ï¿,CF2331,3143.342082,bayanga,bayanga _ Bayanga
59, Bayanga Didi,"15.794893,5.306993",Nana-Mambï¿½,CF22,Baoro,CF222,Yoro-Samba Bougoulou,CF2222,1269.235197,bayangadidi,bayangadidi _ Baoro
60, Bayelaka,"19.1149139999999,6.131304",Kï¿½,CF41,Dekoa,CF412,Guiffa,CF4123,2925.004524,bayelaka,bayelaka _ Dekoa
62, Bazoli,"17.1045319999999,7.445924",Ouham,CF32,Markounda,CF323,Nana Markounda,CF3231,382.085776,bazoli,bazoli _ Markounda
63, Be,"15.552149,4.04661",Mamb,CF21,Sosso-Nakombo,CF215,Basse-Kadï¿,CF2151,738.01602,be,bena-doemo_Sosso_Nakombo
64, Bedin,"16.939864,7.20454",Ouham,CF32,Nangha-Boguila,CF324,Nangha Boguila,CF3241,768.400722,bedin,bedin _ Nangha-Boguila
65, Beferan,"16.9858319999999,7.329259",Ouham,CF32,Markounda,CF323,Nana Markounda,CF3231,980.133078,beferan,beferan _ Markounda
67, Bego,"15.345325,4.578795",Mambï¿½ï¿½ï¿½,CF21,Berberati,CF211,Ouakanga,CF2113,682.897363,bego,bego _ Berberati
68, Begou,"19.118386,6.364303",Kï¿½,CF41,Dekoa,CF412,Tilo,CF4122,1412.885874,begou,begou _ Dekoa
70, Beiya-Gbakounde,"15.594924,5.75908",Nana-Mambï¿½,CF22,Bouar,CF221,Zotoua-Bangarem,CF2214,360.534741,beiya-gbakounde,beiya-gbakounde _ Bouar
71, Bekagomi,"17.289724,4.764314",Lobaye,CF12,Boganangone,CF124,Boganangone,CF1241,1502.550955,bekagomi,bekagomi _ Boganangone
72, Beko,"15.333455,3.872242",Mambï¿½ï¿½ï¿½,CF21,Dede-Mokouba,CF216,Haute-Kadï¿,CF2161,896.5198,beko,beko _ Dede-Mokouba
73, Belanga,"15.107942,5.795846",Nana-Mambï¿½,CF22,Baboua,CF223,Fo,CF2235,754.412636,belanga,belanga _ Baboua
74, Belemboke,"16.216068,3.380194",Sangha-Mbaï¿½,CF23,Nola,CF231,Nola,CF2311,1204.905913,belemboke,belemboke _ Nola
75, Belemboke 4,"16.222307,3.412311",Sangha-Mbaï¿½,CF23,Nola,CF231,Nola,CF2311,408.273904,belemboke4,belemboke4 _ Nola
76, Bende,"17.413902,6.706772",Ouham,CF32,Nana-Bakassa,CF322,Nana-Bakassa,CF3221,1770.068425,bende,bende _ Nana-Bakassa
77, Bendoui,"17.298238,6.958238",Ouham,CF32,Nana-Bakassa,CF322,Nana-Bakassa,CF3221,1253.340375,bendoui,bendoui _ Nana-Bakassa
79, Benguere,"21.7441719999999,4.610301",Basse-Kotto,CF61,Kembe,CF613,Kembï,CF6131,1645.335441,benguere,benguere _ Kembe
80, Bengues,"22.4349419999999,10.203859",Vakaga,CF53,Birao,CF531,Ridina,CF5311,464.167426,bengues,bengues _ Birao
81, Berberati,"15.7875289999999,4.255473",Mambï¿½ï¿½ï¿½,CF21,Berberati,CF211,Basse-Batouri,CF2115,7711.565557,berberati,berberati _ Berberati
82, Beya,"16.194292,3.334294",Sangha-Mbaï¿½,CF23,Nola,CF231,Salo,CF2313,2839.875449,beya,beya _ Nola
84, Bidjo,"15.948212,3.457909",Sangha-Mbaï¿½,CF23,Nola,CF231,Bilolo,CF2312,592.657672,bidjo,bidjo _ Nola
85, Bidou 2,"21.6826219999999,4.435024",Basse-Kotto,CF61,Kembe,CF613,Mboui,CF6132,1139.848773,bidou2,bidou2 _ Kembe
86, Bila,"19.54689,6.100629",Kï¿½,CF41,Mala,CF413,Mala,CF4131,1671.068008,bila,bila _ Mala
87, Bindi,"19.1441659999999,5.873855",Kï¿½,CF41,Sibut,CF411,Ngoumbele,CF4112,732.221194,bindi,bindi _ Sibut
88, Binoumbi,"15.3585049999999,3.839451",Mambï¿½ï¿½ï¿½,CF21,Dede-Mokouba,CF216,Haute-Kadï¿,CF2161,1006.094443,binoumbi,binoumbi _ Dede-Mokouba
89, Biranga,"17.2445899999999,7.287041",Ouham,CF32,Markounda,CF323,Nana Markounda,CF3231,490.066539,biranga,biranga _ Markounda
90, Blakadja,"19.616736,6.678872",Nana-Gribizi,CF42,Mbres,CF422,Mbrï¿,CF4221,1980.997111,blakadja,blakadja _ Mbres
91, Boakana,"19.424674,5.751052",Kï¿½,CF41,Sibut,CF411,Ngoumbele,CF4112,1150.633306,boakana,boakana _ Sibut
92, Boakana 2,"19.5806739999999,5.798592",Kï¿½,CF41,Sibut,CF411,Ngoumbele,CF4112,822.877152,boakana2,boakana2 _ Sibut
93, Boambali 1,"19.5566859999999,5.795727",Kï¿½,CF41,Sibut,CF411,Ngoumbele,CF4112,1324.971685,boambali1,boambali1 _ Sibut
94, Boanga,"19.088722,6.350925",Kï¿½,CF41,Dekoa,CF412,Dekoa,CF4121,1826.855542,boanga,boanga _ Dekoa
98, Boban,"18.3322159999999,5.472672",Ombella M'Poko,CF11,Bogangolo,CF113,Bogangolo,CF1131,1297.533869,boban,boban _ Bogangolo
99, Bobayoko,"14.903484,4.786821",Mambï¿½ï¿½ï¿½,CF21,Amada-Gaza,CF214,Haute-Boumbï,CF2141,1036.007484,bobayoko,bobayoko _ Amada-Gaza
100, Bobazi,"18.343762,7.312588",Ouham,CF32,Batangafo,CF326,Ouassi,CF3264,437.594846,bobazi,bobazi _ Batangafo
101, Bobete,"17.17913,7.394551",Ouham,CF32,Markounda,CF323,Nana Markounda,CF3231,423.616839,bobete,bobete _ Markounda
102, Bobingui,"18.293994,5.73411",Ombella M'Poko,CF11,Bogangolo,CF113,Bogangolo,CF1131,616.698607,bobingui,bobingui _ Bogangolo
103, Bobo,"22.450986,4.18976",Mbomou,CF62,Ouango,CF622,Ngbandinga,CF6222,2826.797727,bobo,bobo _ Ouango
104, Boboro,"15.89532,7.062204",Ouham Pendï,CF31,Bocaranga,CF312,Loura,CF3122,3458.647748,boboro,boboro _ Bocaranga1
105, Bocongo,"16.4582729999999,6.215777",Ouham Pendï,CF31,Bossemtele,CF316,Binon,CF3161,567.971735,bocongo,bocongo _ Bossemtele
106, Boda,"17.4669309999999,4.315275",Lobaye,CF12,Boda,CF123,Lobaye,CF1232,16022.94801,boda,boda _ Boda
107, Bodea,"18.3143759999999,7.238261",Ouham,CF32,Batangafo,CF326,Ouassi,CF3264,769.397531,bodea,bodea _ Batangafo
108, Bodele,"18.3442499999999,6.638958",Ouham,CF32,Bouca,CF325,Lady Gbawi,CF3252,744.160585,bodele,bodele _ Bouca
109, Bodjomo,"17.136638,7.418152",Ouham,CF32,Markounda,CF323,Nana Markounda,CF3231,1162.869754,bodjomo,bodjomo _ Markounda
110, Bodjoula,"17.28454,4.488239",Lobaye,CF12,Boganda,CF125,Boganda,CF1251,1268.644918,bodjoula,bodjoula _ Boganda
111, Bodoua,"18.2619979999999,5.663509",Ombella M'Poko,CF11,Bogangolo,CF113,Bogangolo,CF1131,271.347387,bodoua,bodoua _ Bogangolo
112, Bodoukpa 2,"17.814456,5.087302",Ombella M'Poko,CF11,Bossembele,CF115,Bossembï¿½,CF1151,685.983448,bodoukpa2,bodoukpa2 _ Bossembele
113, Bofforo,"16.2476069999999,6.153826",Ouham Pendï,CF31,Bossemtele,CF316,Binon,CF3161,513.672258,bofforo,bofforo _ Bossemtele
114, Bogale,"17.26283,7.256756",Ouham,CF32,Markounda,CF323,Nana Markounda,CF3231,290.717438,bogale,bogale _ Markounda
115, Bogali,"17.388394,5.22588",Ombella M'Poko,CF11,Bossembele,CF115,Bossembï¿½,CF1151,963.464933,bogali,bogali _ Bossembele
116, Bogama 1,"18.7292759999999,7.251661",Ouham,CF32,Kabo,CF327,Ouaki,CF3272,483.22403,bogama1,bogama1 _ Kabo
117, Boganado,"17.29069,4.54085",Lobaye,CF12,Boganda,CF125,Boganda,CF1251,374.162557,boganado,boganado _ Boganda
118, Boganangone,"17.199268,4.683594",Lobaye,CF12,Boganangone,CF124,Boganangone,CF1241,2599.007058,boganangone,boganangone _ Boganangone
119, Bogangolo,"18.243808,5.572356",Ombella M'Poko,CF11,Bogangolo,CF113,Bogangolo,CF1131,2881.215892,bogangolo,bogangolo _ Bogangolo
120, Bogani,"17.923676,4.979422",Ombella M'Poko,CF11,Boali,CF114,Boali,CF1141,1253.378556,bogani,bogani _ Boali
121, Boganli 1,"18.3284139999999,5.412494",Ombella M'Poko,CF11,Bogangolo,CF113,Bogangolo,CF1131,355.218398,boganli1,boganli1 _ Bogangolo
122, Bogazi,"18.0597579999999,4.814253",Ombella M'Poko,CF11,Boali,CF114,Boali,CF1141,603.900577,bogazi,bogazi _ Boali
123, Bogbaya 1,"18.7925779999999,4.451282",Ombella M'Poko,CF11,Bimbo,CF111,Bimbo,CF1111,814.867288,bogbaya1,bogbaya1 _ Bimbo
124, Bogodo Kete,"17.0716439999999,7.029308",Ouham,CF32,Nangha-Boguila,CF324,Nangha Boguila,CF3241,410.828109,bogodokete,bogodokete _ Nangha-Boguila
125, Bogoin 1,"17.844666,5.059296",Ombella M'Poko,CF11,Bossembele,CF115,Bossembï¿½,CF1151,881.978719,bogoin1,bogoin1 _ Bossembele
126, Bogoin 2,"18.38466,6.006177",Ouham,CF32,Bouca,CF325,Fafa Boungou,CF3254,408.38856,bogoin2,bogoin2 _ Bouca
127, Bogombo,"18.388666,5.319057",Ombella M'Poko,CF11,Bogangolo,CF113,Bogangolo,CF1131,335.484042,bogombo,bogombo _ Bogangolo
128, Bogone 3,"16.8595599999999,7.060319",Ouham,CF32,Nangha-Boguila,CF324,Nangha Boguila,CF3241,585.810451,bogone3,bogone3 _ Nangha-Boguila
129, Bogoto,"17.183962,4.841219",Lobaye,CF12,Boganangone,CF124,Boganangone,CF1241,730.970735,bogoto,bogoto _ Boganangone
130, Bogoula,"18.20419,4.665063",Ombella M'Poko,CF11,Boali,CF114,Boali,CF1141,3828.50177,bogoula,bogoula _ Boali
131, Boguela,"17.076516,7.020593",Ouham,CF32,Nangha-Boguila,CF324,Nangha Boguila,CF3241,540.162884,boguela,boguela _ Nangha-Boguila
132, Boguera,"17.150562,4.888288",Lobaye,CF12,Boganangone,CF124,Boganangone,CF1241,6565.20012,boguera,boguera _ Boganangone
133, Boguila-Kete,"16.8048959999999,7.208004",Ouham,CF32,Nangha-Boguila,CF324,Nangha Boguila,CF3241,365.180541,boguila-kete,boguila-kete _ Nangha-Boguila
134, Boguilo,"18.4002419999999,6.048974",Ouham,CF32,Bouca,CF325,Fafa Boungou,CF3254,1368.101677,boguilo,boguilo _ Bouca
135, Bohere,"18.5728979999999,4.560243",Ombella M'Poko,CF11,Bimbo,CF111,Bimbo,CF1111,829.670332,bohere,bohere _ Bimbo
136, Boho,"17.134962,5.180325",Ombella M'Poko,CF11,Yaloke,CF116,Yalokï,CF1161,580.000441,boho,boho _ Yaloke
137, Bokane,"18.192802,4.697102",Ombella M'Poko,CF11,Boali,CF114,Boali,CF1141,1293.258783,bokane,bokane _ Boali
138, Bokede 1,"17.1805659999999,5.27668",Ombella M'Poko,CF11,Yaloke,CF116,Yalokï,CF1161,794.81542,bokede1,bokede1 _ Yaloke
140, Boko,"15.429733,7.297761",Ouham Pendï,CF31,Ngaoundaye,CF315,Kodi,CF3153,1482.576191,boko,boko _ Ngaoundaye
142, Bokoma,"17.8719059999999,3.725109",Lobaye,CF12,Mbaiki,CF121,Moboma,CF1217,670.985494,bokoma,bokoma _ Mbaiki
143, Bokossin,"19.17639,5.73503",Kï¿½,CF41,Sibut,CF411,Ngoumbele,CF4112,2343.107822,bokossin,bokossin _ Sibut
144, Bokote-Alato,"16.83191,7.18951",Ouham,CF32,Nangha-Boguila,CF324,Nangha Boguila,CF3241,730.361082,bokote-alato,bokote-alato _ Nangha-Boguila
145, Bokoute,"19.4977839999999,6.128788",Kï¿½,CF41,Mala,CF413,Mala,CF4131,4622.266096,bokoute,bokoute _ Mala
146, Bokoute 2,"19.181888,5.721603",Kï¿½,CF41,Sibut,CF411,Ngoumbele,CF4112,550.90928,bokoute2,bokoute2 _ Sibut
147, Bokpata 1,"17.420966,6.655204",Ouham,CF32,Nana-Bakassa,CF322,Nana-Bakassa,CF3221,2451.709682,bokpata1,bokpata1 _ Nana-Bakassa
148, Bolitoua,"18.661082,5.031428",Ombella M'Poko,CF11,Damara,CF112,Damara,CF1121,300.648947,bolitoua,bolitoua _ Damara
150, Bologui,"17.197982,4.821838",Lobaye,CF12,Boganangone,CF124,Boganangone,CF1241,1130.29734,bologui,bologui _ Boganangone
151, Bomandjoukou,"16.0729849999999,2.631092",Sangha-Mbaï¿½,CF23,Bayanga,CF233,Yobï¿½ï¿½ï¿,CF2331,620.907078,bomandjoukou,bomandjoukou _ Bayanga
152, Bomango,"15.40235,6.632171",Ouham Pendï,CF31,Koui,CF313,Koui,CF3131,1429.316979,bomango,bomango _ Koui
153, Bombala 2,"20.185168,5.221091",Ouaka,CF43,Kouango,CF434,Azï¿½ï¿½ï¿½ï¿½,CF4342,3007.572531,bombala2,bombala2 _ Kouango
154, Bombale,"17.58369,4.208821",Lobaye,CF12,Boda,CF123,Lobaye,CF1232,1293.222707,bombale,bombale _ Boda
155, Bombara-Kota,"16.9460179999999,7.01743",Ouham,CF32,Nangha-Boguila,CF324,Nangha Boguila,CF3241,441.25982,bombara-kota,bombara-kota _ Nangha-Boguila
156, Bombo 1,"14.864348,4.780296",Mambï¿½ï¿½ï¿½,CF21,Amada-Gaza,CF214,Haute-Boumbï,CF2141,1733.585857,bombo1,bombo1 _ Amada-Gaza
157, Bomboimo,"17.438724,6.601663",Ouham,CF32,Nana-Bakassa,CF322,Nana-Bakassa,CF3221,1132.404023,bomboimo,bomboimo _ Nana-Bakassa
158, Bomoloto,"18.53959,3.684226",Lobaye,CF12,Mongoumba,CF122,Mongoumba,CF1221,2608.770887,bomoloto,bomoloto _ Mongoumba
160, Bondele,"23.01733,4.828447",Mbomou,CF62,Bangassou,CF621,Zangandou,CF6214,324.576345,bondele,bondele _ Bangassou
161, Bondiba,"14.794725,5.535135",Nana-Mambï¿½,CF22,Baboua,CF223,Baboua,CF2231,551.583731,bondiba,bondiba _ Baboua
162, Bongbalo 1,"17.2817,5.29009",Ombella M'Poko,CF11,Yaloke,CF116,Yalokï,CF1161,1192.22313,bongbalo1,bongbalo1 _ Yaloke
163, Bongo,"19.104326,6.234241",Kï¿½,CF41,Dekoa,CF412,Guiffa,CF4123,1086.430252,bongo,bongo _ Dekoa
164, Bongo 2,"19.1023159999999,6.24014",Kï¿½,CF41,Dekoa,CF412,Guiffa,CF4123,527.143672,bongo2,bongo2 _ Dekoa
165, Bonoi 2,"16.944158,7.036568",Ouham,CF32,Nangha-Boguila,CF324,Nangha Boguila,CF3241,334.748829,bonoi2,bonoi2 _ Nangha-Boguila
166, Boroto,"20.1622939999999,5.309202",Ouaka,CF43,Kouango,CF434,Azï¿½ï¿½ï¿½ï¿½,CF4342,1336.698902,boroto,boroto _ Kouango
167, Bossangoa,"17.454107,6.493366",Ouham,CF32,Bossangoa,CF321,Bossangoa,CF3211,33040.03029,bossangoa,bossangoa _ Bossangoa
168, Bossarangba,"18.536884,3.697444",Lobaye,CF12,Mongoumba,CF122,Mongoumba,CF1221,732.940392,bossarangba,bossarangba _ Mongoumba
169, Bossele,"18.8630059999999,5.17461",Ombella M'Poko,CF11,Damara,CF112,Damara,CF1121,978.0605,bossele,bossele _ Damara
172, Bossembele,"17.646635,5.2662",Ombella M'Poko,CF11,Bossembele,CF115,Bossembï¿½,CF1151,9355.00504,bossembele,bossembele _ Bossembele
173, Bossemboubou,"16.9000699999999,5.412584",Ombella M'Poko,CF11,Yaloke,CF116,Guï¿½ï¿,CF1162,616.621293,bossemboubou,bossemboubou _ Yaloke
175,GOUGBERE-BAZIMA,"26.4830919999999,5.418046",Haut-Mbomou,CF63,Obo,CF631,Obo,CF6311,536.793,gougbere-bazima,gougbere-bazima _ Obo
176, Bouabourou,"15.9592829999999,7.382522",Ouham Pendï,CF31,Ngaoundaye,CF315,Yï¿½,CF3154,1687.719297,bouabourou,bouabourou _ Ngaoundaye
177, Boubanda,"21.086234,4.434503",Basse-Kotto,CF61,Mobaye,CF611,Mbï¿½ï,CF6112,1114.117206,boubanda,boubanda _ Mobaye
179, Bougoua 1,"19.822638,5.749798",Ouaka,CF43,Grimari,CF433,Kobadja,CF4332,574.885097,bougoua1,bougoua1 _ Grimari
180, Boukoyo,"17.2017139999999,7.515449",Ouham,CF32,Markounda,CF323,Nana Markounda,CF3231,1079.807629,boukoyo,boukoyo _ Markounda
181, Boulo,"17.1955759999999,7.378484",Ouham,CF32,Markounda,CF323,Nana Markounda,CF3231,548.210027,boulo,boulo _ Markounda
182, Bouma 1,"20.8279099999999,5.470665",Ouaka,CF43,Bambari,CF431,Ngougbia,CF4313,616.151077,bouma1,bouma1 _ Bambari
184, Bounguele,"16.759423,3.934452",Sangha-Mbaï¿½,CF23,Bambio,CF232,Mbaï¿½,CF2321,293.571142,bounguele,bounguele _ Bambio
185,Bandakpa,"25.157708,5.03676",Haut-Mbomou,CF63,Zemio,CF633,Zï¿½ï,CF6331,1159.744498,bandakpa,bandakpa _ Zemio
186, Boyali 1,"16.483485,6.174845",Ouham Pendï,CF31,Bossemtele,CF316,Binon,CF3161,575.647029,boyali1,boyali1 _ Bossemtele
187,Bandassi,"25.15613,5.049274",Haut-Mbomou,CF63,Zemio,CF633,Zï¿½ï,CF6331,1647.043767,bandassi,bandassi _ Zemio
188, Boyidou,"21.2748719999999,4.668672",Basse-Kotto,CF61,Mobaye,CF611,Mbï¿½ï,CF6112,1242.669192,boyidou,boyidou _ Mobaye
189, Boymasse,"22.7279279999999,4.914024",Mbomou,CF62,Bangassou,CF621,Sayo Niakari,CF6212,1182.100809,boymasse,boymasse _ Bangassou
191, Brousse,"15.1867249999999,5.775097",Nana-Mambï¿½,CF22,Baboua,CF223,Fo,CF2235,280.047115,brousse,brousse _ Baboua
192, Camp Cotonaf,"19.405764,5.124114",Kï¿½,CF41,Ndjoukou,CF414,Galabadja,CF4142,1422.187681,campcotonaf,campcotonaf _ Ndjoukou
193, Camp-Mawa,"15.57978,5.880811",Nana-Mambï¿½,CF22,Bouar,CF221,Herman-Brousse,CF2213,776.86445,camp-mawa,camp-mawa _ Bouar
194, Captara,"15.095347,6.301676",Nana-Mambï¿½,CF22,Baboua,CF223,Goudrot,CF2232,860.687377,captara,captara _ Baboua
195, Cotonaf,"19.106742,6.262475",Kï¿½,CF41,Dekoa,CF412,Guiffa,CF4123,720.001113,cotonaf,cotonaf _ Dekoa
198, Dao-Bac,"18.1589519999999,6.632026",Ouham,CF32,Bouca,CF325,Ouham Fafa,CF3253,639.051,dao-bac,dao-bac _ Bouca
200, Dede Makouba,"15.241915,3.930408",Mambï¿½ï¿½ï¿½,CF21,Dede-Mokouba,CF216,Haute-Kadï¿,CF2161,617.602529,dedemakouba,dedemakouba _ Dede-Mokouba
201, Deko Mbimbi,"19.612406,5.15212",Kï¿½,CF41,Ndjoukou,CF414,Galabadja,CF4142,823.74237,dekombimbi,dekombimbi _ Ndjoukou
204,Tamboura,"25.202438,5.160494",Haut-Mbomou,CF63,Zemio,CF633,Zï¿½ï,CF6331,1306.89049,tamboura,tamboura _ Zemio
205, Dingadigui,"22.692712,4.785761",Mbomou,CF62,Bangassou,CF621,Sayo Niakari,CF6212,824.721494,dingadigui,dingadigui _ Bangassou
206, Djaindola 2,"19.1384119999999,5.978469",Kï¿½,CF41,Sibut,CF411,Ngoumbele,CF4112,767.08887,djaindola2,djaindola2 _ Sibut
207, Djembe,"15.846601,4.90937",Mambï¿½ï¿½ï¿½,CF21,Carnot,CF213,Carnot,CF2131,1638.203793,djembe,djembe _ Carnot
208, Djouda 1,"19.236778,5.079775",Kï¿½,CF41,Ndjoukou,CF414,Galafondo,CF4141,1097.084837,djouda1,djouda1 _ Ndjoukou
209, Domale,"16.1658329999999,3.683034",Sangha-Mbaï¿½,CF23,Nola,CF231,Nola,CF2311,756.800408,domale,domale _ Nola
210, Dongbe 1,"18.5798859999999,5.09926",Ombella M'Poko,CF11,Damara,CF112,Damara,CF1121,338.705776,dongbe1,dongbe1 _ Damara
211, Dongo,"15.300319,4.229319",Mambï¿½ï¿½ï¿½,CF21,Gamboula,CF212,Basse-Boumnï,CF2121,666.801978,dongo,dongo _ Gamboula
213, Donlogo,"15.6959219999999,4.228963",Mambï¿½ï¿½ï¿½,CF21,Berberati,CF211,Ouakanga,CF2113,1414.573108,donlogo,donlogo _ Berberati
214, Dori,"15.289197,3.9077",Mambï¿½ï¿½ï¿½,CF21,Dede-Mokouba,CF216,Haute-Kadï¿,CF2161,3078.051315,dori,dori _ Dede-Mokouba
215, Dougba,"21.27015,4.632717",Basse-Kotto,CF61,Mobaye,CF611,Mbï¿½ï,CF6112,1448.352368,dougba,dougba _ Mobaye
217, Doungba 4,"20.448902,4.950704",Ouaka,CF43,Kouango,CF434,Cochio-Toulou,CF4343,477.429877,doungba4,doungba4 _ Kouango
218, Fadama,"22.7583899999999,5.723679",Mbomou,CF62,Bakouma,CF625,Bakouma,CF6251,1064.157161,fadama,fadama _ Bakouma
222, Garga Zallo,"15.00536,6.343766",Nana-Mambï¿½,CF22,Baboua,CF223,Goudrot,CF2232,404.023038,gargazallo,gargazallo _ Baboua
223, Gba,"18.606138,4.700808",Ombella M'Poko,CF11,Damara,CF112,Damara,CF1121,898.14116,gba,gba _ Damara
224, Gbabi 1,"21.213546,4.40115",Basse-Kotto,CF61,Mobaye,CF611,Mbï¿½ï,CF6112,1079.836677,gbabi1,gbabi1 _ Mobaye
225, Gbaboua,"15.188069,5.581446",Nana-Mambï¿½,CF22,Baboua,CF223,Fo,CF2235,291.477609,gbaboua,gbaboua _ Baboua
226, Gbada,"20.0592539999999,5.067707",Ouaka,CF43,Kouango,CF434,Azï¿½ï¿½ï¿½ï¿½,CF4342,1689.438891,gbada,gbada _ Kouango
227, Gbadou,"18.52449,6.840677",Ouham,CF32,Bouca,CF325,Lady Gbawi,CF3252,560.536544,gbadou,gbadou _ Bouca
228, Gbagaza,"15.096651,5.376155",Nana-Mambï¿½,CF22,Abba,CF224,Abba,CF2241,835.196586,gbagaza,gbagaza _ Abba
229, Gbagomara,"20.020814,4.980583",Ouaka,CF43,Kouango,CF434,Kouango,CF4341,575.589789,gbagomara,gbagomara _ Kouango
230, Gbahao,"18.145242,4.762233",Ombella M'Poko,CF11,Boali,CF114,Boali,CF1141,820.393236,gbahao,gbahao _ Boali
232, Gbama 3,"21.713676,4.5008",Basse-Kotto,CF61,Kembe,CF613,Mboui,CF6132,682.690174,gbama3,gbama3 _ Kembe
234, Gbambia,"14.9855579999999,4.791097",Mambï¿½ï¿½ï¿½,CF21,Amada-Gaza,CF214,Haute-Boumbï,CF2141,2645.272443,gbambia,gbambia _ Amada-Gaza
235, Gbanli,"18.249044,5.627105",Ombella M'Poko,CF11,Bogangolo,CF113,Bogangolo,CF1131,256.546621,gbanli,gbanli _ Bogangolo
236, Gbaya 2,"18.5660379999999,4.649842",Ombella M'Poko,CF11,Damara,CF112,Damara,CF1121,1914.258488,gbaya2,gbaya2 _ Damara
237, Gbaza,"21.1930669999999,6.236308",Ouaka,CF43,Ippy,CF435,Ippy,CF4351,1959.704772,gbaza,gbaza _ Ippy
239, Gbegon,"18.97184,6.385235",Kï¿½,CF41,Dekoa,CF412,Dekoa,CF4121,552.580019,gbegon,gbegon _ Dekoa
240, Gbele,"18.68164,4.906231",Ombella M'Poko,CF11,Damara,CF112,Damara,CF1121,517.572872,gbele,gbele _ Damara
241, Gbiangora,"19.621582,5.209932",Kï¿½,CF41,Ndjoukou,CF414,Galabadja,CF4142,429.472518,gbiangora,gbiangora _ Ndjoukou
242, Gbombe,"22.748678,4.832464",Mbomou,CF62,Bangassou,CF621,Sayo Niakari,CF6212,1259.074815,gbombe,gbombe _ Bangassou
243, Gomoko,"18.27533,4.642701",Ombella M'Poko,CF11,Boali,CF114,Boali,CF1141,1019.79437,gomoko,gomoko _ Boali
244, Gou 2,"19.134488,6.408298",Kï¿½,CF41,Dekoa,CF412,Tilo,CF4122,416.064552,gou2,gou2 _ Dekoa
246, Gouadje 2,"20.943788,4.482914",Basse-Kotto,CF61,Zangba,CF615,Ouambï,CF6151,744.460228,gouadje2,gouadje2 _ Zangba
247, Gouhoutou,"19.756544,5.75123",Ouaka,CF43,Grimari,CF433,Kobadja,CF4332,677.54315,gouhoutou,gouhoutou _ Grimari
249, Goussouma,"19.6281819999999,5.788247",Ouaka,CF43,Grimari,CF433,Kobadja,CF4332,4353.507813,goussouma,goussouma _ Grimari
254, Gpt Kouki,"17.2980899999999,7.156851",Ouham,CF32,Nana-Bakassa,CF322,Nana-Bakassa,CF3221,6915.360492,gptkouki,gptkouki _ Nana-Bakassa
255, Groupement Douane,"15.267158,6.518254",Nana-Mambï¿½,CF22,Bouar,CF221,Niem-Yelewa,CF2212,1844.876729,groupementdouane,groupementdouane _ Bouar
256, Groupement Mbormon,"16.1548139999999,5.609761",Nana-Mambï¿½,CF22,Baoro,CF222,Bawi Tï¿½ï,CF2221,953.917458,groupementmbormon,groupementmbormon _ Baoro
257, Guerengou-Pont,"18.5302539999999,4.580375",Ombella M'Poko,CF11,Bimbo,CF111,Bimbo,CF1111,975.499635,guerengou-pont,guerengou-pont _ Bimbo
258, Guigui Banda,"19.60164,5.312913",Kï¿½,CF41,Ndjoukou,CF414,Galabadja,CF4142,668.850642,guiguibanda,guiguibanda _ Ndjoukou
259, Guissibanda,"19.63494,5.893393",Ouaka,CF43,Grimari,CF433,Kobadja,CF4332,451.695433,guissibanda,guissibanda _ Grimari
260, Ikoumba,"18.607132,3.530932",Lobaye,CF12,Mongoumba,CF122,Mongoumba,CF1221,1130.467384,ikoumba,ikoumba _ Mongoumba
261, Ippy,"21.1966,6.260115",Ouaka,CF43,Ippy,CF435,Ippy,CF4351,12119.89089,ippy,ippy _ Ippy
262, Ivoro,"18.589986,3.607606",Lobaye,CF12,Mongoumba,CF122,Mongoumba,CF1221,1503.148939,ivoro,ivoro _ Mongoumba
263, Kaeta,"15.557707,6.172659",Nana-Mambï¿½,CF22,Bouar,CF221,Herman-Brousse,CF2213,475.107184,kaeta,kaeta _ Bouar
266, Kambayeke,"15.318375,3.893302",Mambï¿½ï¿½ï¿½,CF21,Dede-Mokouba,CF216,Haute-Kadï¿,CF2161,976.210449,kambayeke,kambayeke _ Dede-Mokouba
267, Kandjia 2,"20.0454259999999,5.489931",Ouaka,CF43,Grimari,CF433,Lissa,CF4333,1249.311519,kandjia2,kandjia2 _ Grimari
268, Kapabanda,"20.6234019999999,5.749739",Ouaka,CF43,Bambari,CF431,Pladama-Ouaka,CF4314,321.233694,kapabanda,kapabanda _ Bambari
269, Kassa-Zoya,"15.585148,5.81985",Nana-Mambï¿½,CF22,Bouar,CF221,Zotoua-Bangarem,CF2214,406.420981,kassa-zoya,kassa-zoya _ Bouar
270, Kava 2,"18.51418,7.56606",Ouham,CF32,Kabo,CF327,Ouaki,CF3272,1391.685207,kava2,kava2 _ Kabo
271, Kawa,"21.3244919999999,4.903951",Basse-Kotto,CF61,Alindao,CF612,Guiligui,CF6122,1830.274769,kawa,kawa _ Alindao
272, Kembe,"21.890037,4.614079",Basse-Kotto,CF61,Kembe,CF613,Kembï,CF6131,8219.645855,kembe,kembe _ Kembe
273, Kemngoyeye,"18.5705999999999,7.6412",Ouham,CF32,Kabo,CF327,Sido,CF3271,538.491352,kemngoyeye,kemngoyeye _ Kabo
274, Kobadja,"19.927872,6.331621",Ouaka,CF43,Bakala,CF432,Koudou-Bï¿½,CF4321,1184.439274,kobadja,kobadja _ Bakala
275, Kodi,"15.670517,7.400158",Ouham Pendï,CF31,Ngaoundaye,CF315,Lim,CF3152,1846.834404,kodi,kodi _ Ngaoundaye
276, Kodje 1,"20.959664,4.475588",Basse-Kotto,CF61,Zangba,CF615,Ouambï,CF6151,883.611672,kodje1,kodje1 _ Zangba
277, Kodje 3,"20.974156,4.471018",Basse-Kotto,CF61,Zangba,CF615,Ouambï,CF6151,333.963467,kodje3,kodje3 _ Zangba
278, Koe,"15.183228,5.53019",Nana-Mambï¿½,CF22,Abba,CF224,Abba,CF2241,385.198671,koe,koe _ Abba
279, Korando,"15.225398,4.199319",Mambï¿½ï¿½ï¿½,CF21,Gamboula,CF212,Basse-Boumnï,CF2121,516.900758,korando,korando _ Gamboula
280, Koropeke,"17.205794,4.748796",Lobaye,CF12,Boganangone,CF124,Boganangone,CF1241,3262.295318,koropeke,koropeke _ Boganangone
281, Kotissako,"20.3856019999999,8.14359",Bamingui-Bangoran,CF51,Bamingui,CF512,Vassako,CF5121,1514.617279,kotissako,kotissako _ Bamingui
282, Koudoukou,"20.218688,6.216192",Ouaka,CF43,Bakala,CF432,Koudou-Bï¿½,CF4321,1052.166868,koudoukou,koudoukou _ Bakala
283, Kouleo,"15.887639,7.309385",Ouham Pendï,CF31,Ngaoundaye,CF315,Yï¿½,CF3154,864.781788,kouleo,kouleo _ Ngaoundaye
284, Kouma,"19.442536,6.174604",Kï¿½,CF41,Mala,CF413,Mala,CF4131,1103.824739,kouma,kouma _ Mala
285, Koumba,"16.190311,3.707276",Sangha-Mbaï¿½,CF23,Nola,CF231,Nola,CF2311,2718.506728,koumba,koumba _ Nola
286, Koumbe,"15.552777,6.009403",Nana-Mambï¿½,CF22,Bouar,CF221,Herman-Brousse,CF2213,930.953266,koumbe,koumbe _ Bouar
287, Koyabrou,"21.2709779999999,4.539296",Basse-Kotto,CF61,Mobaye,CF611,Mbï¿½ï,CF6112,857.013236,koyabrou,koyabrou _ Mobaye
288, Kpanba 1,"18.5347879999999,4.477101",Ombella M'Poko,CF11,Bimbo,CF111,Bimbo,CF1111,1646.950082,kpanba1,kpanba1 _ Bimbo
290, Kpeketo,"18.244278,4.180372",Lobaye,CF12,Mbaiki,CF121,Pissa,CF1213,1973.29845,kpeketo,kpeketo _ Mbaiki
291, Kpete,"23.8895979999999,4.996267",Mbomou,CF62,Rafai,CF624,Rafai,CF6241,728.626523,kpete,kpete _ Rafai
292, Kpoulou,"20.826252,4.548103",Basse-Kotto,CF61,Zangba,CF615,Ouambï,CF6151,431.369478,kpoulou,kpoulou _ Zangba
296, Lidjombo,"16.097193,2.693515",Sangha-Mbaï¿½,CF23,Bayanga,CF233,Yobï¿½ï¿½ï¿,CF2331,611.205405,lidjombo,lidjombo _ Bayanga
298, Loungba,"23.898776,5.002107",Mbomou,CF62,Rafai,CF624,Rafai,CF6241,1326.867248,loungba,loungba _ Rafai
299, Makembe,"22.929212,4.9036",Mbomou,CF62,Bangassou,CF621,Voungba-Balifondo,CF6213,1916.993778,makembe,makembe _ Bangassou
300, Mala,"19.509564,6.11016",Kï¿½,CF41,Mala,CF413,Mala,CF4131,2322.631222,mala,mala _ Mala
301, Mambele,"16.6401329999999,3.927855",Sangha-Mbaï¿½,CF23,Bambio,CF232,Mbaï¿½,CF2321,4722.123048,mambele,mambele _ Bambio
302, Maorka,"19.6668619999999,6.662086",Nana-Gribizi,CF42,Mbres,CF422,Mbrï¿,CF4221,1832.951063,maorka,maorka _ Mbres
303, Maraba,"18.6614059999999,4.8472",Ombella M'Poko,CF11,Damara,CF112,Damara,CF1121,677.411553,maraba,maraba _ Damara
304, Marba,"19.589514,6.075952",Kï¿½,CF41,Mala,CF413,Mala,CF4131,1019.504794,marba,marba _ Mala
305, Mategba,"20.74051,4.731464",Basse-Kotto,CF61,Zangba,CF615,Yabongo,CF6152,297.838834,mategba,mategba _ Zangba
306, Mayaka,"16.874884,5.272135",Mambï¿½ï¿½ï¿½,CF21,Gadzi,CF217,Mbali,CF2172,2404.152634,mayaka,mayaka _ Gadzi
307, Mayo-Lara 1,"14.941215,6.39793",Nana-Mambï¿½,CF22,Baboua,CF223,Goudrot,CF2232,425.513625,mayo-lara1,mayo-lara1 _ Baboua
308, Mbaina,"16.549354,5.168576",Mambï¿½ï¿½ï¿½,CF21,Gadzi,CF217,Topia,CF2171,4656.422456,mbaina,mbaina _ Gadzi
309, Mbata,"18.2906219999999,3.694272",Lobaye,CF12,Mbaiki,CF121,Mbata,CF1212,6796.897398,mbata,mbata _ Mbaiki
310, Mbereguili,"15.532073,7.257038",Ouham Pendï,CF31,Ngaoundaye,CF315,Kodi,CF3153,729.765483,mbereguili,mbereguili _ Ngaoundaye
311, Mbiko,"15.233408,3.935903",Mambï¿½ï¿½ï¿½,CF21,Dede-Mokouba,CF216,Haute-Kadï¿,CF2161,617.602529,mbiko,mbiko _ Dede-Mokouba
312, Mblebanda,"20.560486,5.697496",Ouaka,CF43,Bambari,CF431,Pladama-Ouaka,CF4314,468.685226,mblebanda,mblebanda _ Bambari
313, Mboryanga,"15.593609,5.798499",Nana-Mambï¿½,CF22,Bouar,CF221,Zotoua-Bangarem,CF2214,570.300409,mboryanga,mboryanga _ Bouar
316, Mengue Bokengue,"19.191748,6.910103",Nana-Gribizi,CF42,Kaga-Bandoro,CF421,Ndenga,CF4215,2014.470007,menguebokengue,menguebokengue _ Kaga-Bandoro
317, Monassao,"16.245272,3.250687",Sangha-Mbaï¿½,CF23,Bayanga,CF233,Yobï¿½ï¿½ï¿,CF2331,3094.833717,monassao,monassao _ Bayanga
318, Mongo,"18.5683979999999,3.77177",Lobaye,CF12,Mongoumba,CF122,Mongoumba,CF1221,434.795148,mongo,mongo _ Mongoumba
319, Mourou Fleuve,"19.5285359999999,5.162973",Kï¿½,CF41,Ndjoukou,CF414,Galabadja,CF4142,309.783455,mouroufleuve,mouroufleuve _ Ndjoukou
320, Nadziboro,"15.409375,5.275151",Nana-Mambï¿½,CF22,Abba,CF224,Nadziboro,CF2242,524.87401,nadziboro,nadziboro _ Abba
321, Nalimo,"16.155549,3.494285",Sangha-Mbaï¿½,CF23,Nola,CF231,Nola,CF2311,2678.675128,nalimo,nalimo _ Nola
322, Nangoko,"15.361528,4.250441",Mambï¿½ï¿½ï¿½,CF21,Gamboula,CF212,Basse-Boumnï,CF2121,7130.7392,nangoko,nangoko _ Gamboula
324, Ndele,"20.6479989999999,8.411999",Bamingui-Bangoran,CF51,Ndele,CF511,Dar El Kouti,CF5111,9694.506056,ndele,ndele _ Ndele
325, Ndia,"18.54149,4.292519",Ombella M'Poko,CF11,Bimbo,CF111,Bimbo,CF1111,453.34166,ndia,ndia _ Bimbo
326, Ndiba,"19.68624,6.657368",Nana-Gribizi,CF42,Mbres,CF422,Mbrï¿,CF4221,1367.663486,ndiba,ndiba _ Mbres
327, Ndimba 1,"18.45618,7.47513",Ouham,CF32,Kabo,CF327,Ouaki,CF3272,386.579224,ndimba1,ndimba1 _ Kabo
328, Ndjangala,"19.8180979999999,5.754308",Ouaka,CF43,Grimari,CF433,Kobadja,CF4332,1488.541769,ndjangala,ndjangala _ Grimari
329, Ndjo,"17.602892,5.70007",Ombella M'Poko,CF11,Bossembele,CF115,Bossembï¿½,CF1151,2404.711207,ndjo,ndjo _ Bossembele
330, Ngabongo,"15.164505,4.903163",Mambï¿½ï¿½ï¿½,CF21,Amada-Gaza,CF214,Haute-Boumbï,CF2141,773.552255,ngabongo,ngabongo _ Amada-Gaza
331, Ngaboua,"16.458485,4.848818",Mambï¿½ï¿½ï¿½,CF21,Gadzi,CF217,Topia,CF2171,2613.792231,ngaboua,ngaboua _ Gadzi
332, Ngalia,"21.7633,4.610944",Basse-Kotto,CF61,Kembe,CF613,Kembï,CF6131,583.601887,ngalia,ngalia _ Kembe
333, Ngamongo,"14.909646,5.823615",Nana-Mambï¿½,CF22,Baboua,CF223,Baboua,CF2231,534.869072,ngamongo,ngamongo _ Baboua
334, Ngandio,"15.5426319999999,3.995325",Mambï¿½ï¿½ï¿½,CF21,Sosso-Nakombo,CF215,Basse-Kadï¿,CF2151,1265.17032,ngandio,ngandio _ Sosso-Nakombo
335, Ngapo,"20.9020459999999,4.729721",Basse-Kotto,CF61,Zangba,CF615,Yabongo,CF6152,320.749513,ngapo,ngapo _ Zangba
336, Ngbaboko,"16.1690119999999,4.660785",Mambï¿½ï¿½ï¿½,CF21,Carnot,CF213,Carnot,CF2131,1070.78125,ngbaboko,ngbaboko _ Carnot
337, Ngbafio 1,"15.4112849999999,5.310668",Nana-Mambï¿½,CF22,Abba,CF224,Abba,CF2241,270.183515,ngbafio1,ngbafio1 _ Abba
338, Ngbanda,"23.094334,4.829665",Mbomou,CF62,Bangassou,CF621,Zangandou,CF6214,324.576345,ngbanda,ngbanda _ Bangassou
339, Ngbando 1,"21.7311079999999,4.342946",Basse-Kotto,CF61,Satema,CF616,Kotto-Oubangui,CF6161,822.08903,ngbando1,ngbando1 _ Satema
341, Ngonza,"23.9209059999999,4.988969",Mbomou,CF62,Rafai,CF624,Rafai,CF6241,1449.583294,ngonza,ngonza _ Rafai
342, Ngopama,"18.506022,3.698151",Lobaye,CF12,Mongoumba,CF122,Mongoumba,CF1221,459.640585,ngopama,ngopama _ Mongoumba
343, Ngotto,"17.33612,4.033818",Lobaye,CF12,Boda,CF123,Lobaye,CF1232,6205.8423,ngotto,ngotto _ Boda
344, Ngoubondo,"21.615862,6.431375",Ouaka,CF43,Ippy,CF435,Yï¿½ï¿,CF4352,782.775631,ngoubondo,ngoubondo _ Ippy
345, Ngoudongo 1,"19.1315999999999,6.080344",Kï¿½,CF41,Dekoa,CF412,Guiffa,CF4123,552.857998,ngoudongo1,ngoudongo1 _ Dekoa
346, Ngouka,"18.6543439999999,4.831962",Ombella M'Poko,CF11,Damara,CF112,Damara,CF1121,289.231899,ngouka,ngouka _ Damara
347, Ngoumbeti,"18.5042,4.431416",Ombella M'Poko,CF11,Bimbo,CF111,Bimbo,CF1111,5279.421865,ngoumbeti,ngoumbeti _ Bimbo
349, Ngourkaba 1,"19.4776619999999,6.135276",Kï¿½,CF41,Mala,CF413,Mala,CF4131,1188.144685,ngourkaba1,ngourkaba1 _ Mala
350, Niango 2,"20.1822839999999,7.574745",Bamingui-Bangoran,CF51,Bamingui,CF512,Vassako,CF5121,1698.472556,niango2,niango2 _ Bamingui
352, Nzembe,"15.4399979999999,3.923608",Mambï¿½ï¿½ï¿½,CF21,Sosso-Nakombo,CF215,Basse-Kadï¿,CF2151,405.94456,nzembe,nzembe _ Sosso-Nakombo
353, Nzerewere,"15.648087,7.016757",Ouham Pendï,CF31,Bocaranga,CF312,Bocaranga,CF3121,4170.690923,nzerewere,nzerewere _ Bocaranga
354, Ouande-Linguiri,"19.9303959999999,6.985596",Nana-Gribizi,CF42,Mbres,CF422,Mbrï¿,CF4221,528.735884,ouande-linguiri,ouande-linguiri _ Mbres
355, Ouatta,"16.123335,3.982216",Mambï¿½ï¿½ï¿½,CF21,Berberati,CF211,Basse-Mambï¿½,CF2114,670.674695,ouatta,ouatta _ Berberati
356, Ouhi,"20.702,8.401754",Bamingui-Bangoran,CF51,Ndele,CF511,Dar El Kouti,CF5111,709.016761,ouhi,ouhi _ Ndele
357, Pate-Mamadou,"15.6156159999999,5.728469",Nana-Mambï¿½,CF22,Bouar,CF221,Zotoua-Bangarem,CF2214,766.955723,pate-mamadou,pate-mamadou _ Bouar
358, Poubati,"16.390008,7.168088",Ouham Pendï,CF31,Paoua,CF314,Banh,CF3148,1999.80714,poubati,poubati _ Paoua
359, Poutem,"17.3087899999999,4.041141",Lobaye,CF12,Boda,CF123,Lobaye,CF1232,943.483233,poutem,poutem _ Boda
362, Sambora,"23.6676779999999,4.956424",Mbomou,CF62,Rafai,CF624,Rafai,CF6241,1865.339738,sambora,sambora _ Rafai
363, Sanda Boguera,"15.456402,5.236147",Nana-Mambï¿½,CF22,Abba,CF224,Nadziboro,CF2242,306.849421,sandaboguera,sandaboguera _ Abba
364, Sanyele,"17.229322,4.577997",Lobaye,CF12,Boganda,CF125,Boganda,CF1251,339.084817,sanyele,sanyele _ Boganda
365, Sosso-Nakombo,"15.496017,3.909855",Mambï¿½ï¿½ï¿½,CF21,Sosso-Nakombo,CF215,Basse-Kadï¿,CF2151,4252.378021,sosso-nakombo,sosso-nakombo _ Sosso-Nakombo
367, Takamala,"22.4597279999999,10.234144",Vakaga,CF53,Birao,CF531,Ridina,CF5311,494.559341,takamala,takamala _ Birao
368, Tedoa,"16.4906879999999,5.551529",Nana-Mambï¿½,CF22,Baoro,CF222,Bawi Tï¿½ï,CF2221,1941.502591,tedoa,tedoa _ Baoro
369, Tilo,"19.227944,6.297644",Kï¿½,CF41,Dekoa,CF412,Tilo,CF4122,1230.857632,tilo,tilo _ Dekoa
377, Unknown 39,"15.092917,5.1425",Nana-Mambï¿½,CF22,Abba,CF224,Abba,CF2241,266.080328,unknown39,unknown39 _ Abba
378, Unknown 50,"14.557016,6.005471",Nana-Mambï¿½,CF22,Baboua,CF223,Koundï,CF2234,1101.097409,unknown50,unknown50 _ Baboua
382, Unknown 87,"20.60572,8.368039",Bamingui-Bangoran,CF51,Bamingui,CF512,Vassako,CF5121,724.323605,unknown87,unknown87 _ Bamingui
383, Wambilo,"15.530004,3.975056",Mambï¿½ï¿½ï¿½,CF21,Sosso-Nakombo,CF215,Basse-Kadï¿,CF2151,1499.46112,wambilo,wambilo _ Sosso-Nakombo
385, Yaloke,"17.092409,5.320378",Ombella M'Poko,CF11,Yaloke,CF116,Yalokï,CF1161,10504.45244,yaloke,yaloke _ Yaloke
387, Yatigaza,"20.3371439999999,5.450146",Ouaka,CF43,Bambari,CF431,Pladama-Ouaka,CF4314,426.556217,yatigaza,yatigaza _ Bambari
388, Yomba,"19.425018,6.181956",Kï¿½,CF41,Mala,CF413,Mala,CF4131,754.117,yomba,yomba _ Mala
389, Yoro Gbaya,"15.81811,5.261489",Nana-Mambï¿½,CF22,Baoro,CF222,Yoro-Samba Bougoulou,CF2222,2800.779002,yorogbaya,yorogbaya _ Baoro
390, Youngofongo 1,"22.983996,4.841015",Mbomou,CF62,Bangassou,CF621,Zangandou,CF6214,980.634914,youngofongo1,youngofongo1 _ Bangassou
391, Zacka,"17.127126,4.942238",Lobaye,CF12,Boganangone,CF124,Boganangone,CF1241,710.665992,zacka,zacka _ Boganangone
393, Zila,"18.4960659999999,4.308145",Ombella M'Poko,CF11,Bimbo,CF111,Bimbo,CF1111,1222.300932,zila,zila _ Bimbo
394, Zombere,"16.417864,6.27376",Ouham Pendï,CF31,Bossemtele,CF316,Binon,CF3161,611.856261,zombere,zombere _ Bossemtele
395,BABALA,"22.2621299999999,4.650412",Mbomou,CF62,Gambo,CF623,Gambo,CF6231,2924.054112,babala,babala _ Gambo
396,BAKABA,"19.03517,7.106127",Nana-Gribizi,CF42,Kaga-Bandoro,CF421,Nana-Outa,CF4213,2413.840476,bakaba,bakaba _ Kaga-Bandoro
397,BALLA,"16.638007,5.678798",Ouham Pendï,CF31,Bossemtele,CF316,Binon,CF3161,7642.451388,balla,balla _ Bossemtele
398,BALOUBA,"20.1717559999999,7.472274",Bamingui-Bangoran,CF51,Bamingui,CF512,Vassako,CF5121,703.517876,balouba,balouba _ Bamingui
399,BATAYANGA,"15.4510609999999,6.936927",Ouham Pendï,CF31,Koui,CF313,Koui,CF3131,6771.772143,batayanga,batayanga _ Koui
400,BEBOUZAWE 1,"16.45409,7.368527",Ouham Pendï,CF31,Paoua,CF314,Bah-Bessar,CF3143,2210.893961,bebouzawe1,bebouzawe1 _ Paoua
401,BEMAIDE CITY,"16.5023559999999,7.501965",Ouham Pendï,CF31,Paoua,CF314,Bah-Bessar,CF3143,2346.752555,bemaidecity,bemaidecity _ Paoua
402,BOBORO,"15.658675,6.940241",Ouham Pendï,CF31,Bocaranga,CF312,Bocaranga,CF3121,1959.204946,boboro,boboro _ Bocaranga2
403,BOKONE,"16.384239,6.318983",Ouham Pendï,CF31,Bozoum,CF311,Bozoum,CF3111,24291.03719,bokone,bokone _ Bozoum
405,BOTOKON,"19.014358,6.944847",Nana-Gribizi,CF42,Kaga-Bandoro,CF421,Botto,CF4212,2087.025781,botokon,botokon _ Kaga-Bandoro
406,ECOLE MIXTE 1,"15.637078,6.985692",Ouham Pendï,CF31,Bocaranga,CF312,Bocaranga,CF3121,498,ecolemixte1,ecolemixte1 _ Bocaranga
407,GBADOU,"21.991405,6.537415",Haute-Kotto,CF52,Bria,CF521,Samba-Boungou,CF5211,34236.14344,gbadou,gbadou _ Bria
408,GBANENGUE 2,"16.391576,6.233304",Ouham Pendï,CF31,Bossemtele,CF316,Binon,CF3161,1364.501107,gbanengue2,gbanengue2 _ Bossemtele
409,KAIDOMON,"15.634471,6.997848",Ouham Pendï,CF31,Bocaranga,CF312,Bocaranga,CF3121,480,kaidomon,kaidomon _ Bocaranga
410,Kitessa,"25.363332,5.360081",Haut-Mbomou,CF63,Zemio,CF633,Zï¿½ï,CF6331,2040.883175,kitessa,kitessa _ Zemio
411,KOUMBOLI,"25.1698519999999,5.065872",Haut-Mbomou,CF63,Zemio,CF633,Zï¿½ï,CF6331,2607.555,koumboli,koumboli _ Zemio
412,LA SIM,"21.991405,6.537415",Haute-Kotto,CF52,Bria,CF521,Samba-Boungou,CF5211,28636.14344,lasim,lasim _ Bria
413,LAMORDE,"15.448154,6.937674",Ouham Pendï,CF31,Koui,CF313,Koui,CF3131,1785,lamorde,lamorde _ Koui
414,MANDE 3,"21.991405,6.537415",Haute-Kotto,CF52,Bria,CF521,Samba-Boungou,CF5211,26529.14344,mande3,mande3 _ Bria
415,MBAMBALE,"22.4513579999999,4.375263",Mbomou,CF62,Ouango,CF622,Ouango,CF6221,1201.052952,mbambale,mbambale _ Ouango
416,MBENGOU,"20.153274,7.310695",Bamingui-Bangoran,CF51,Bamingui,CF512,Vassako,CF5121,780.100264,mbengou,mbengou _ Bamingui
417,NDOGBA,"22.436094,4.280663",Mbomou,CF62,Ouango,CF622,Ouango,CF6221,2161.374341,ndogba,ndogba _ Ouango
418,NDOMENDE 1,"21.991405,6.537415",Haute-Kotto,CF52,Bria,CF521,Samba-Boungou,CF5211,26678.14344,ndomende1,ndomende1 _ Bria
419,NGUEREFARA,"22.786318,5.693716",Mbomou,CF62,Bakouma,CF625,Bakouma,CF6251,6761.880928,nguerefara,nguerefara _ Bakouma
420,Obo,"26.4946389999999,5.403851",Haut-Mbomou,CF63,Obo,CF631,Obo,CF6311,5743.848245,obo,obo _ Obo
421,MBILAGBI,"15.4431449999999,6.936879",Ouham Pendï,CF31,Koui,CF313,Koui,CF3131,525,mbilagbi,mbilagbi _ Koui
423,Zemio,"25.1294229999999,5.024257",Haut-Mbomou,CF63,Zemio,CF633,Zï¿½ï,CF6331,8309.277075,zemio,zemio _ Zemio
424,ZIME,"22.82966,5.690336",Mbomou,CF62,Bakouma,CF625,Bakouma,CF6251,1172.313321,zime,zime _ Bakouma
425,BORNOU 1,"21.991405,6.537415",Haute-Kotto,CF52,Bria,CF521,Samba-Boungou,,33493.14344,bornou1,bornou1 _ Bria
426,AMAMEU,"21.991405,6.537415",Haute-Kotto,CF52,Bria,CF521,Samba-Boungou,,30249.14344,amameu,amameu _ Bria
427,GALABADJA,"21.991405,6.537415",Haute-Kotto,CF52,Bria,CF521,Samba-Boungou,,28807.14344,galabadja,galabadja _ Bria
429,GOBOLO 2,"21.991405,6.537415",Haute-Kotto,CF52,Bria,CF521,Samba-Boungou,,27682.14344,gobolo2,gobolo2 _ Bria
433,BETIBOINDA 1,"16.5513119999999,7.252069",Ouham Pendï,CF31,Paoua,CF314,Paoua,,450.120393,betiboinda1,betiboinda1 _ Paoua
434,BEBOY 1,"16.458019,7.372372",Ouham Pendï,CF31,Paoua,CF314,Bah-Bessar,,1693.728956,beboy1,beboy1 _ Paoua
435,BARYA (GANG NDA),"16.7705939999999,7.23492",Ouham Pendï,CF31,Paoua,CF314,Nana-Barya,,361.942703,barya(gangnda),barya(gangnda) _ Paoua
437,FAH-VILLAGE,"18.981756,6.925971",Nana-Gribizi,CF42,Kaga-Bandoro,CF421,Botto,,784,fah-village,fah-village _ Kaga-Bandoro
440,PATCHO 1,"19.001816,7.129495",Nana-Gribizi,CF42,Kaga-Bandoro,CF421,Nana-Outa,,1732.537424,patcho1,patcho1 _ Kaga-Bandoro
441,BOUBOU 1,"19.232758,7.015726",Nana-Gribizi,CF42,Kaga-Bandoro,CF421,Grivai-Pamia,,896.354498,boubou1,boubou1 _ Kaga-Bandoro
442,GREVAI 2,"19.443158,7.060761",Nana-Gribizi,CF42,Kaga-Bandoro,CF421,Grivai-Pamia,,2917.10244,grevai2,grevai2 _ Kaga-Bandoro
443,KABA,"19.3842399999999,7.031841",Nana-Gribizi,CF42,Kaga-Bandoro,CF421,Grivai-Pamia,,2060.925413,kaba,kaba _ Kaga-Bandoro
444,ZINDI,"19.409756,7.060455",Nana-Gribizi,CF42,Kaga-Bandoro,CF421,Grivai-Pamia,,857.633278,zindi,zindi _ Kaga-Bandoro
445,KANGA,"19.4807419999999,6.683507",Nana-Gribizi,CF42,Kaga-Bandoro,CF421,Ndenga,,2059.174893,kanga,kanga _ Kaga-Bandoro
446,MENGUE BOKENGUE,"19.191748,6.910103",Nana-Gribizi,CF42,Kaga-Bandoro,CF421,Ndenga,,6308.470106,menguebokengue,menguebokengue _ Kaga-Bandoro
447,LEMANA 2,"20.6906779999999,8.448537",Bamingui-Bangoran,CF51,Ndele,CF511,Dar El Kouti,,941.566144,lemana2,lemana2 _ Ndele
448,SOKOUMBA,"20.669114,8.720995",Bamingui-Bangoran,CF51,Ndele,CF511,Dar El Kouti,,273.474885,sokoumba,sokoumba _ Ndele
449,ZOUKOUTOUNIALA 2,"20.612234,8.555723",Bamingui-Bangoran,CF51,Ndele,CF511,Dar El Kouti,,611.931462,zoukoutouniala2,zoukoutouniala2 _ Ndele
450,BANDOU 2,"21.2501439999999,4.448074",Basse-Kotto,CF61,Mobaye,CF611,Mbï¿½ï,,2598.935736,bandou2,bandou2 _ Mobaye
451,GBAMA 1,"21.217642,4.421153",Basse-Kotto,CF61,Mobaye,CF611,Mbï¿½ï,,1807.986015,gbama1,gbama1 _ Mobaye
452,KANDJA,"21.25911,4.437247",Basse-Kotto,CF61,Mobaye,CF611,Mbï¿½ï,,536.945559,kandja,kandja _ Mobaye
453,OYE 1,"21.2113419999999,4.394179",Basse-Kotto,CF61,Mobaye,CF611,Mbï¿½ï,,2187.343295,oye1,oye1 _ Mobaye
454,ZARAWA,"21.3112819999999,4.857598",Basse-Kotto,CF61,Alindao,CF612,Bakou,,2780.56685,zarawa,zarawa _ Alindao
455,YENZIA,"22.4249019999999,4.3931",Mbomou,CF62,Ouango,CF622,Ouango,,1191.63046,yenzia,yenzia _ Ouango
456,YOLOUNGOU,"22.60163,4.483679",Mbomou,CF62,Ouango,CF622,Ouango,,937.268437,yoloungou,yoloungou _ Ouango
457,BAGUINI,"22.3198359999999,4.647294",Mbomou,CF62,Gambo,CF623,Gambo,,207.695605,baguini,baguini _ Gambo
458,BAO,"22.359788,4.43599",Mbomou,CF62,Gambo,CF623,Gambo,,1202.366022,bao,bao _ Gambo
459,MBANGO,"22.2604979999999,4.663726",Mbomou,CF62,Gambo,CF623,Gambo,,1006.780278,mbango,mbango _ Gambo
460,MBRINGA,"22.25102,4.666756",Mbomou,CF62,Gambo,CF623,Gambo,,615.686495,mbringa,mbringa _ Gambo
461,SOCADA,"22.266444,4.654235",Mbomou,CF62,Gambo,CF623,Gambo,,493,socada,socada _ Gambo
462,PASSIKI,"22.7937639999999,5.686553",Mbomou,CF62,Bakouma,CF625,Bakouma,,429.201654,passiki,passiki _ Bakouma
463,KARE-BEE 2,"16.377882,6.312513",Ouham Pendï,CF31,Bozoum,CF311,Bozoum,,968.6142,kare-bee2,kare-bee2 _ Bozoum
464,KPETENE,"16.353869,6.335287",Ouham Pendï,CF31,Bozoum,CF311,Kouazo,,1091.438177,kpetene,kpetene _ Bozoum
465,MBIKE 2,"15.6588189999999,6.942794",Ouham Pendï,CF31,Bocaranga,CF312,Bocaranga,,265,mbike2,mbike2 _ Bocaranga
466,DJOGUEL,"15.4443769999999,6.934093",Ouham Pendï,CF31,Koui,CF313,Koui,,1562.243286,djoguel,djoguel _ Koui
467,PLATON,"16.429257,7.244836",Ouham Pendï,CF31,Paoua,CF314,Paoua,,80,platon,platon _ Paoua
468,ACADOP,"16.434175,7.245206",Ouham Pendï,CF31,Paoua,CF314,Paoua,,157.706798,acadop,acadop _ Paoua
469,AERODROME,"16.434175,7.245206",Ouham Pendï,CF31,Paoua,CF314,Paoua,,175,aerodrome,aerodrome _ Paoua
471,TALEY,"16.3786549999999,6.674431",Ouham Pendï,CF31,Paoua,CF314,Mom,,3890.583792,taley,taley _ Paoua
472,BEDAYA 1 (NDIMBAYA),"16.501871,7.462962",Ouham Pendï,CF31,Paoua,CF314,Bah-Bessar,,814,bedaya1(ndimbaya),bedaya1(ndimbaya) _ Paoua
473,AWAL 1,"20.68188,5.764254",Ouaka,CF43,Bambari,CF431,Bambari,,39612.51628,awal1,awal1 _ Bambari
474,AWAL 2,"20.680499,5.763568",Ouaka,CF43,Bambari,CF431,Bambari,,1947.380399,awal2,awal2 _ Bambari
475,CTRO,"20.6616089999999,5.760686",Ouaka,CF43,Bambari,CF431,Bambari,,2315.576627,ctro,ctro _ Bambari
476,GBIASSANGO,"20.6654149999999,5.766565",Ouaka,CF43,Bambari,CF431,Bambari,,103.266126,gbiassango,gbiassango _ Bambari
477,WANGAYE 1,"20.6814989999999,5.765261",Ouaka,CF43,Bambari,CF431,Bambari,,168.19125,wangaye1,wangaye1 _ Bambari
478, Carnot,"15.868541,4.939971",Mambï¿½ï¿½ï¿½,CF21,Carnot,CF213,Carnot,,36653.66586,carnot,carnot _ Carnot
479, Bouar,"15.592954,5.931157",Nana-Mambï¿½,CF22,Bouar,CF221,Herman-Brousse,,28378.02371,bouar,bouar _ Bouar
480, Garoua,"15.197208,5.823887",Nana-Mambï¿½,CF22,Bouar,CF221,Bï¿½ï¿½ï,,1549.249896,garoua,garoua _ Bouar
481, Bria,"21.991405,6.537415",Haute-Kotto,CF52,Bria,CF521,Samba-Boungou,,25832.14344,bria,bria _ Bria
483,GOZAMAR,"20.625,8.423889",Bamingui-Bangoran,,Ndele,,Dar-El-Kouti,,302,gozamar,gozamar _ Ndele
485,KONGO 2,"21.214987,5.042049",Basse-Kotto,,Alindao,,Alindao,,4175,kongo2,kongo2 _ Alindao
486,MISSION CATHOLIQUE,"21.214987,5.042049",Basse-Kotto,,Alindao,,Alindao,,25645,missioncatholique,missioncatholique _ Alindao
488,Site Elim,"21.214987,5.042049",Basse-kotto,,Alindao,,Alindao,,2627,siteelim,siteelim _ Alindao
490,VOUNDJA DJOGO,"21.214987,5.042049",Basse-Kotto,,Alindao,,Alindao,,1700,voundjadjogo,voundjadjogo _ Alindao
491,ANGAZEU (KONGBO),"21.36464,4.772754",Basse-Kotto,,Alindao,,Bakou,,6840,angazeu(kongbo),angazeu(kongbo) _ Alindao
493,Eglise Catholique,"21.991405,6.537415",Haute-Kotto,,Bria,,Bria,,464,eglisecatholique,eglisecatholique _ Bria
494,Eglise CEBI 1,"21.991405,6.537415",Haute-Kotto,,Bria,,Bria,,215,eglisecebi1,eglisecebi1 _ Bria
495,Eglise CEBI 3,"21.991405,6.537415",Haute-Kotto,,Bria,,Bria,,614,eglisecebi3,eglisecebi3 _ Bria
496,Hopital de Bria,"21.991405,6.537415",Haute-Kotto,,Bria,,Bria,,345,hopitaldebria,hopitaldebria _ Bria
497,PK 3,"21.991405,6.537415",Haute-Kotto,,Bria,,Bria,,50030,pk3,pk3 _ Bria
498,BAMBITO,"26.4946389999999,5.403851",Haut-Mbomou,,Obo,,Obo,,655,bambito,bambito _ Obo
499,Boyo,"26.4946389999999,5.403851",Haut-Mbomou,,Obo,,Obo,,870,boyo,boyo _ Obo
500,Gambo,"26.4946389999999,5.403851",Haut-Mbomou,,Obo,,Obo,,563,gambo,gambo _ Obo
501,Gougbere,"26.4946389999999,5.403851",Haut-Mbomou,,Obo,,Obo,,2205,gougbere,gougbere _ Obo
502,MOTOPI,"26.4946389999999,5.403851",Haut-Mbomou,,Obo,,Obo,,833,motopi,motopi _ Obo
503,NAKPANGA,"26.4946389999999,5.403851",Haut-Mbomou,,Obo,,Obo,,1274,nakpanga,nakpanga _ Obo
504,Nguilinguili,"26.4946389999999,5.403851",Haut-Mbomou,,Obo,,Obo,,455,nguilinguili,nguilinguili _ Obo
505,Gendarmerie,"25.1294229999999,5.024257",Haut-Mbomou,,Zemio,,Zemio,,2161,gendarmerie,gendarmerie _ Zemio
506,ARGUE,"25.1294229999999,5.024257",Haut-Mbomou,,Zemio,,Zï¿½ï,,3821,argue,argue _ Zemio
508,AIM,"23.933396,4.969394",Mbomou,,Rafai,,Rafaï,,1265,aim,aim _ Rafai
509,BINGBA 3,"23.933396,4.969394",Mbomou,,Rafai,,Rafaï,,3466,bingba3,bingba3 _ Rafai
510,SANDOU,"23.933396,4.969394",Mbomou,,Rafai,,Rafaï,,2830,sandou,sandou _ Rafai
512,LAZARE,"19.1915429999999,6.990379",Nana-Gribizi,,Kaga-Bandoro,,Kaga-Bandoro,,7795,lazare,lazare _ Kaga-Bandoro
513,MBELLA,"19.1915429999999,6.990379",Nana-Gribizi,,Kaga-Bandoro,,Kaga-Bandoro,,1012,mbella,mbella _ Kaga-Bandoro
514,Minusca,"19.1915429999999,6.990379",Nana-Gribizi,,Kaga-Bandoro,,Kaga-Bandoro,,12621,minusca,minusca _ Kaga-Bandoro
515,CAMP ELEVAGE,"20.654183,5.764845",Ouaka,,Bambari,,Bambari,,9009,campelevage,campelevage _ Bambari
517,KIDJIGRA 1,"20.654183,5.764845",Ouaka,,Bambari,,Bambari,,2948,kidjigra1,kidjigra1 _ Bambari
518,MINUSCA PK 8,"20.654183,5.764845",Ouaka,,Bambari,,Bambari,,2009,minuscapk8,minuscapk8 _ Bambari
519,Site alternatif (Misca),"20.654183,5.764845",Ouaka,,Bambari,,Bambari,,3784,sitealternatif(misca),sitealternatif(misca) _ Bambari
520,MALOUM 1,"21.162894,5.933953",Ouaka,,Bambari,,Danga-Gboudou,,8330,maloum1,maloum1 _ Bambari
521,AVIATION,"20.657,5.803",Ouaka,,Bambari,,Pladama-Ouaka,,4957,aviation,aviation _ Bambari
522,NGALINGOU,"20.632612,5.815401",Ouaka,,Bambari,,Pladama-Ouaka,,2477,ngalingou,ngalingou _ Bambari
526,Maison des jeunes,"18.285135,7.300987",Ouham,,Batangafo,,Batangafo,,3658,maisondesjeunes,maisondesjeunes _ Batangafo
527,Zibo Bagga,"18.285135,7.300987",Ouham,,Batangafo,,Batangafo,,2002,zibobagga,zibobagga _ Batangafo
529,Ndoubou,"18.3209,7.3141",Ouham,,Batangafo,,Ouassi,,174,ndoubou,ndoubou _ Batangafo
530,Kawa,"18.478824,6.807425",Ouham,,Bouca,, Bouca Maraze,,250,kawa,kawa _ Bouca
531,Gbakaya,"18.308738,6.874992",Ouham,,Bouca,,Lady Gbawi,,1265,gbakaya,gbakaya _ Bouca
532,Lady B,"18.347196,7.036628",Ouham,,Bouca,,Lady Gbawi,,303,ladyb,ladyb _ Bouca
533,Farazala B,"18.74324,7.38043",Ouham,,Kabo,,Kabo,,21,farazalab,farazalab _ Kabo
534,site C (cite de la paix),"18.626926,7.695467",Ouham,,Kabo,,Sido,,2640,sitec(citedelapaix),sitec(citedelapaix) _ Kabo
535, Niango 1,"20.189118,7.584989",Bamingui-Bangoran,CF51,Bamingui,CF512,Vassako,CF5121,595.340896,niango1,niango1 _ Bamingui
538, Batali,"17.2319339999999,4.176354",Lobaye,CF12,Boda,CF123,Lobaye,CF1232,666.945044,batali,batali _ Boda
539, Samandoro,"17.400528,4.284795",Lobaye,CF12,Boda,CF123,Lobaye,CF1232,618.144187,samandoro,samandoro _ Boda
540, Unknown 20,"17.518611,4.318194",Lobaye,CF12,Boda,CF123,Lobaye,CF1232,333.472522,unknown20,unknown20 _ Boda
541, Bekagbassem,"17.1223199999999,4.99837",Lobaye,CF12,Boganangone,CF124,Boganangone,CF1241,365.485368,bekagbassem,bekagbassem _ Boganangone
542, Belou 2,"18.0808539999999,3.792038",Lobaye,CF12,Mbaiki,CF121,Mbata,CF1212,422.811693,belou2,belou2 _ Mbaiki
543, Boumou,"18.2731579999999,4.262177",Lobaye,CF12,Mbaiki,CF121,Pissa,CF1213,548.510078,boumou,boumou _ Mbaiki
546, Degbe-Maina,"16.014899,4.966469",Mambï¿½ï¿½ï¿½,CF21,Carnot,CF213,Carnot,CF2131,274.559295,degbe-maina,degbe-maina _ Carnot
551, Madigui,"22.84198,5.681352",Mbomou,CF62,Bakouma,CF625,Bakouma,CF6251,806.519111,madigui,madigui _ Bakouma
552, Bozou,"19.865676,6.824671",Nana-Gribizi,CF42,Mbres,CF422,Mbrï¿,CF4221,324.291342,bozou,bozou _ Mbres
554, Sebokele 3,"18.382694,4.1794",Ombella M'Poko,CF11,Bimbo,CF111,Bimbo,CF1111,384.479636,sebokele3,sebokele3 _ Bimbo
555, Didango,"18.0046,4.714381",Ombella M'Poko,CF11,Boali,CF114,Boali,CF1141,262.070062,didango,didango _ Boali
556, Bogbaloko,"17.696224,5.23129",Ombella M'Poko,CF11,Bossembele,CF115,Bossembï¿½,CF1151,444.758499,bogbaloko,bogbaloko _ Bossembele
557, Bondio 2,"17.626652,5.439089",Ombella M'Poko,CF11,Bossembele,CF115,Bossembï¿½,CF1151,324.146025,bondio2,bondio2 _ Bossembele
558, Bossogbien 1,"17.610596,5.647876",Ombella M'Poko,CF11,Bossembele,CF115,Bossembï¿½,CF1151,346.760864,bossogbien1,bossogbien1 _ Bossembele
559, Bongbara,"16.988772,5.381371",Ombella M'Poko,CF11,Yaloke,CF116,Guï¿½ï¿,CF1162,524.942781,bongbara,bongbara _ Yaloke
560, Mindoukota,"20.007204,5.753002",Ouaka,CF43,Grimari,CF433,Grimari,CF4331,250.02722,mindoukota,mindoukota _ Grimari
561, Domo,"21.1471139999999,6.155616",Ouaka,CF43,Ippy,CF435,Baidou-Ngoumbourou,CF4353,331.808263,domo,domo _ Ippy
563, Bodigui,"17.2088539999999,6.458617",Ouham,CF32,Bossangoa,CF321,Ouham Bac,CF3215,318.993503,bodigui,bodigui _ Bossangoa
564, Koya,"15.7284869999999,6.878783",Ouham Pendï,CF31,Bocaranga,CF312,Pï¿½ï,CF3123,280.970222,koya,koya _ Bocaranga
565,NZAPA A HON YORO,"15.6589329999999,6.939271",Ouham Pendï,CF31,Bocaranga,CF312,Bocaranga,CF3121,167.18758,nzapaahonyoro,nzapaahonyoro _ Bocaranga
566,GBANDENGUE,"16.381675,6.233071",Ouham Pendï,CF31,Bossemtele,CF316,Binon,CF3161,173.505874,gbandengue,gbandengue _ Bossemtele
567, Hay,"16.234044,6.323566",Ouham Pendï,CF31,Bozoum,CF311,Danayï¿½,CF3115,258.45444,hay,hay _ Bozoum
568, Unknown 58,"16.4093009999999,6.370958",Ouham Pendï,CF31,Bozoum,CF311,Dan-Gbabiri,CF3112,663.414063,unknown58,unknown58 _ Bozoum
569,MID-MISSION,"16.3715009999999,6.317324",Ouham Pendï,CF31,Bozoum,CF311,Bozoum,CF3111,585,mid-mission,mid-mission _ Bozoum
570,TABALE,"16.383807,6.307287",Ouham Pendï,CF31,Bozoum,CF311,Bozoum,CF3111,57.350587,tabale,tabale _ Bozoum
571,ZAZA,"16.3841949999999,6.313351",Ouham Pendï,CF31,Bozoum,CF311,Bozoum,CF3111,163,zaza,zaza _ Bozoum
572, Arabe,"17.4402019999999,6.078201",Ouham,CF32,Bossangoa,CF321,Koro-M'poko,CF3213,801.341188,arabe,arabe _ Bossangoa
573, Bedobo,"16.9585919999999,6.844022",Ouham,CF32,Bossangoa,CF321,Ndoro Mboli,CF3216,1029.776342,bedobo,bedobo _ Bossangoa
575, Gbehinni,"16.7978659999999,6.717327",Ouham,CF32,Bossangoa,CF321,Ndoro Mboli,CF3216,1106.07748,gbehinni,gbehinni _ Bossangoa
576, Gbele Kota,"17.4423379999999,6.18976",Ouham,CF32,Bossangoa,CF321,Koro-M'poko,CF3213,301.256086,gbelekota,gbelekota _ Bossangoa
577, Gpt Gbakora,"17.589022,6.853605",Ouham,CF32,Bossangoa,CF321,Ben Zambï,CF3214,1023.394116,gptgbakora,gptgbakora _ Bossangoa
422, Beya,"18.479614,6.509642",Ouham,CF32,Bouca,CF325,Bouca Bobo,CF3251,543.7840879,beya,beya _ Bouca
4601, Birao,"22.793377,10.273031",Vakaga,CF53,Birao,CF531,Ridina,CF5311,1461.574813,birao,birao _ Birao
1848, Tagnagna,"22.469703,10.263588",Vakaga,CF53,Birao,CF531,Ridina,CF5311,256.9498253,tagnagna,tagnagna _ Birao
1599, Mobaye,"21.17619,4.3204",Basse-Kotto,CF61,Mobaye,CF611,Mobaye,CF6111,9170.921098,mobaye,mobaye _ Mobaye
1302, Kaga-Bandoro,"19.191543,6.990379",Nana-Gribizi,CF42,Kaga-Bandoro,CF421,Kaga-Bandoro,CF4211,15288.09035,kaga-bandoro,kaga-bandoro _ Kaga-Bandoro
2368,POPULAIRE 1,"15.4461705,6.9365351",Ouham Pendï¿,CF31,Koui,CF313,Koui,CF3131,1210,populaire1,populaire1 _ Koui
736, Bondo,"22.728686,4.742001",Mbomou,CF62,Bangassou,CF621,Sayo Niakari,CF6212,1165.606379,bondo,bondo _ Bangassou
1798, Rafaï¿,"23.928373,4.970849",Mbomou,CF62,Rafai,CF624,Rafai,CF6241,4670.879503,rafai,rafai _ Rafai
1459, La Bamba,"19.148594,5.352076",Kï¿½ï,CF41,Ndjoukou,CF414,Galafondo,CF4141,701.8116238,labamba,labamba _ Ndjoukou
1337, Kassia,"19.169922,5.232269",Kï¿½ï,CF41,Ndjoukou,CF414,Galafondo,CF4141,572.7428194,kassia,kassia _ Ndjoukou
1113, Gbading,"15.241263,5.403474",Nana-Mambï¿½ï¿,CF22,Abba,CF224,Abba,CF2241,953.4545094,gbading,gbading _ Abba
905, Camp-Coupeurs,"20.713128,5.318977",Ouaka,CF43,Kouango,CF434,Cochio-Toulou,CF4343,307.9284201,camp-coupeurs,camp-coupeurs _ Kouango
584, Bogaza,"17.137822,7.024826",Ouham,CF32,Nangha Boguila,CF324,Nangha Boguila,CF3241,737.96901,bogaza,bogaza _ Nangha-Boguila
1121, Gbago,"18.64224,4.794346",Ombella M'Poko,CF11,Damara,CF112,Damara,CF1121,2089.319901,gbago,gbago _ Damara
1718, Ngoubi,"21.85379,6.526124",Haute-Kotto,CF52,Bria,CF521,Samba-Boungou,CF5211,1014.268209,ngoubi,ngoubi _ Bria
631, Ayerokpo,"22.007214,6.600572",Haute-Kotto,CF52,Bria,CF521,Samba-Boungou,CF5211,1210.782674,ayerokpo,ayerokpo _ Bria
1421, Balanga,"22.142564,6.520598",Haute-Kotto,CF52,Bria,CF521,Daba Nydou,CF5212,391.5674152,balanga,balanga _ Bria
1471, Lego,"22.868906,5.680234",Mbomou,CF62,Bakouma,CF625,Bakouma,CF6251,565.6835434,lego,lego _ Bakouma
4731, Boali,"18.001717,4.87725",Ombella M'Poko,CF11,Boali,CF114,Boali,CF1141,5252.795584,boali,boali _ Boali
1781, Pate,"15.906039,5.599073",Nana-Mambï¿½ï¿,CF22,Baoro,CF222,Yoro-Samba Bougoulou,CF2222,380.7705592,pate,pate _ Baoro
751, Bongombe,"18.125926,4.045127",Lobaye,CF12,Mbaï¿½ï,CF121,Pissa,CF1213,869.5891474,bongombe,bongombe _ Mbaiki
1787, Pissa,"18.20238,4.052978",Lobaye,CF12,Mbaï¿½ï,CF121,Pissa,CF1213,5418.209303,pissa,pissa _ Mbaiki
1191, Gbouma,"20.97865,4.44742",Basse-Kotto,CF61,Zangba,CF615,Ouambï¿,CF6151,1544.581033,gbouma,gbouma _ Zangba
2771, Batangafo,"18.285135,7.300987",Ouham,CF32,Batangafo,CF326,Batangafo,CF3261,18498.50665,batangafo,batangafo _ Batangafo
1164, Gbazara,"18.436268,7.459128",Ouham,CF32,Batangafo,CF326,Ouassi,CF3264,1384.915555,gbazara,gbazara _ Batangafo
808, Botongo,"18.378562,7.323491",Ouham,CF32,Batangafo,CF326,Ouassi,CF3264,432.786111,botongo,botongo _ Batangafo
587, Bogbafio,"18.348344,7.096869",Ouham,CF32,Batangafo,CF326,Ouassi,CF3264,442.4035802,bogbafio,bogbafio _ Batangafo
686, Bolhom 1,"18.322452,7.209886",Ouham,CF32,Batangafo,CF326,Ouassi,CF3264,490.4909258,bolhom1,bolhom1 _ Batangafo
1067, Gaga,"16.98192,5.491056",Ombella M'Poko,CF11,Yalokï¿,CF116,Guï¿½ï¿½ï,CF1162,2937.724207,gaga,gaga _ Yaloke
1707, Ngogbara,"15.823781,4.896845",Mambï¿½ï¿½ï¿½ï¿½ï,CF21,Carnot,CF213,Carnot,CF2131,558.2705662,ngogbara,ngogbara _ Carnot
1084, Ganli,"15.795254,4.854045",Mambï¿½ï¿½ï¿½ï¿½ï,CF21,Carnot,CF213,Carnot,CF2131,503.3587072,ganli,ganli _ Carnot
4241, Beyele,"15.813334,4.727885",Mambï¿½ï¿½ï¿½ï¿½ï,CF21,Carnot,CF213,Carnot,CF2131,411.8389423,beyele,beyele _ Carnot
1251, Bakala,"16.867952,5.193678",Mambï¿½ï¿½ï¿½ï¿½ï,CF21,Gadzi,CF217,Mbali,CF2172,310.5363819,bakala,bakala _ Gadzi
1066, Gadzi,"16.704898,4.779685",Mambï¿½ï¿½ï¿½ï¿½ï,CF21,Gadzi,CF217,Topia,CF2171,2245.925176,gadzi,gadzi _ Gadzi
1274, Guen,"16.618011,4.791853",Mambï¿½ï¿½ï¿½ï¿½ï,CF21,Gadzi,CF217,Topia,CF2171,9738.796239,guen,guen _ Gadzi
1666, Ndinguiri,"16.336991,4.886027",Mambï¿½ï¿½ï¿½ï¿½ï,CF21,Gadzi,CF217,Topia,CF2171,6311.824202,ndinguiri,ndinguiri _ Gadzi
1622, Moussa-Ngoe,"15.245855,4.207054",Mambï¿½ï¿½ï¿½ï¿½ï,CF21,Gamboula,CF212,Basse-Boumnï¿,CF2121,263.6193866,moussa-ngoe,moussa-ngoe _ Gamboula
1029, Doubanga,"15.320423,4.242341",Mambï¿½ï¿½ï¿½ï¿½ï,CF21,Gamboula,CF212,Basse-Boumnï¿,CF2121,501.3937353,doubanga,doubanga _ Gamboula
1627, Nabimon,"15.270685,4.215249",Mambï¿½ï¿½ï¿½ï¿½ï,CF21,Gamboula,CF212,Basse-Boumnï¿,CF2121,403.1825913,nabimon,nabimon _ Gamboula
1997, Yawa,"17.09362,4.351706",Lobaye,CF12,Boganda,CF125,Boganda,CF1251,3297.307529,yawa,yawa _ Boganda
883, Boyo,"17.317474,4.389415",Lobaye,CF12,Boganda,CF125,Boganda,CF1251,344.9311068,boyo,boyo _ Boganda
439, Bidou 1,"21.693528,4.466937",Basse-Kotto,CF61,Kembï¿,CF613,Mboui,CF6132,2834.383313,bidou1,bidou1 _ Kembe
1221, Gouala,"21.715856,4.540071",Basse-Kotto,CF61,Kembï¿,CF613,Mboui,CF6132,444.9677029,gouala,gouala _ Kembe
852, Boungba 1,"21.686666,4.372766",Basse-Kotto,CF61,Satï¿½ï,CF616,Kotto-Oubangui,CF6161,366.8175365,boungba1,boungba1 _ Satema
964, Deou,"21.78275,4.333059",Basse-Kotto,CF61,Satï¿½ï,CF616,Kotto-Oubangui,CF6161,499.7011752,deou,deou _ Satema
2741, Batalimo,"18.459086,3.681567",Lobaye,CF12,Mongoumba,CF122,Mongoumba,CF1221,2857.225257,batalimo,batalimo _ Mongoumba
1346, Keli 1,"17.633552,4.199979",Lobaye,CF12,Boda,CF123,Lobaye,CF1232,2684.047129,keli1,keli1 _ Boda
231,HAOUSSA 2,,Bamingui-Bangoran,,ndele,,,,159,haoussa2,haoussa2 _ ndele
2710,NGADJA,,Bamingui-Bangoran,,ndele,,,,353,ngadja,ngadja _ ndele
785,NGAKOBO,,Ouaka,,bambari,,,,6983,ngakobo,ngakobo _ bambari
5431,GOBONGO 2,,Nana-Gribizi,,kaga-bandoro,,,,325,gobongo2,gobongo2 _ kaga-bandoro
524,BAIPO 1,,Nana-Gribizi,,kaga-bandoro,,,,247,baipo1,baipo1 _ kaga-bandoro
5271,BAKOUTE,,Nana-Gribizi,,kaga-bandoro,,,,460,bakoute,bakoute _ kaga-bandoro
5391,GANAMA,,Nana-Gribizi,,kaga-bandoro,,,,764,ganama,ganama _ kaga-bandoro
5711,YANENDJI,,Nana-Gribizi,,kaga-bandoro,,,,462,yanendji,yanendji _ kaga-bandoro
5681,TYPOYEUR,,Nana-Gribizi,,kaga-bandoro,,,,1910,typoyeur,typoyeur _ kaga-bandoro
958,BENE,,Ouham Pendï,,ngaoundaye,,,,182,bene,bene _ ngaoundaye
807,GOYA,,Ouaka,,kouango,,,,1220,goya,goya _ kouango
809,LINDAO,,Ouaka,,kouango,,,,1016,lindao,lindao _ kouango
2391,BALIGUINI,,Mbomou,,bakouma,,,,104,baliguini,baliguini _ bakouma
12,YAMBALA,,Bamingui-Bangoran,,bamingui,,,,109,yambala,yambala _ bamingui
5341,Haoussa2,,Bamingui_Bangoran,,Ndele,,Dar_El_Kouti,,995.8423573,haoussa2,haoussa2 _ Ndele
5351,Ngadja,,Bamingui_Bangoran,,Ndele,,Dar_El_Kouti,,995.8423573,ngadja,ngadja _ Ndele
536,pk6Babanon,,Ouham,,Bouca,,Fafa_Boungou,,853.8208611,pk6babanon,pk6babanon _ Bouca
537,Ngakobo,,Ouaka,,Bambari,,Cochio_Toulou,,1556.00411,ngakobo,ngakobo _ Bambari
5381,GOBONGO2,,Nana_Gribizi,,Kaga-Bandoro,,Kaga_Bandoro,,1531.663913,gobongo2,gobongo2 _ Kaga-Bandoro
5392,BAIPO1,,Nana_Gribizi,,Kaga-Bandoro,,Kaga_Bandoro,,1531.663913,baipo1,baipo1 _ Kaga-Bandoro
5401,BAKOUTE,,Nana_Gribizi,,Kaga-Bandoro,,Kaga_Bandoro,,1531.663913,bakoute,bakoute _ Kaga-Bandoro
5411,Ganama,,Nana_Gribizi,,Kaga-Bandoro,,Kaga_Bandoro,,1531.663913,ganama,ganama _ Kaga-Bandoro
5421,YANENDJI,,Nana_Gribizi,,Kaga-Bandoro,,Kaga_Bandoro,,1531.663913,yanendji,yanendji _ Kaga-Bandoro
5432,TYPOYEUR,,Nana_Gribizi,,Kaga-Bandoro,,Kaga_Bandoro,,1531.663913,typoyeur,typoyeur _ Kaga-Bandoro
544,Banguï¿½,,Ouaka,,Bakala,,Koudou_Bego,,1352.785973,banguela,banguela _ Bakala
545,Panenga,,Ouaka,,Ippy,,Yengou,,933.1256193,panenga,panenga _ Ippy
5461,pk2Kpabe,,Kemo,,Ndjoukou,,Galafondo,,913.9020474,pk2kpabe,pk2kpabe _ Ndjoukou
547,Ngonikira,,Ouham,,Kabo,,Ouaki,,1218.35649,ngonikira,ngonikira _ Kabo
548,Goya,,Ouaka,,Kouango,,Kouango,,884.3740292,goya,goya _ Kouango
549,Lindao,,Ouaka,,Kouango,,Kouango,,884.3740292,lindao,lindao _ Kouango
550,Boungu,,Haute_Kotto,,Bria,,Samba_Boungou,,14100.5513,boungu,boungu _ Bria
5511,Balinguini,,Mbomou,,Bakouma,,Bakouma,,2115.506859,balinguini,baliguini _ Bakouma
5521,YAMBALLA,,Bamingui_Bangoran,,Bamingui,,Vassako,,1002.728746,yamballa,yambala _ Bamingui
553,Dujardin,,Lobaye,,Mbaiki,,Mbata,,1465.702274,dujardin,dujardin _ Mbaiki
5541,Gbadene,,Ouham,,Batangafo,,Ouassi,,1068.924541,gbadene,gbadene _ Batangafo
5551,KPOKOLITA,,Mambere_Kadei,,Carnot,,Carnot,,1955.806564,kpokolita,kpokolita _ Carnot
5561,MEYE,,Mambere_Kadei,,Carnot,,Carnot,,1955.806564,meye,meye _ Carnot
5571,Bambio,,Sangha_Mbaere,,Bambio,,Mbaere,,1555.302432,bambio,bambio _ Bambio
5581,Satema,,Basse_Kotto,,Satema,,Kotto_Oubangui,,754.770583,satema,satema _ Satema
315, Mbres,"19.799937,6.667027",Nana-Gribizi,CF42,Mbres,CF422,Mbres,CF4221,6189.734745,mbres,mbres _ Mbres
